year;season;jp_title;img;Japanese;Episodes;Starting;Ending;Producers;Studios;Source;Age Rating;Rating Score;Rating Score Num;Reviewers;Rating Score Rank;Popularity Rank;Members;Favorites
2023;fall;Sousou no Frieren;https://cdn.myanimelist.net/images/anime/1015/138006.jpg;葬送のフリーレン;28;29 Sep 2023;22 Mar 2024;Aniplex, Dentsu, Shogakukan-Shueisha Productions, Nippon Television Network, TOHO animation, Shogakukan;Madhouse;Manga;PG-13 - Teens 13 or older;9.311;9.311;601639601639;"12

2
 ";162;1033004;63025
2024;winter;Sousou no Frieren;https://cdn.myanimelist.net/images/anime/1015/138006.jpg;葬送のフリーレン;28;29 Sep 2023;22 Mar 2024;Aniplex, Dentsu, Shogakukan-Shueisha Productions, Nippon Television Network, TOHO animation, Shogakukan;Madhouse;Manga;PG-13 - Teens 13 or older;9.311;9.311;601912601912;"12

2
 ";162;1033379;63026
2022;fall;Bleach: Sennen Kessen-hen;https://cdn.myanimelist.net/images/anime/1908/135431.jpg;BLEACH 千年血戦篇;13;11 Oct 2022;27 Dec 2022;TV Tokyo, Aniplex, Dentsu, Shueisha;Pierrot;Manga;R - 17+ (violence & profanity);9.001;9.001;325872325872;"122

2
 ";375;615498;21970
2022;spring;Kaguya-sama wa Kokurasetai: Ultra Romantic;https://cdn.myanimelist.net/images/anime/1160/122627.jpg;かぐや様は告らせたい-ウルトラロマンティック-;13;9 Apr 2022;25 Jun 2022;Aniplex, Mainichi Broadcasting System, Magic Capsule, Shueisha, JR East Marketing & Communications;A-1 Pictures;Manga;PG-13 - Teens 13 or older;8.991;8.991;571838571838;"132

2
 ";168;1008204;32125
2021;spring;Fruits Basket: The Final;https://cdn.myanimelist.net/images/anime/1085/114792.jpg;フルーツバスケット The Final;13;6 Apr 2021;29 Jun 2021;TV Tokyo, TV Osaka, Nihon Ad Systems, Hakusensha, Avex Pictures, TMS Music, 8PAN;TMS Entertainment;Manga;PG-13 - Teens 13 or older;8.961;8.961;255908255908;"152

2
 ";460;514864;20749
2023;fall;Kusuriya no Hitorigoto;https://cdn.myanimelist.net/images/anime/1708/138033.jpg;薬屋のひとりごと;24;22 Oct 2023;24 Mar 2024;Dentsu, Square Enix, Nippon Television Network, TOHO animation, Shogakukan, Imagica Infos;OLM, TOHO animation STUDIO;Light novel;PG-13 - Teens 13 or older;8.881;8.881;295826295826;"232

2
 ";421;564467;16823
2024;winter;Kusuriya no Hitorigoto;https://cdn.myanimelist.net/images/anime/1708/138033.jpg;薬屋のひとりごと;24;22 Oct 2023;24 Mar 2024;Dentsu, Square Enix, Nippon Television Network, TOHO animation, Shogakukan, Imagica Infos;OLM, TOHO animation STUDIO;Light novel;PG-13 - Teens 13 or older;8.881;8.881;295826295826;"232

2
 ";421;564467;16823
2021;winter;Kingdom 3rd Season;https://cdn.myanimelist.net/images/anime/1443/111830.jpg;キングダム 第3シリーズ;26;6 Apr 2020;17 Oct 2021;Shueisha;Pierrot, Studio Signpost;Manga;R - 17+ (violence & profanity);8.831;8.831;4576645766;"302

2
 ";2033;113997;2345
2021;spring;Kingdom 3rd Season;https://cdn.myanimelist.net/images/anime/1443/111830.jpg;キングダム 第3シリーズ;26;6 Apr 2020;17 Oct 2021;Shueisha;Pierrot, Studio Signpost;Manga;R - 17+ (violence & profanity);8.831;8.831;4576645766;"302

2
 ";2033;113997;2347
2021;summer;Kingdom 3rd Season;https://cdn.myanimelist.net/images/anime/1443/111830.jpg;キングダム 第3シリーズ;26;6 Apr 2020;17 Oct 2021;Shueisha;Pierrot, Studio Signpost;Manga;R - 17+ (violence & profanity);8.831;8.831;4576645766;"302

2
 ";2033;113997;2347
2023;winter;Vinland Saga Season 2;https://cdn.myanimelist.net/images/anime/1170/124312.jpg;ヴィンランド・サガ SEASON2;24;10 Jan 2023;20 Jun 2023;Dentsu, Kodansha, Twin Engine;MAPPA;Manga;R - 17+ (violence & profanity);8.811;8.811;388818388818;"322

2
 ";298;715626;17161
2023;spring;Vinland Saga Season 2;https://cdn.myanimelist.net/images/anime/1170/124312.jpg;ヴィンランド・サガ SEASON2;24;10 Jan 2023;20 Jun 2023;Dentsu, Kodansha, Twin Engine;MAPPA;Manga;R - 17+ (violence & profanity);8.811;8.811;388818388818;"322

2
 ";298;715626;17161
2021;winter;Shingeki no Kyojin: The Final Season;https://cdn.myanimelist.net/images/anime/1000/110531.jpg;進撃の巨人 The Final Season;16;7 Dec 2020;29 Mar 2021;Production I.G, Dentsu, Mainichi Broadcasting System, Pony Canyon, Kodansha, Techno Sound, Pony Canyon Enterprises;MAPPA;Manga;R - 17+ (violence & profanity);8.781;8.781;14079291407929;"352

2
 ";33;2120403;52870
2022;winter;Shingeki no Kyojin: The Final Season Part 2;https://cdn.myanimelist.net/images/anime/1948/120625.jpg;進撃の巨人 The Final Season Part 2;12;10 Jan 2022;4 Apr 2022;Production I.G, Dentsu, Mainichi Broadcasting System, Pony Canyon, Kodansha, Pony Canyon Enterprises;MAPPA;Manga;R - 17+ (violence & profanity);8.761;8.761;826720826720;"402

2
 ";99;1406191;31026
2022;fall;Bocchi the Rock!;https://cdn.myanimelist.net/images/anime/1448/127956.jpg;ぼっち・ざ・ろっく！;12;9 Oct 2022;25 Dec 2022;Aniplex, Houbunsha;CloverWorks;4-koma manga;PG-13 - Teens 13 or older;8.761;8.761;403108403108;"422

2
 ";336;668923;32085
2023;summer;Jujutsu Kaisen 2nd Season;https://cdn.myanimelist.net/images/anime/1792/138022.jpg;呪術廻戦 懐玉・玉折／渋谷事変;23;6 Jul 2023;28 Dec 2023;Mainichi Broadcasting System, TOHO animation, Shueisha, dugout, Sumzap;MAPPA;Manga;R - 17+ (violence & profanity);8.761;8.761;643665643665;"442

2
 ";138;1144117;24010
2023;fall;Jujutsu Kaisen 2nd Season;https://cdn.myanimelist.net/images/anime/1792/138022.jpg;呪術廻戦 懐玉・玉折／渋谷事変;23;6 Jul 2023;28 Dec 2023;Mainichi Broadcasting System, TOHO animation, Shueisha, dugout, Sumzap;MAPPA;Manga;R - 17+ (violence & profanity);8.761;8.761;643665643665;"442

2
 ";138;1144117;24010
2024;winter;Boku no Kokoro no Yabai Yatsu 2nd Season;https://cdn.myanimelist.net/images/anime/1643/138581.jpg;僕の心のヤバイやつ 第2期;13;7 Jan 2024;31 Mar 2024;Dentsu, TV Asahi, Movic, Magic Capsule, Avex Pictures, Akita Shoten, BS Asahi, TV Asahi Music;Shin-Ei Animation;Manga;PG-13 - Teens 13 or older;8.761;8.761;136217136217;"432

2
 ";1047;245958;5330
2021;winter;One Piece;https://cdn.myanimelist.net/images/anime/1244/138851.jpg;ONE PIECE;Unknown;20 Oct 1999;Unknown;Fuji TV, TAP, Shueisha;Toei Animation;Manga;PG-13 - Teens 13 or older;8.731;8.731;14167831416783;"502

2
 ";17;2491944;234234
2021;spring;One Piece;https://cdn.myanimelist.net/images/anime/1244/138851.jpg;ONE PIECE;Unknown;20 Oct 1999;Unknown;Fuji TV, TAP, Shueisha;Toei Animation;Manga;PG-13 - Teens 13 or older;8.731;8.731;14167841416784;"502

2
 ";17;2491944;234234
2021;summer;One Piece;https://cdn.myanimelist.net/images/anime/1244/138851.jpg;ONE PIECE;Unknown;20 Oct 1999;Unknown;Fuji TV, TAP, Shueisha;Toei Animation;Manga;PG-13 - Teens 13 or older;8.731;8.731;14167901416790;"502

2
 ";17;2491944;234235
2021;fall;One Piece;https://cdn.myanimelist.net/images/anime/1244/138851.jpg;ONE PIECE;Unknown;20 Oct 1999;Unknown;Fuji TV, TAP, Shueisha;Toei Animation;Manga;PG-13 - Teens 13 or older;8.731;8.731;14167921416792;"502

2
 ";17;2491961;234235
2022;winter;One Piece;https://cdn.myanimelist.net/images/anime/1244/138851.jpg;ONE PIECE;Unknown;20 Oct 1999;Unknown;Fuji TV, TAP, Shueisha;Toei Animation;Manga;PG-13 - Teens 13 or older;8.731;8.731;14168001416800;"502

2
 ";17;2491961;234238
2022;spring;Kingdom 4th Season;https://cdn.myanimelist.net/images/anime/1566/122794.jpg;キングダム 第4シリーズ;26;10 Apr 2022;2 Oct 2022;Avex Pictures, Shueisha, NHK Enterprises;Pierrot, Studio Signpost;Manga;R - 17+ (violence & profanity);8.731;8.731;3212732127;"492

2
 ";2690;73407;1109
2022;spring;One Piece;https://cdn.myanimelist.net/images/anime/1244/138851.jpg;ONE PIECE;Unknown;20 Oct 1999;Unknown;Fuji TV, TAP, Shueisha;Toei Animation;Manga;PG-13 - Teens 13 or older;8.731;8.731;14168051416805;"502

2
 ";17;2491977;234238
2022;summer;One Piece;https://cdn.myanimelist.net/images/anime/1244/138851.jpg;ONE PIECE;Unknown;20 Oct 1999;Unknown;Fuji TV, TAP, Shueisha;Toei Animation;Manga;PG-13 - Teens 13 or older;8.731;8.731;14168051416805;"502

2
 ";17;2491977;234238
2022;summer;Kingdom 4th Season;https://cdn.myanimelist.net/images/anime/1566/122794.jpg;キングダム 第4シリーズ;26;10 Apr 2022;2 Oct 2022;Avex Pictures, Shueisha, NHK Enterprises;Pierrot, Studio Signpost;Manga;R - 17+ (violence & profanity);8.731;8.731;3212732127;"492

2
 ";2690;73407;1109
2022;fall;One Piece;https://cdn.myanimelist.net/images/anime/1244/138851.jpg;ONE PIECE;Unknown;20 Oct 1999;Unknown;Fuji TV, TAP, Shueisha;Toei Animation;Manga;PG-13 - Teens 13 or older;8.731;8.731;14168121416812;"502

2
 ";17;2491977;234239
2023;winter;One Piece;https://cdn.myanimelist.net/images/anime/1244/138851.jpg;ONE PIECE;Unknown;20 Oct 1999;Unknown;Fuji TV, TAP, Shueisha;Toei Animation;Manga;PG-13 - Teens 13 or older;8.731;8.731;14168131416813;"502

2
 ";17;2491987;234239
2023;spring;One Piece;https://cdn.myanimelist.net/images/anime/1244/138851.jpg;ONE PIECE;Unknown;20 Oct 1999;Unknown;Fuji TV, TAP, Shueisha;Toei Animation;Manga;PG-13 - Teens 13 or older;8.731;8.731;14168171416817;"502

2
 ";17;2491987;234239
2023;summer;One Piece;https://cdn.myanimelist.net/images/anime/1244/138851.jpg;ONE PIECE;Unknown;20 Oct 1999;Unknown;Fuji TV, TAP, Shueisha;Toei Animation;Manga;PG-13 - Teens 13 or older;8.731;8.731;14168181416818;"502

2
 ";17;2491987;234239
2023;fall;One Piece;https://cdn.myanimelist.net/images/anime/1244/138851.jpg;ONE PIECE;Unknown;20 Oct 1999;Unknown;Fuji TV, TAP, Shueisha;Toei Animation;Manga;PG-13 - Teens 13 or older;8.731;8.731;14168221416822;"502

2
 ";17;2491998;234240
2024;winter;One Piece;https://cdn.myanimelist.net/images/anime/1244/138851.jpg;ONE PIECE;Unknown;20 Oct 1999;Unknown;Fuji TV, TAP, Shueisha;Toei Animation;Manga;PG-13 - Teens 13 or older;8.731;8.731;14168241416824;"502

2
 ";17;2491998;234241
2024;spring;One Piece;https://cdn.myanimelist.net/images/anime/1244/138851.jpg;ONE PIECE;Unknown;20 Oct 1999;Unknown;Fuji TV, TAP, Shueisha;Toei Animation;Manga;PG-13 - Teens 13 or older;8.731;8.731;14168281416828;"502

2
 ";17;2492012;234241
2024;summer;One Piece;https://cdn.myanimelist.net/images/anime/1244/138851.jpg;ONE PIECE;Unknown;20 Oct 1999;Unknown;Fuji TV, TAP, Shueisha;Toei Animation;Manga;PG-13 - Teens 13 or older;8.731;8.731;14168301416830;"502

2
 ";17;2492012;234243
2024;fall;One Piece;https://cdn.myanimelist.net/images/anime/1244/138851.jpg;ONE PIECE;Unknown;20 Oct 1999;Unknown;Fuji TV, TAP, Shueisha;Toei Animation;Manga;PG-13 - Teens 13 or older;8.731;8.731;14168311416831;"502

2
 ";17;2492012;234243
2022;winter;Kimetsu no Yaiba: Yuukaku-hen;https://cdn.myanimelist.net/images/anime/1908/120036.jpg;鬼滅の刃 遊郭編;11;5 Dec 2021;13 Feb 2022;Aniplex, Studio Mausu, Shueisha;ufotable;Manga;R - 17+ (violence & profanity);8.721;8.721;998408998408;"542

2
 ";77;1566872;24847
2024;winter;Kingdom 5th Season;https://cdn.myanimelist.net/images/anime/1050/139641.jpg;キングダム 第5シリーズ;13;14 Jan 2024;31 Mar 2024;Avex Pictures, Shueisha, Jinnan Studio, NHK Enterprises;Pierrot, Studio Signpost;Manga;R - 17+ (violence & profanity);8.721;8.721;1942119421;"552

2
 ";3486;45745;521
2024;spring;Hibike! Euphonium 3;https://cdn.myanimelist.net/images/anime/1216/142086.jpg;響け！ユーフォニアム3;13;7 Apr 2024;30 Jun 2024;Lantis, Pony Canyon, Rakuonsha, ABC Animation, Heart Company, Bandai Namco Music Live;Kyoto Animation;Novel;PG-13 - Teens 13 or older;8.721;8.721;2974829748;"532

2
 ";2532;81091;1518
2021;fall;86 Part 2;https://cdn.myanimelist.net/images/anime/1321/117508.jpg;86―エイティシックス―;12;3 Oct 2021;19 Mar 2022;Aniplex, Kadokawa, Bandai Spirits;A-1 Pictures;Light novel;R - 17+ (violence & profanity);8.711;8.711;321749321749;"582

2
 ";423;561012;16574
2022;winter;86 Part 2;https://cdn.myanimelist.net/images/anime/1321/117508.jpg;86―エイティシックス―;12;3 Oct 2021;19 Mar 2022;Aniplex, Kadokawa, Bandai Spirits;A-1 Pictures;Light novel;R - 17+ (violence & profanity);8.711;8.711;321749321749;"582

2
 ";423;561012;16575
2022;fall;Mob Psycho 100 III;https://cdn.myanimelist.net/images/anime/1228/125011.jpg;モブサイコ100 III;12;6 Oct 2022;22 Dec 2022;Shogakukan-Shueisha Productions, Warner Bros. Japan, KlockWorx, BS Fuji, Hakuhodo DY Music & Pictures, Shogakukan;Bones;Web manga;PG-13 - Teens 13 or older;8.711;8.711;380680380680;"572

2
 ";277;760243;11403
2023;summer;Bleach: Sennen Kessen-hen - Ketsubetsu-tan;https://cdn.myanimelist.net/images/anime/1164/138058.jpg;BLEACH 千年血戦篇-訣別譚-;13;8 Jul 2023;30 Sep 2023;TV Tokyo, Aniplex, Dentsu, Shueisha, Zack Promotion;Pierrot;Manga;R - 17+ (violence & profanity);8.701;8.701;187612187612;"592

2
 ";753;340207;4739
2024;fall;Bleach: Sennen Kessen-hen - Soukoku-tan;https://cdn.myanimelist.net/images/anime/1595/144074.jpg;BLEACH 千年血戦篇-相剋譚-;14;5 Oct 2024;28 Dec 2024;Pierrot, TV Tokyo, Aniplex, Dentsu, Shueisha, Zack Promotion;Pierrot Films;Manga;R - 17+ (violence & profanity);8.691;8.691;9584095840;"642

2
 ";1218;211807;3036
2024;fall;Re:Zero kara Hajimeru Isekai Seikatsu 3rd Season;https://cdn.myanimelist.net/images/anime/1706/144725.jpg;Re;16;2 Oct 2024;Unknown;AT-X, Magic Capsule, Memory-Tech, Hakuhodo DY Music & Pictures, Kadokawa, DAXEL;White Fox;Light novel;R - 17+ (violence & profanity);8.661;8.661;6931369313;"742

2
 ";713;357069;4905
2021;spring;Odd Taxi;https://cdn.myanimelist.net/images/anime/1981/113348.jpg;オッドタクシー;13;6 Apr 2021;29 Jun 2021;TV Tokyo, Dentsu, Pony Canyon, AT-X, Crunchyroll, Pony Canyon Enterprises, Mimoid, Yoshimoto Kogyo;OLM, P.I.C.S.;Original;PG-13 - Teens 13 or older;8.651;8.651;230957230957;"782

2
 ";515;466997;8716
2021;fall;Mushoku Tensei: Isekai Ittara Honki Dasu Part 2;https://cdn.myanimelist.net/images/anime/1028/117777.jpg;無職転生 ～異世界行ったら本気だす～ 第2クール;12;4 Oct 2021;20 Dec 2021;Frontier Works, TOHO, TOHO animation, Tokyo MX, Hakuhodo DY Music & Pictures, BS11, Egg Firm, Kadokawa, GREE Entertainment;Studio Bind;Light novel;R - 17+ (violence & profanity);8.641;8.641;636950636950;"802

2
 ";165;1016877;18964
2023;summer;Bungou Stray Dogs 5th Season;https://cdn.myanimelist.net/images/anime/1161/136691.jpg;文豪ストレイドッグス;11;12 Jul 2023;20 Sep 2023;WOWOW, Lantis, Movic, Glovision, Crunchyroll, Sunrise Music, Kadokawa, Sony Music Solutions, Bandai Namco Music Live;Bones;Manga;R - 17+ (violence & profanity);8.631;8.631;9964599645;"862

2
 ";1189;218127;2665
2022;summer;Made in Abyss: Retsujitsu no Ougonkyou;https://cdn.myanimelist.net/images/anime/1864/122519.jpg;メイドインアビス 烈日の黄金郷;12;6 Jul 2022;28 Sep 2022;AT-X, Takeshobo, Kadokawa Media House, Cygames, Kadokawa, Global Solutions, Sony Music Solutions, IRMA LA DOUCE;Kinema Citrus;Web manga;R - 17+ (violence & profanity);8.611;8.611;228165228165;"932

2
 ";489;487733;6505
2024;winter;Dungeon Meshi;https://cdn.myanimelist.net/images/anime/1711/142478.jpg;ダンジョン飯;24;4 Jan 2024;13 Jun 2024;Ultra Super Pictures, Good Smile Company, Tencent Japan, Kadokawa;Trigger;Manga;R - 17+ (violence & profanity);8.611;8.611;217419217419;"962

2
 ";541;446989;8841
2024;spring;Dungeon Meshi;https://cdn.myanimelist.net/images/anime/1711/142478.jpg;ダンジョン飯;24;4 Jan 2024;13 Jun 2024;Ultra Super Pictures, Good Smile Company, Tencent Japan, Kadokawa;Trigger;Manga;R - 17+ (violence & profanity);8.611;8.611;217419217419;"962

2
 ";541;446989;8841
2023;spring;[Oshi no Ko];https://cdn.myanimelist.net/images/anime/1812/134736.jpg;【推しの子】;11;12 Apr 2023;28 Jun 2023;Delfi Sound, Shueisha, CyberAgent, Kadokawa;Doga Kobo;Manga;PG-13 - Teens 13 or older;8.591;8.591;543512543512;"1032

2
 ";198;922442;30208
2024;summer;[Oshi no Ko] 2nd Season;https://cdn.myanimelist.net/images/anime/1006/143302.jpg;【推しの子】第2期;13;3 Jul 2024;6 Oct 2024;Delfi Sound, Shueisha, CyberAgent, Kadokawa;Doga Kobo;Manga;PG-13 - Teens 13 or older;8.591;8.591;182119182119;"1042

2
 ";587;417865;5509
2024;fall;Natsume Yuujinchou Shichi;https://cdn.myanimelist.net/images/anime/1270/145168.jpg;夏目友人帳 漆;12;8 Oct 2024;24 Dec 2024;TV Tokyo, Aniplex, Nihon Ad Systems, Hakusensha, Ai Addiction;Shuka;Manga;PG-13 - Teens 13 or older;8.591;8.591;1130311303;"992

2
 ";3531;44815;444
2021;winter;Jujutsu Kaisen;https://cdn.myanimelist.net/images/anime/1171/109222.jpg;呪術廻戦;24;3 Oct 2020;27 Mar 2021;Mainichi Broadcasting System, TOHO animation, Shueisha, dugout, Sumzap;MAPPA;Manga;R - 17+ (violence & profanity);8.561;8.561;18097841809784;"1102

2
 ";13;2755845;93161
2024;fall;Dandadan;https://cdn.myanimelist.net/images/anime/1584/143719.jpg;ダンダダン;12;4 Oct 2024;20 Dec 2024;Aniplex, Dentsu, Shogakukan-Shueisha Productions, Mainichi Broadcasting System, Shueisha;Science SARU;Manga;R - 17+ (violence & profanity);8.561;8.561;352589352589;"1092

2
 ";353;647718;10030
2021;winter;Yuru Camp△ Season 2;https://cdn.myanimelist.net/images/anime/1255/110636.jpg;ゆるキャン△ SEASON2;13;7 Jan 2021;1 Apr 2021;Half H.P Studio, MAGES., DeNA;C-Station;Manga;PG-13 - Teens 13 or older;8.501;8.501;105254105254;"1452

2
 ";1091;238832;3105
2021;fall;Ousama Ranking;https://cdn.myanimelist.net/images/anime/1347/117616.jpg;王様ランキング;23;15 Oct 2021;25 Mar 2022;Aniplex, Dentsu, Fuji TV, Kadokawa, Bandai Spirits;Wit Studio;Web manga;PG-13 - Teens 13 or older;8.501;8.501;366943366943;"1432

2
 ";314;696160;13233
2022;winter;Ousama Ranking;https://cdn.myanimelist.net/images/anime/1347/117616.jpg;王様ランキング;23;15 Oct 2021;25 Mar 2022;Aniplex, Dentsu, Fuji TV, Kadokawa, Bandai Spirits;Wit Studio;Web manga;PG-13 - Teens 13 or older;8.501;8.501;366943366943;"1432

2
 ";314;696160;13234
2022;spring;Spy x Family;https://cdn.myanimelist.net/images/anime/1441/122795.jpg;SPY×FAMILY;12;9 Apr 2022;25 Jun 2022;TV Tokyo, Shogakukan-Shueisha Productions, TOHO animation, Shueisha;Wit Studio, CloverWorks;Manga;PG-13 - Teens 13 or older;8.471;8.471;10474361047436;"1532

2
 ";61;1706259;40064
2022;spring;Summertime Render;https://cdn.myanimelist.net/images/anime/1120/120796.jpg;サマータイムレンダ;25;15 Apr 2022;30 Sep 2022;Shogakukan-Shueisha Productions, Movic, MAGES., Tokyo MX, Shueisha, Toy's Factory, Bandai Spirits;OLM;Manga;R - 17+ (violence & profanity);8.471;8.471;251268251268;"1542

2
 ";389;596940;10140
2022;summer;Summertime Render;https://cdn.myanimelist.net/images/anime/1120/120796.jpg;サマータイムレンダ;25;15 Apr 2022;30 Sep 2022;Shogakukan-Shueisha Productions, Movic, MAGES., Tokyo MX, Shueisha, Toy's Factory, Bandai Spirits;OLM;Manga;R - 17+ (violence & profanity);8.471;8.471;251268251268;"1542

2
 ";389;596940;10140
2022;fall;Chainsaw Man;https://cdn.myanimelist.net/images/anime/1806/126216.jpg;チェンソーマン;12;12 Oct 2022;28 Dec 2022;dugout;MAPPA;Manga;R - 17+ (violence & profanity);8.461;8.461;956205956205;"1582

2
 ";62;1693354;49930
2024;fall;Chi. Chikyuu no Undou ni Tsuite;https://cdn.myanimelist.net/images/anime/1749/145922.jpg;チ。―地球の運動について―;25;5 Oct 2024;Unknown;Shogakukan-Shueisha Productions, Shogakukan, NHK Enterprises, SKY Perfect Pictures;Madhouse;Manga;R - 17+ (violence & profanity);8.461;8.461;2400624006;"1592

2
 ";1727;140158;1405
2021;winter;Re:Zero kara Hajimeru Isekai Seikatsu 2nd Season Part 2;https://cdn.myanimelist.net/images/anime/1724/117421.jpg;Re：ゼロから始める異世界生活;12;6 Jan 2021;24 Mar 2021;AT-X, Memory-Tech, Hakuhodo DY Music & Pictures, Kadokawa Media House, Kadokawa;White Fox;Light novel;R - 17+ (violence & profanity);8.431;8.431;568780568780;"1802

2
 ";183;969121;13012
2023;winter;Bungou Stray Dogs 4th Season;https://cdn.myanimelist.net/images/anime/1263/132759.jpg;文豪ストレイドッグス;13;4 Jan 2023;29 Mar 2023;WOWOW, Lantis, Movic, Glovision, Crunchyroll, Kadokawa, Sony Music Solutions, Bandai Namco Music Live;Bones;Manga;R - 17+ (violence & profanity);8.431;8.431;128423128423;"1762

2
 ";798;322579;3345
2024;spring;Mushoku Tensei II: Isekai Ittara Honki Dasu Part 2;https://cdn.myanimelist.net/images/anime/1876/141251.jpg;無職転生 II ～異世界行ったら本気だす～ (第2クール);12;8 Apr 2024;1 Jul 2024;Frontier Works, TOHO animation, Hakuhodo DY Music & Pictures, BS11, Egg Firm, Kadokawa, GREE Entertainment;Studio Bind;Light novel;R - 17+ (violence & profanity);8.431;8.431;255606255606;"1792

2
 ";512;467612;4011
2021;spring;Vivy: Fluorite Eye's Song;https://cdn.myanimelist.net/images/anime/1551/128960.jpg;Vivy -Fluorite Eye's Song- (ヴィヴィ -フローライトアイズソング-);13;3 Apr 2021;19 Jun 2021;Aniplex;Wit Studio;Original;R - 17+ (violence & profanity);8.391;8.391;256981256981;"2052

2
 ";412;570600;11140
2024;spring;Girls Band Cry;https://cdn.myanimelist.net/images/anime/1711/140515.jpg;ガールズバンドクライ;13;6 Apr 2024;29 Jun 2024;agehasprings;Toei Animation;Original;PG-13 - Teens 13 or older;8.391;8.391;3898638986;"2032

2
 ";2163;103528;2297
2022;winter;Karakai Jouzu no Takagi-san 3;https://cdn.myanimelist.net/images/anime/1861/120361.jpg;からかい上手の高木さん3;12;8 Jan 2022;26 Mar 2022;Shogakukan-Shueisha Productions, Magic Capsule, Asmik Ace, TOHO animation, Shogakukan, Toho Music;Shin-Ei Animation;Manga;PG-13 - Teens 13 or older;8.381;8.381;8952189521;"2092

2
 ";1286;198524;2345
2021;winter;Mushoku Tensei: Isekai Ittara Honki Dasu;https://cdn.myanimelist.net/images/anime/1530/117776.jpg;無職転生 ～異世界行ったら本気だす～;11;11 Jan 2021;22 Mar 2021;Frontier Works, TOHO, Magic Capsule, TOHO animation, Hakuhodo DY Music & Pictures, BS11, Egg Firm, Kadokawa, GREE, Toho Music;Studio Bind;Light novel;R - 17+ (violence & profanity);8.361;8.361;887680887680;"2272

2
 ";95;1438841;36751
2021;winter;Tensei shitara Slime Datta Ken 2nd Season;https://cdn.myanimelist.net/images/anime/1271/109841.jpg;転生したらスライムだった件;12;12 Jan 2021;30 Mar 2021;Kodansha;8bit;Manga;PG-13 - Teens 13 or older;8.361;8.361;598595598595;"2312

2
 ";161;1033610;10879
2021;winter;Non Non Biyori Nonstop;https://cdn.myanimelist.net/images/anime/1033/111540.jpg;のんのんびより のんすとっぷ;12;11 Jan 2021;29 Mar 2021;TV Tokyo, Lantis, AT-X, Kadokawa, Bandai Namco Arts, Bit grooove promotion, Sony Music Solutions;SILVER LINK.;Manga;PG-13 - Teens 13 or older;8.361;8.361;5058450584;"2282

2
 ";1819;131268;959
2024;spring;Kono Subarashii Sekai ni Shukufuku wo! 3;https://cdn.myanimelist.net/images/anime/1758/141268.jpg;この素晴らしい世界に祝福を！3;11;10 Apr 2024;19 Jun 2024;Half H.P Studio, Nippon Columbia, 81 Produce, Sammy, Kadokawa;Drive;Light novel;PG-13 - Teens 13 or older;8.361;8.361;186555186555;"2262

2
 ";501;475601;5324
2021;fall;Kimetsu no Yaiba: Mugen Ressha-hen;https://cdn.myanimelist.net/images/anime/1065/118763.jpg;鬼滅の刃 無限列車編;7;10 Oct 2021;28 Nov 2021;Aniplex, Shueisha;ufotable;Manga;R - 17+ (violence & profanity);8.351;8.351;514157514157;"2372

2
 ";228;854437;4457
2021;spring;Fumetsu no Anata e;https://cdn.myanimelist.net/images/anime/1880/118484.jpg;不滅のあなたへ;20;12 Apr 2021;30 Aug 2021;NHK, Kodansha, NHK Enterprises;Brain's Base;Manga;R - 17+ (violence & profanity);8.341;8.341;390320390320;"2442

2
 ";199;922273;15100
2021;summer;Fumetsu no Anata e;https://cdn.myanimelist.net/images/anime/1880/118484.jpg;不滅のあなたへ;20;12 Apr 2021;30 Aug 2021;NHK, Kodansha, NHK Enterprises;Brain's Base;Manga;R - 17+ (violence & profanity);8.341;8.341;390320390320;"2442

2
 ";199;922273;15100
2022;fall;IDOLiSH7 Third Beat! Part 2;https://cdn.myanimelist.net/images/anime/1458/125998.jpg;アイドリッシュセブン;17;2 Oct 2022;26 Feb 2023;None found, add some;TROYCA;Game;PG-13 - Teens 13 or older;8.341;8.341;52145214;"2452

2
 ";5615;15810;262
2023;winter;IDOLiSH7 Third Beat! Part 2;https://cdn.myanimelist.net/images/anime/1458/125998.jpg;アイドリッシュセブン;17;2 Oct 2022;26 Feb 2023;None found, add some;TROYCA;Game;PG-13 - Teens 13 or older;8.341;8.341;52145214;"2452

2
 ";5615;15810;262
2021;spring;86;https://cdn.myanimelist.net/images/anime/1987/117507.jpg;86―エイティシックス―;11;11 Apr 2021;20 Jun 2021;Aniplex, Kadokawa, Bandai Spirits;A-1 Pictures;Light novel;R - 17+ (violence & profanity);8.321;8.321;446396446396;"2582

2
 ";224;860299;23174
2023;fall;Dr. Stone: New World Part 2;https://cdn.myanimelist.net/images/anime/1236/138696.jpg;Dr.STONE NEW WORLD;11;12 Oct 2023;21 Dec 2023;TOHO animation, Shueisha;TMS Entertainment;Manga;PG-13 - Teens 13 or older;8.321;8.321;174505174505;"2612

2
 ";747;341318;1502
2021;summer;Tensei shitara Slime Datta Ken 2nd Season Part 2;https://cdn.myanimelist.net/images/anime/1033/118296.jpg;転生したらスライムだった件;12;6 Jul 2021;21 Sep 2021;Kodansha, BS11, Bandai Namco Arts, Micro Magazine Publishing, Bandai Spirits, Sony Music Solutions, ADK Marketing Solutions;8bit;Manga;PG-13 - Teens 13 or older;8.311;8.311;482445482445;"2692

2
 ";240;835843;10975
2023;fall;Kage no Jitsuryokusha ni Naritakute! 2nd Season;https://cdn.myanimelist.net/images/anime/1938/138295.jpg;陰の実力者になりたくて！ 2nd Season;12;4 Oct 2023;20 Dec 2023;AT-X, Magic Capsule, BS NTV, Kadokawa, NewGin, Aiming;Nexus;Light novel;R - 17+ (violence & profanity);8.311;8.311;242438242438;"2712

2
 ";543;446320;4840
2024;spring;Kaijuu 8-gou;https://cdn.myanimelist.net/images/anime/1370/140362.jpg;怪獣8号;12;13 Apr 2024;29 Jun 2024;TV Tokyo, Khara, Nippon Columbia, TOHO animation, Shueisha, Sonilude, Toho Music;Production I.G;Manga;PG-13 - Teens 13 or older;8.301;8.301;304231304231;"2762

2
 ";429;551507;5412
2021;spring;Yuukoku no Moriarty Part 2;https://cdn.myanimelist.net/images/anime/1200/111522.jpg;憂国のモリアーティ;13;4 Apr 2021;27 Jun 2021;Mainichi Broadcasting System, Shueisha, Yomiuri TV Enterprise, Bandai Namco Arts, Bandai Spirits;Production I.G;Manga;R - 17+ (violence & profanity);8.281;8.281;125968125968;"3022

2
 ";954;270556;3217
2024;winter;Ore dake Level Up na Ken;https://cdn.myanimelist.net/images/anime/1801/142390.jpg;俺だけレベルアップな件;12;7 Jan 2024;31 Mar 2024;Aniplex, Crunchyroll, Netmarble, Kakao piccoma, D&C Media;A-1 Pictures;Web manga;R - 17+ (violence & profanity);8.281;8.281;506651506651;"3062

2
 ";216;871735;16301
2024;fall;Ao no Hako;https://cdn.myanimelist.net/images/anime/1496/147108.jpg;アオのハコ;25;3 Oct 2024;Unknown;TBS, Magic Capsule, TOHO animation, Shueisha, TMS Music, Unlimited Produce by TMS;Telecom Animation Film;Manga;PG-13 - Teens 13 or older;8.281;8.281;4405244052;"2972

2
 ";1238;208011;2166
2024;fall;Shangri-La Frontier: Kusoge Hunter, Kamige ni Idoman to su 2nd Season;https://cdn.myanimelist.net/images/anime/1996/147601.jpg;シャングリラ・フロンティア～クソゲーハンター、神ゲーに挑まんとす～ 2nd season;25;13 Oct 2024;Unknown;Dentsu, Mainichi Broadcasting System, Kodansha, Sammy, Crunchyroll, Tencent Games, Netmarble;C2C;Manga;PG-13 - Teens 13 or older;8.271;8.271;3045130451;"3152

2
 ";1559;161001;886
2022;fall;Kage no Jitsuryokusha ni Naritakute!;https://cdn.myanimelist.net/images/anime/1091/128729.jpg;陰の実力者になりたくて！;20;5 Oct 2022;15 Feb 2023;AT-X, BS NTV, Kadokawa, NewGin, Aiming;Nexus;Light novel;R - 17+ (violence & profanity);8.261;8.261;400533400533;"3252

2
 ";287;749738;16637
2023;winter;Kage no Jitsuryokusha ni Naritakute!;https://cdn.myanimelist.net/images/anime/1091/128729.jpg;陰の実力者になりたくて！;20;5 Oct 2022;15 Feb 2023;AT-X, BS NTV, Kadokawa, NewGin, Aiming;Nexus;Light novel;R - 17+ (violence & profanity);8.261;8.261;400533400533;"3252

2
 ";287;749894;16638
2021;fall;World Trigger 3rd Season;https://cdn.myanimelist.net/images/anime/1617/117474.jpg;ワールドトリガー;14;10 Oct 2021;23 Jan 2022;TV Asahi;Toei Animation;Manga;PG-13 - Teens 13 or older;8.251;8.251;4961749617;"3352

2
 ";1849;128481;1216
2023;winter;Dungeon ni Deai wo Motomeru no wa Machigatteiru Darou ka IV: Shin Shou - Yakusai-hen;https://cdn.myanimelist.net/images/anime/1476/128693.jpg;ダンジョンに出会いを求めるのは間違っているだろうかⅣ深章 厄災篇;11;7 Jan 2023;18 Mar 2023;Genco, Movic, Warner Bros. Japan, KlockWorx, Hakuhodo DY Music & Pictures, Egg Firm, FuRyu, GREE, SB Creative;J.C.Staff;Light novel;R - 17+ (violence & profanity);8.251;8.251;134792134792;"3292

2
 ";1009;257455;1751
2022;fall;Boku no Hero Academia 6th Season;https://cdn.myanimelist.net/images/anime/1483/126005.jpg;僕のヒーローアカデミア;25;1 Oct 2022;25 Mar 2023;Dentsu, Yomiuri Telecasting, Movic, Sony Music Entertainment, TOHO animation, Shueisha;Bones;Manga;PG-13 - Teens 13 or older;8.241;8.241;357725357725;"3462

2
 ";293;722368;7277
2023;winter;Boku no Hero Academia 6th Season;https://cdn.myanimelist.net/images/anime/1483/126005.jpg;僕のヒーローアカデミア;25;1 Oct 2022;25 Mar 2023;Dentsu, Yomiuri Telecasting, Movic, Sony Music Entertainment, TOHO animation, Shueisha;Bones;Manga;PG-13 - Teens 13 or older;8.241;8.241;357725357725;"3462

2
 ";293;722368;7278
2023;summer;BanG Dream! It's MyGO!!!!!;https://cdn.myanimelist.net/images/anime/1891/136948.jpg;バンドリ！It's MyGO!!!!!;13;29 Jun 2023;14 Sep 2023;Ultra Super Pictures, Bushiroad, Tokyo MX, Good Smile Company, Bushiroad Music, HoriPro International, Ace Crew Entertainment;SANZIGEN;Mixed media;PG-13 - Teens 13 or older;8.241;8.241;1379213792;"3452

2
 ";4306;29928;788
2024;fall;One Piece: Gyojin Tou-hen;https://cdn.myanimelist.net/images/anime/1928/146063.jpg;SPECIAL EDITED VERSION『ONE PIECE』魚人島編;21;3 Nov 2024;Unknown;None found, add some;Toei Animation;Manga;PG-13 - Teens 13 or older;8.241;8.241;57055705;"3422

2
 ";4187;31746;142
2021;summer;Kobayashi-san Chi no Maid Dragon S;https://cdn.myanimelist.net/images/anime/1252/115539.jpg;小林さんちのメイドラゴンS;12;8 Jul 2021;23 Sep 2021;Lantis, ABC Animation, Heart Company;Kyoto Animation;Manga;PG-13 - Teens 13 or older;8.231;8.231;291186291186;"3592

2
 ";399;582231;5788
2021;summer;IDOLiSH7 Third Beat!;https://cdn.myanimelist.net/images/anime/1646/115723.jpg;アイドリッシュセブン Third BEAT!;13;4 Jul 2021;26 Sep 2021;Lantis;TROYCA;Game;PG-13 - Teens 13 or older;8.231;8.231;83508350;"3652

2
 ";4708;24625;391
2022;fall;Spy x Family Part 2;https://cdn.myanimelist.net/images/anime/1111/127508.jpg;SPY×FAMILY;13;1 Oct 2022;24 Dec 2022;TV Tokyo, Shogakukan-Shueisha Productions, TOHO animation, Shueisha;Wit Studio, CloverWorks;Manga;PG-13 - Teens 13 or older;8.231;8.231;542904542904;"3552

2
 ";166;1016797;7530
2023;spring;Boku no Kokoro no Yabai Yatsu;https://cdn.myanimelist.net/images/anime/1545/133887.jpg;僕の心のヤバイやつ;12;2 Apr 2023;18 Jun 2023;Dentsu, TV Asahi, Movic, Magic Capsule, Avex Pictures, Akita Shoten, BS Asahi, TV Asahi Music;Shin-Ei Animation;Manga;PG-13 - Teens 13 or older;8.231;8.231;188156188156;"3632

2
 ";683;369377;5473
2023;summer;Mushoku Tensei II: Isekai Ittara Honki Dasu;https://cdn.myanimelist.net/images/anime/1898/138005.jpg;無職転生 II ～異世界行ったら本気だす～;12;10 Jul 2023;25 Sep 2023;Frontier Works, TOHO, TOHO animation, Hakuhodo DY Music & Pictures, BS11, Egg Firm, Kadokawa, GREE Entertainment;Studio Bind;Light novel;R - 17+ (violence & profanity);8.231;8.231;372810372810;"3612

2
 ";346;654818;7377
2023;spring;Tengoku Daimakyou;https://cdn.myanimelist.net/images/anime/1121/133132.jpg;天国大魔境;13;1 Apr 2023;24 Jun 2023;Mainichi Broadcasting System, Kodansha, NBCUniversal Entertainment Japan, Avex Pictures, NetEase;Production I.G;Manga;R - 17+ (violence & profanity);8.211;8.211;254645254645;"3822

2
 ";428;552208;6732
2024;winter;Yubisaki to Renren;https://cdn.myanimelist.net/images/anime/1478/140828.jpg;ゆびさきと恋々;12;6 Jan 2024;23 Mar 2024;Mainichi Broadcasting System, Kodansha, NBCUniversal Entertainment Japan, Tokyo MX, Crunchyroll, TO Books, Myrica Music, NetEase;Ajia-do;Manga;PG-13 - Teens 13 or older;8.211;8.211;124659124659;"3832

2
 ";921;280014;3641
2022;winter;Sasaki to Miyano;https://cdn.myanimelist.net/images/anime/1182/119308.jpg;佐々木と宮野;12;10 Jan 2022;28 Mar 2022;Frontier Works, Movic, Nippon Columbia, Sound Team Don Juan, TV Aichi, Kadokawa Media House, U-NEXT, BS NTV, Kadokawa;Studio Deen;Web manga;PG-13 - Teens 13 or older;8.201;8.201;9506395063;"3842

2
 ";1211;213437;5278
2022;fall;Blue Lock;https://cdn.myanimelist.net/images/anime/1258/126929.jpg;ブルーロック;24;9 Oct 2022;26 Mar 2023;TV Asahi, Lantis, Kodansha, Toy's Factory, Crunchyroll, Bandai Spirits, Bit grooove promotion, Bandai Namco Filmworks, Bandai Namco Music Live;8bit;Manga;PG-13 - Teens 13 or older;8.201;8.201;423829423829;"3962

2
 ";265;785553;13619
2023;winter;Blue Lock;https://cdn.myanimelist.net/images/anime/1258/126929.jpg;ブルーロック;24;9 Oct 2022;26 Mar 2023;TV Asahi, Lantis, Kodansha, Toy's Factory, Crunchyroll, Bandai Spirits, Bit grooove promotion, Bandai Namco Filmworks, Bandai Namco Music Live;8bit;Manga;PG-13 - Teens 13 or older;8.201;8.201;423829423829;"3962

2
 ";265;785553;13619
2021;winter;Horimiya;https://cdn.myanimelist.net/images/anime/1695/111486.jpg;ホリミヤ;13;10 Jan 2021;4 Apr 2021;Aniplex, Square Enix, Mainichi Broadcasting System, Movic, Kanetsu Investment, My Theater D.D., Global Solutions, Mirai-Kojo;CloverWorks;Manga;PG-13 - Teens 13 or older;8.191;8.191;902228902228;"4052

2
 ";88;1489885;37572
2022;winter;Vanitas no Karte Part 2;https://cdn.myanimelist.net/images/anime/1247/120579.jpg;ヴァニタスの手記;12;15 Jan 2022;2 Apr 2022;Aniplex, Square Enix, Hakuhodo DY Music & Pictures, Contents Seed;Bones;Manga;R - 17+ (violence & profanity);8.191;8.191;135783135783;"4072

2
 ";860;304277;2795
2023;spring;Kimetsu no Yaiba: Katanakaji no Sato-hen;https://cdn.myanimelist.net/images/anime/1765/135099.jpg;鬼滅の刃 刀鍛冶の里編;11;9 Apr 2023;18 Jun 2023;Aniplex, Shueisha;ufotable;Manga;R - 17+ (violence & profanity);8.191;8.191;566254566254;"4082

2
 ";187;957084;9555
2021;spring;Nomad: Megalo Box 2;https://cdn.myanimelist.net/images/anime/1190/113352.jpg;NOMAD メガロボクス2;13;4 Apr 2021;27 Jun 2021;Kodansha, Tohokushinsha Film Corporation, Bandai Namco Arts;TMS Entertainment;Original;R - 17+ (violence & profanity);8.181;8.181;8709587095;"4172

2
 ";1231;209567;2190
2021;winter;Meitantei Conan;https://cdn.myanimelist.net/images/anime/7/75199.jpg;名探偵コナン;Unknown;8 Jan 1996;Unknown;Yomiuri Telecasting, Shogakukan, Audio Planning U, Tokyo Movie, Polydor Records;TMS Entertainment;Manga;PG-13 - Teens 13 or older;8.171;8.171;164197164197;"4352

2
 ";703;360470;15311
2021;spring;Meitantei Conan;https://cdn.myanimelist.net/images/anime/7/75199.jpg;名探偵コナン;Unknown;8 Jan 1996;Unknown;Yomiuri Telecasting, Shogakukan, Audio Planning U, Tokyo Movie, Polydor Records;TMS Entertainment;Manga;PG-13 - Teens 13 or older;8.171;8.171;164197164197;"4352

2
 ";703;360470;15311
2021;summer;Meitantei Conan;https://cdn.myanimelist.net/images/anime/7/75199.jpg;名探偵コナン;Unknown;8 Jan 1996;Unknown;Yomiuri Telecasting, Shogakukan, Audio Planning U, Tokyo Movie, Polydor Records;TMS Entertainment;Manga;PG-13 - Teens 13 or older;8.171;8.171;164197164197;"4352

2
 ";703;360470;15311
2021;fall;Meitantei Conan;https://cdn.myanimelist.net/images/anime/7/75199.jpg;名探偵コナン;Unknown;8 Jan 1996;Unknown;Yomiuri Telecasting, Shogakukan, Audio Planning U, Tokyo Movie, Polydor Records;TMS Entertainment;Manga;PG-13 - Teens 13 or older;8.171;8.171;164197164197;"4352

2
 ";703;360470;15311
2022;winter;Meitantei Conan;https://cdn.myanimelist.net/images/anime/7/75199.jpg;名探偵コナン;Unknown;8 Jan 1996;Unknown;Yomiuri Telecasting, Shogakukan, Audio Planning U, Tokyo Movie, Polydor Records;TMS Entertainment;Manga;PG-13 - Teens 13 or older;8.171;8.171;164198164198;"4352

2
 ";703;360471;15311
2022;spring;Meitantei Conan;https://cdn.myanimelist.net/images/anime/7/75199.jpg;名探偵コナン;Unknown;8 Jan 1996;Unknown;Yomiuri Telecasting, Shogakukan, Audio Planning U, Tokyo Movie, Polydor Records;TMS Entertainment;Manga;PG-13 - Teens 13 or older;8.171;8.171;164198164198;"4352

2
 ";703;360471;15311
2022;summer;Meitantei Conan;https://cdn.myanimelist.net/images/anime/7/75199.jpg;名探偵コナン;Unknown;8 Jan 1996;Unknown;Yomiuri Telecasting, Shogakukan, Audio Planning U, Tokyo Movie, Polydor Records;TMS Entertainment;Manga;PG-13 - Teens 13 or older;8.171;8.171;164198164198;"4352

2
 ";703;360471;15311
2022;fall;Meitantei Conan;https://cdn.myanimelist.net/images/anime/7/75199.jpg;名探偵コナン;Unknown;8 Jan 1996;Unknown;Yomiuri Telecasting, Shogakukan, Audio Planning U, Tokyo Movie, Polydor Records;TMS Entertainment;Manga;PG-13 - Teens 13 or older;8.171;8.171;164198164198;"4352

2
 ";703;360470;15311
2023;winter;Meitantei Conan;https://cdn.myanimelist.net/images/anime/7/75199.jpg;名探偵コナン;Unknown;8 Jan 1996;Unknown;Yomiuri Telecasting, Shogakukan, Audio Planning U, Tokyo Movie, Polydor Records;TMS Entertainment;Manga;PG-13 - Teens 13 or older;8.171;8.171;164198164198;"4352

2
 ";703;360470;15311
2023;spring;Meitantei Conan;https://cdn.myanimelist.net/images/anime/7/75199.jpg;名探偵コナン;Unknown;8 Jan 1996;Unknown;Yomiuri Telecasting, Shogakukan, Audio Planning U, Tokyo Movie, Polydor Records;TMS Entertainment;Manga;PG-13 - Teens 13 or older;8.171;8.171;164200164200;"4352

2
 ";703;360471;15311
2023;summer;Meitantei Conan;https://cdn.myanimelist.net/images/anime/7/75199.jpg;名探偵コナン;Unknown;8 Jan 1996;Unknown;Yomiuri Telecasting, Shogakukan, Audio Planning U, Tokyo Movie, Polydor Records;TMS Entertainment;Manga;PG-13 - Teens 13 or older;8.171;8.171;164200164200;"4352

2
 ";703;360471;15311
2023;fall;Meitantei Conan;https://cdn.myanimelist.net/images/anime/7/75199.jpg;名探偵コナン;Unknown;8 Jan 1996;Unknown;Yomiuri Telecasting, Shogakukan, Audio Planning U, Tokyo Movie, Polydor Records;TMS Entertainment;Manga;PG-13 - Teens 13 or older;8.171;8.171;164200164200;"4352

2
 ";703;360471;15311
2024;winter;Meitantei Conan;https://cdn.myanimelist.net/images/anime/7/75199.jpg;名探偵コナン;Unknown;8 Jan 1996;Unknown;Yomiuri Telecasting, Shogakukan, Audio Planning U, Tokyo Movie, Polydor Records;TMS Entertainment;Manga;PG-13 - Teens 13 or older;8.171;8.171;164200164200;"4352

2
 ";703;360471;15311
2024;spring;Meitantei Conan;https://cdn.myanimelist.net/images/anime/7/75199.jpg;名探偵コナン;Unknown;8 Jan 1996;Unknown;Yomiuri Telecasting, Shogakukan, Audio Planning U, Tokyo Movie, Polydor Records;TMS Entertainment;Manga;PG-13 - Teens 13 or older;8.171;8.171;164200164200;"4352

2
 ";703;360471;15311
2024;summer;Meitantei Conan;https://cdn.myanimelist.net/images/anime/7/75199.jpg;名探偵コナン;Unknown;8 Jan 1996;Unknown;Yomiuri Telecasting, Shogakukan, Audio Planning U, Tokyo Movie, Polydor Records;TMS Entertainment;Manga;PG-13 - Teens 13 or older;8.171;8.171;164200164200;"4352

2
 ";703;360471;15311
2024;fall;Meitantei Conan;https://cdn.myanimelist.net/images/anime/7/75199.jpg;名探偵コナン;Unknown;8 Jan 1996;Unknown;Yomiuri Telecasting, Shogakukan, Audio Planning U, Tokyo Movie, Polydor Records;TMS Entertainment;Manga;PG-13 - Teens 13 or older;8.171;8.171;164200164200;"4352

2
 ";703;360470;15311
2022;winter;Sono Bisque Doll wa Koi wo Suru;https://cdn.myanimelist.net/images/anime/1179/119897.jpg;その着せ替え人形は恋をする;12;9 Jan 2022;27 Mar 2022;Aniplex, Square Enix, Movic, Studio Mausu, Tokyo MX, BS11;CloverWorks;Manga;PG-13 - Teens 13 or older;8.161;8.161;702666702666;"4502

2
 ";135;1158626;21390
2022;spring;Ao Ashi;https://cdn.myanimelist.net/images/anime/1731/120871.jpg;アオアシ;24;9 Apr 2022;24 Sep 2022;Shogakukan-Shueisha Productions, Marvelous Entertainment, NHK Enterprises, Bandai Spirits;Production I.G;Manga;PG-13 - Teens 13 or older;8.161;8.161;117167117167;"4462

2
 ";1123;232059;3246
2022;summer;Ao Ashi;https://cdn.myanimelist.net/images/anime/1731/120871.jpg;アオアシ;24;9 Apr 2022;24 Sep 2022;Shogakukan-Shueisha Productions, Marvelous Entertainment, NHK Enterprises, Bandai Spirits;Production I.G;Manga;PG-13 - Teens 13 or older;8.161;8.161;117167117167;"4462

2
 ";1123;232059;3246
2021;winter;Dr. Stone: Stone Wars;https://cdn.myanimelist.net/images/anime/1711/110614.jpg;ドクターストーン STONE WARS;11;14 Jan 2021;25 Mar 2021;TOHO animation, Shueisha, Toho Music, 8PAN;TMS Entertainment;Manga;PG-13 - Teens 13 or older;8.151;8.151;630896630896;"4622

2
 ";144;1105489;7420
2022;summer;Lycoris Recoil;https://cdn.myanimelist.net/images/anime/1261/127311.jpg;リコリス・リコイル;13;2 Jul 2022;24 Sep 2022;Aniplex, BS11, ABC Animation;A-1 Pictures;Original;PG-13 - Teens 13 or older;8.151;8.151;262355262355;"4572

2
 ";437;540013;9077
2023;spring;Dr. Stone: New World;https://cdn.myanimelist.net/images/anime/1316/136268.jpg;Dr.STONE NEW WORLD;11;6 Apr 2023;15 Jun 2023;TOHO animation, Shueisha;TMS Entertainment;Manga;PG-13 - Teens 13 or older;8.151;8.151;237635237635;"4612

2
 ";454;522103;3215
2023;summer;Horimiya: Piece;https://cdn.myanimelist.net/images/anime/1007/136277.jpg;ホリミヤ -piece-;13;1 Jul 2023;23 Sep 2023;Aniplex, Square Enix, Mainichi Broadcasting System, Movic, Kanetsu Investment, Global Solutions, Mirai-Kojo;CloverWorks;Manga;PG-13 - Teens 13 or older;8.151;8.151;166692166692;"4642

2
 ";664;377812;2848
2024;summer;Make Heroine ga Oosugiru!;https://cdn.myanimelist.net/images/anime/1332/143513.jpg;負けヒロインが多すぎる！;12;14 Jul 2024;29 Sep 2024;Aniplex, Yomiuri Telecasting, Tokyo MX, Good Smile Company, BS11, Contents Seed, INSPION Edge, JR Tokai Agency;A-1 Pictures;Light novel;PG-13 - Teens 13 or older;8.151;8.151;127134127134;"4582

2
 ";1027;252651;2750
2021;winter;Black Clover;https://cdn.myanimelist.net/images/anime/2/88336.jpg;ブラッククローバー;170;3 Oct 2017;30 Mar 2021;TV Tokyo, Avex Pictures, Shueisha;Pierrot;Manga;PG-13 - Teens 13 or older;8.141;8.141;908248908248;"4742

2
 ";57;1768552;48404
2024;spring;Shinigami Bocchan to Kuro Maid 3rd Season;https://cdn.myanimelist.net/images/anime/1988/142714.jpg;死神坊ちゃんと黒メイド 第3期;12;7 Apr 2024;23 Jun 2024;Shogakukan-Shueisha Productions, Shogakukan Music & Digital Entertainment, NBCUniversal Entertainment Japan, BS11, Shogakukan, Yomiuri TV Enterprise, Bandai Spirits;J.C.Staff;Web manga;PG-13 - Teens 13 or older;8.141;8.141;2187021870;"4662

2
 ";3047;58655;246
2022;spring;Paripi Koumei;https://cdn.myanimelist.net/images/anime/1970/122297.jpg;パリピ孔明;12;5 Apr 2022;21 Jun 2022;Mainichi Broadcasting System, Kodansha, Avex Pictures, DMM pictures, Bit grooove promotion;P.A. Works;Web manga;PG-13 - Teens 13 or older;8.121;8.121;151816151816;"4922

2
 ";823;313648;2611
2022;fall;Golden Kamuy 4th Season;https://cdn.myanimelist.net/images/anime/1855/128059.jpg;ゴールデンカムイ;13;3 Oct 2022;26 Jun 2023;NBCUniversal Entertainment Japan, Tokyo MX, Good Smile Company, Sammy, Shueisha, JR East Marketing & Communications, Twin Engine;Brain's Base;Manga;R - 17+ (violence & profanity);8.121;8.121;3923539235;"4952

2
 ";2117;106764;618
2023;winter;Golden Kamuy 4th Season;https://cdn.myanimelist.net/images/anime/1855/128059.jpg;ゴールデンカムイ;13;3 Oct 2022;26 Jun 2023;NBCUniversal Entertainment Japan, Tokyo MX, Good Smile Company, Sammy, Shueisha, JR East Marketing & Communications, Twin Engine;Brain's Base;Manga;R - 17+ (violence & profanity);8.121;8.121;3923539235;"4952

2
 ";2117;106764;618
2023;spring;Skip to Loafer;https://cdn.myanimelist.net/images/anime/1518/138730.jpg;スキップとローファー;12;4 Apr 2023;20 Jun 2023;Kodansha, Kansai Telecasting, Crunchyroll, A-Sketch, DMM pictures, DMM Music, NetEase;P.A. Works;Manga;PG-13 - Teens 13 or older;8.121;8.121;140331140331;"4992

2
 ";870;302493;3513
2023;spring;Golden Kamuy 4th Season;https://cdn.myanimelist.net/images/anime/1855/128059.jpg;ゴールデンカムイ;13;3 Oct 2022;26 Jun 2023;NBCUniversal Entertainment Japan, Tokyo MX, Good Smile Company, Sammy, Shueisha, JR East Marketing & Communications, Twin Engine;Brain's Base;Manga;R - 17+ (violence & profanity);8.121;8.121;3924339243;"4952

2
 ";2117;106775;618
2023;winter;Buddy Daddies;https://cdn.myanimelist.net/images/anime/1553/133767.jpg;Buddy Daddies;12;7 Jan 2023;1 Apr 2023;Aniplex, Movic, Nitroplus, Tokyo MX, Nagoya Broadcasting Network, BS11, Bit grooove promotion;P.A. Works;Original;PG-13 - Teens 13 or older;8.111;8.111;139708139708;"5142

2
 ";832;311852;3315
2024;spring;Kimetsu no Yaiba: Hashira Geiko-hen;https://cdn.myanimelist.net/images/anime/1565/142711.jpg;鬼滅の刃 柱稽古編;8;12 May 2024;30 Jun 2024;Aniplex, Shueisha;ufotable;Manga;R - 17+ (violence & profanity);8.111;8.111;315582315582;"5042

2
 ";391;592307;4579
2024;spring;Ookami to Koushinryou: Merchant Meets the Wise Wolf;https://cdn.myanimelist.net/images/anime/1059/142414.jpg;狼と香辛料 MERCHANT MEETS THE WISE WOLF;25;2 Apr 2024;24 Sep 2024;TV Tokyo, Movic, TOHO animation, Good Smile Company, Kadokawa, Enishiya, Hayabusa Film;Passione;Light novel;PG-13 - Teens 13 or older;8.111;8.111;6865168651;"5112

2
 ";1139;227869;1823
2024;summer;Ookami to Koushinryou: Merchant Meets the Wise Wolf;https://cdn.myanimelist.net/images/anime/1059/142414.jpg;狼と香辛料 MERCHANT MEETS THE WISE WOLF;25;2 Apr 2024;24 Sep 2024;TV Tokyo, Movic, TOHO animation, Good Smile Company, Kadokawa, Enishiya, Hayabusa Film;Passione;Light novel;PG-13 - Teens 13 or older;8.111;8.111;6865168651;"5112

2
 ";1139;227907;1823
2024;spring;The Fable;https://cdn.myanimelist.net/images/anime/1254/141155.jpg;ザ・ファブル;25;7 Apr 2024;29 Sep 2024;VAP, Kodansha, Nippon Television Network, Audio Planning U;Tezuka Productions;Manga;R - 17+ (violence & profanity);8.101;8.101;2654326543;"5232

2
 ";2614;76518;554
2024;summer;The Fable;https://cdn.myanimelist.net/images/anime/1254/141155.jpg;ザ・ファブル;25;7 Apr 2024;29 Sep 2024;VAP, Kodansha, Nippon Television Network, Audio Planning U;Tezuka Productions;Manga;R - 17+ (violence & profanity);8.101;8.101;2654326543;"5232

2
 ";2614;76518;554
2022;fall;Fumetsu no Anata e Season 2;https://cdn.myanimelist.net/images/anime/1271/127700.jpg;不滅のあなたへ Season2;20;23 Oct 2022;12 Mar 2023;NHK, Kodansha, NHK Enterprises;Drive;Manga;R - 17+ (violence & profanity);8.091;8.091;113327113327;"5372

2
 ";875;301816;1632
2023;winter;Tsurune: Tsunagari no Issha;https://cdn.myanimelist.net/images/anime/1803/132337.jpg;ツルネ ―つながりの一射―;13;5 Jan 2023;30 Mar 2023;Lantis, Pony Canyon, Rakuonsha, ABC Animation, Heart Company, Bandai Namco Music Live;Kyoto Animation;Light novel;PG-13 - Teens 13 or older;8.091;8.091;1872218722;"5422

2
 ";2966;61826;455
2023;winter;Fumetsu no Anata e Season 2;https://cdn.myanimelist.net/images/anime/1271/127700.jpg;不滅のあなたへ Season2;20;23 Oct 2022;12 Mar 2023;NHK, Kodansha, NHK Enterprises;Drive;Manga;R - 17+ (violence & profanity);8.091;8.091;113327113327;"5372

2
 ";875;301816;1632
2023;spring;Jigokuraku;https://cdn.myanimelist.net/images/anime/1075/131925.jpg;地獄楽;13;1 Apr 2023;1 Jul 2023;Twin Engine;MAPPA;Manga;R - 17+ (violence & profanity);8.091;8.091;426563426563;"5302

2
 ";258;794047;8651
2022;summer;Youkoso Jitsuryoku Shijou Shugi no Kyoushitsu e 2nd Season;https://cdn.myanimelist.net/images/anime/1010/124180.jpg;ようこそ実力至上主義の教室へ 2nd Season;13;4 Jul 2022;26 Sep 2022;Studio Hibari, Movic, AT-X, Sammy, Crunchyroll, Kadokawa Media House, Kadokawa, Bandai Namco Music Live;Lerche;Light novel;PG-13 - Teens 13 or older;8.081;8.081;407758407758;"5472

2
 ";300;713259;8365
2023;fall;Shangri-La Frontier: Kusoge Hunter, Kamige ni Idoman to su;https://cdn.myanimelist.net/images/anime/1500/139931.jpg;シャングリラ・フロンティア～クソゲーハンター、神ゲーに挑まんとす～;25;1 Oct 2023;31 Mar 2024;Dentsu, Mainichi Broadcasting System, Kodansha, flying DOG, Sammy, Crunchyroll, Tencent Japan, Netmarble;C2C;Manga;PG-13 - Teens 13 or older;8.081;8.081;180571180571;"5442

2
 ";694;362047;2936
2024;winter;Shangri-La Frontier: Kusoge Hunter, Kamige ni Idoman to su;https://cdn.myanimelist.net/images/anime/1500/139931.jpg;シャングリラ・フロンティア～クソゲーハンター、神ゲーに挑まんとす～;25;1 Oct 2023;31 Mar 2024;Dentsu, Mainichi Broadcasting System, Kodansha, flying DOG, Sammy, Crunchyroll, Tencent Japan, Netmarble;C2C;Manga;PG-13 - Teens 13 or older;8.081;8.081;180571180571;"5442

2
 ";694;362047;2936
2022;spring;Honzuki no Gekokujou: Shisho ni Naru Tame ni wa Shudan wo Erandeiraremasen 3rd Season;https://cdn.myanimelist.net/images/anime/1976/122302.jpg;本好きの下剋上 ～司書になるためには手段を選んでいられません～ 第3期;10;12 Apr 2022;14 Jun 2022;WOWOW, KlockWorx, flying DOG, BS Fuji, Yomiuri TV Enterprise, TO Books, JTB Next Creation, MediaNet Pictures, Happinet Phantom Studios;Ajia-do;Light novel;PG-13 - Teens 13 or older;8.071;8.071;8404684046;"5662

2
 ";1451;173724;971
2022;summer;Overlord IV;https://cdn.myanimelist.net/images/anime/1530/120110.jpg;オーバーロード IV;13;5 Jul 2022;27 Sep 2022;AT-X, Hakuhodo DY Music & Pictures, NTT Plala, Kadokawa;Madhouse;Light novel;R - 17+ (violence & profanity);8.071;8.071;290845290845;"5742

2
 ";400;580256;7313
2023;spring;Kimi wa Houkago Insomnia;https://cdn.myanimelist.net/images/anime/1402/134007.jpg;君は放課後インソムニア;13;11 Apr 2023;4 Jul 2023;TV Tokyo, Pony Canyon, Ultra Super Pictures, Shogakukan, MAGNET, CHOCOLATE;LIDENFILMS;Manga;PG-13 - Teens 13 or older;8.071;8.071;9221692216;"5722

2
 ";1078;240522;2214
2024;spring;Boku no Hero Academia 7th Season;https://cdn.myanimelist.net/images/anime/1529/140306.jpg;僕のヒーローアカデミア 第7期;21;4 May 2024;12 Oct 2024;Dentsu, Yomiuri Telecasting, Movic, Sony Music Entertainment, TOHO animation, Shueisha;Bones;Manga;PG-13 - Teens 13 or older;8.071;8.071;135065135065;"5582

2
 ";695;361718;2663
2024;summer;Boku no Hero Academia 7th Season;https://cdn.myanimelist.net/images/anime/1529/140306.jpg;僕のヒーローアカデミア 第7期;21;4 May 2024;12 Oct 2024;Dentsu, Yomiuri Telecasting, Movic, Sony Music Entertainment, TOHO animation, Shueisha;Bones;Manga;PG-13 - Teens 13 or older;8.071;8.071;135065135065;"5582

2
 ";695;361718;2663
2021;winter;Uma Musume: Pretty Derby Season 2;https://cdn.myanimelist.net/images/anime/1447/114282.jpg;ウマ娘 プリティーダービー Season 2;13;5 Jan 2021;30 Mar 2021;TOHO animation, Cygames;Studio Kai;Game;PG-13 - Teens 13 or older;8.061;8.061;2534725347;"5902

2
 ";3064;58147;904
2023;fall;Spy x Family Season 2;https://cdn.myanimelist.net/images/anime/1506/138982.jpg;SPY×FAMILY Season 2;12;7 Oct 2023;23 Dec 2023;TV Tokyo, Shogakukan-Shueisha Productions, TOHO animation, Shueisha, Studio Easter;Wit Studio, CloverWorks;Manga;PG-13 - Teens 13 or older;8.061;8.061;264502264502;"5892

2
 ";410;571135;3606
2024;spring;Karasu wa Aruji wo Erabanai;https://cdn.myanimelist.net/images/anime/1084/142685.jpg;烏は主を選ばない;20;6 Apr 2024;21 Sep 2024;NHK, NHK Enterprises;Pierrot;Novel;PG-13 - Teens 13 or older;8.061;8.061;1475614756;"5782

2
 ";3368;48192;433
2024;summer;Karasu wa Aruji wo Erabanai;https://cdn.myanimelist.net/images/anime/1084/142685.jpg;烏は主を選ばない;20;6 Apr 2024;21 Sep 2024;NHK, NHK Enterprises;Pierrot;Novel;PG-13 - Teens 13 or older;8.061;8.061;1475614756;"5782

2
 ";3368;48214;433
2021;winter;World Trigger 2nd Season;https://cdn.myanimelist.net/images/anime/1598/110462.jpg;ワールドトリガー;12;10 Jan 2021;4 Apr 2021;TV Asahi;Toei Animation;Manga;PG-13 - Teens 13 or older;8.051;8.051;6277162771;"5932

2
 ";1546;162666;812
2024;fall;Ranma ½ (2024);https://cdn.myanimelist.net/images/anime/1155/144299.jpg;らんま1/2;12;6 Oct 2024;22 Dec 2024;Shogakukan-Shueisha Productions, Nippon Television Network, Shogakukan, dugout;MAPPA;Manga;PG-13 - Teens 13 or older;8.051;8.051;5269652696;"6042

2
 ";1974;118067;870
2024;summer;NieR:Automata Ver1.1a Part 2;https://cdn.myanimelist.net/images/anime/1364/143539.jpg;NieR;12;5 Jul 2024;27 Sep 2024;Aniplex, Square Enix;A-1 Pictures;Game;R - 17+ (violence & profanity);8.041;8.041;2891228912;"6152

2
 ";2324;92867;456
2021;spring;Mairimashita! Iruma-kun 2nd Season;https://cdn.myanimelist.net/images/anime/1527/113656.jpg;魔入りました！入間くん;21;17 Apr 2021;11 Sep 2021;NHK, NHK Enterprises;Bandai Namco Pictures;Manga;PG-13 - Teens 13 or older;8.031;8.031;171851171851;"6212

2
 ";735;345236;2431
2021;summer;Mairimashita! Iruma-kun 2nd Season;https://cdn.myanimelist.net/images/anime/1527/113656.jpg;魔入りました！入間くん;21;17 Apr 2021;11 Sep 2021;NHK, NHK Enterprises;Bandai Namco Pictures;Manga;PG-13 - Teens 13 or older;8.031;8.031;171851171851;"6212

2
 ";735;345236;2431
2024;fall;Dungeon ni Deai wo Motomeru no wa Machigatteiru Darou ka V: Houjou no Megami-hen;https://cdn.myanimelist.net/images/anime/1299/144738.jpg;ダンジョンに出会いを求めるのは間違っているだろうかV 豊穣の女神篇;15;5 Oct 2024;5 Mar 2025;Movic, Warner Bros. Japan, KlockWorx, Hakuhodo DY Music & Pictures, Egg Firm, FuRyu, SB Creative, GREE Entertainment;J.C.Staff;Light novel;PG-13 - Teens 13 or older;8.031;8.031;2429424294;"6282

2
 ";1576;158777;865
2021;winter;5-toubun no Hanayome ∬;https://cdn.myanimelist.net/images/anime/1775/109514.jpg;五等分の花嫁∬;12;8 Jan 2021;26 Mar 2021;Pony Canyon, Kodansha, DAX Production, BS11, Nichion, GYAO!, Good Smile Film, MAGNET;Bibury Animation Studios;Manga;PG-13 - Teens 13 or older;8.021;8.021;460373460373;"6432

2
 ";279;758384;11628
2022;spring;Komi-san wa, Comyushou desu. 2nd Season;https://cdn.myanimelist.net/images/anime/1108/121157.jpg;古見さんは、コミュ症です。 2;12;7 Apr 2022;23 Jun 2022;TV Tokyo, Dentsu, Shogakukan-Shueisha Productions, Half H.P Studio, Nippon Columbia;OLM;Manga;PG-13 - Teens 13 or older;8.011;8.011;258331258331;"6572

2
 ";456;517991;3941
2022;summer;Shadows House 2nd Season;https://cdn.myanimelist.net/images/anime/1634/124231.jpg;シャドーハウス 2nd Season;12;9 Jul 2022;24 Sep 2022;Aniplex, WOWOW, Tokyo MX, Shueisha, BS Asahi;CloverWorks;Manga;PG-13 - Teens 13 or older;8.011;8.011;5371553715;"6502

2
 ";1831;129504;703
2024;spring;Yuru Camp△ Season 3;https://cdn.myanimelist.net/images/anime/1178/142710.jpg;ゆるキャン△ SEASON3;12;4 Apr 2024;20 Jun 2024;Sotsu, Half H.P Studio, AT-X, KlockWorx, Houbunsha, MAGES., 81 Produce, BS11, FuRyu, Sony Music Solutions, enish;8bit;Manga;PG-13 - Teens 13 or older;8.011;8.011;3082330823;"6532

2
 ";2365;90249;526
2021;winter;SK∞;https://cdn.myanimelist.net/images/anime/1549/119195.jpg;SK∞ エスケーエイト;12;10 Jan 2021;4 Apr 2021;Aniplex, Movic, ABC Animation;Bones;Original;PG-13 - Teens 13 or older;8.001;8.001;300114300114;"6712

2
 ";392;590843;13450
2024;fall;Rurouni Kenshin: Meiji Kenkaku Romantan - Kyoto Douran;https://cdn.myanimelist.net/images/anime/1314/145530.jpg;るろうに剣心 -明治剣客浪漫譚- 京都動乱;23;4 Oct 2024;21 Mar 2025;Aniplex, Dentsu, Fuji TV, Shueisha;LIDENFILMS;Manga;R - 17+ (violence & profanity);8.001;8.001;71517151;"6602

2
 ";3477;45885;210
