year,season,jp_title,img,Japanese,Episodes,Starting,Ending,Producers,Studios,Main Studio,Source,Age Rating,Rating Score,Reviewers,Rating Score Rank,Popularity Rank,Members,Favorites,Status
2021,summer,Fumetsu no Anata e,https://cdn.myanimelist.net/images/anime/1880/118484.jpg,不滅のあなたへ,20,12 Apr 2021,30 Aug 2021,"NHK, Kodansha, NHK Enterprises",Brain's Base,Brain's Base,Manga,R - 17+ (violence & profanity),8.34,390320000000.0,244,199.0,922273,15100,Best
2022,fall,Bocchi the Rock!,https://cdn.myanimelist.net/images/anime/1448/127956.jpg,ぼっち・ざ・ろっく！,12,9 Oct 2022,25 Dec 2022,"Aniplex, Houbunsha",CloverWorks,CloverWorks,4-koma manga,PG-13 - Teens 13 or older,8.76,403108000000.0,42,336.0,668923,32085,Best
2023,summer,Zom 100: Zombie ni Naru made ni Shitai 100 no Koto,https://cdn.myanimelist.net/images/anime/1384/136408.jpg,ゾン100～ゾンビになるまでにしたい100のこと～,12,9 Jul 2023,26 Dec 2023,"Shogakukan-Shueisha Productions, Mainichi Broadcasting System, Shogakukan, dugout",BUG FILMS,BUG FILMS,Manga,R - 17+ (violence & profanity),7.75,285154000000.0,1152,382.0,606897,4116,Best
2024,spring,Kaijuu 8-gou,https://cdn.myanimelist.net/images/anime/1370/140362.jpg,怪獣8号,12,13 Apr 2024,29 Jun 2024,"TV Tokyo, Khara, Nippon Columbia, TOHO animation, Shueisha, Sonilude, Toho Music",Production I.G,Production I.G,Manga,PG-13 - Teens 13 or older,8.3,304231000000.0,276,429.0,551507,5412,Best
2021,summer,Otome Game no Hametsu Flag shika Nai Akuyaku Reijou ni Tensei shiteshimatta... X,https://cdn.myanimelist.net/images/anime/1088/116439.jpg,乙女ゲームの破滅フラグしかない悪役令嬢に転生してしまった…X,12,3 Jul 2021,18 Sep 2021,Nichion,SILVER LINK.,SILVER LINK.,Light novel,PG-13 - Teens 13 or older,7.26,111912000000.0,3070,1018.0,256322,1078,Best
2022,summer,Kuro no Shoukanshi,https://cdn.myanimelist.net/images/anime/1517/125496.jpg,黒の召喚士,12,9 Jul 2022,24 Sep 2022,"flying DOG, Bushiroad, Docomo Anime Store, bilibili, Overlap, Bushiroad Move, Bushiroad Creative",Satelight,Satelight,Light novel,PG-13 - Teens 13 or older,7.04,131916000000.0,4177,987.0,263723,1128,Best
2023,winter,Tondemo Skill de Isekai Hourou Meshi,https://cdn.myanimelist.net/images/anime/1661/131889.jpg,とんでもスキルで異世界放浪メシ,12,11 Jan 2023,29 Mar 2023,dugout,MAPPA,MAPPA,Light novel,PG-13 - Teens 13 or older,7.65,144502000000.0,1424,947.0,271678,2043,Best
2022,fall,Isekai Ojisan,https://cdn.myanimelist.net/images/anime/1743/125204.jpg,異世界おじさん,13,6 Jul 2022,8 Mar 2023,"Movic, AT-X, Sammy, BS11, Kadokawa Media House, Kadokawa",Atelier Pontdarc,Atelier Pontdarc,Web manga,PG-13 - Teens 13 or older,7.77,178230000000.0,1106,646.0,389320,2168,Best
2024,summer,Tokidoki Bosotto Russia-go de Dereru Tonari no Alya-san,https://cdn.myanimelist.net/images/anime/1825/142258.jpg,時々ボソッとロシア語でデレる隣のアーリャさん,12,3 Jul 2024,18 Sep 2024,"Sega, Delfi Sound, Kadokawa",Doga Kobo,Doga Kobo,Light novel,PG-13 - Teens 13 or older,7.6,197203000000.0,1573,633.0,393855,4925,Best
2021,winter,Mushoku Tensei: Isekai Ittara Honki Dasu,https://cdn.myanimelist.net/images/anime/1530/117776.jpg,無職転生 ～異世界行ったら本気だす～,11,11 Jan 2021,22 Mar 2021,"Frontier Works, TOHO, Magic Capsule, TOHO animation, Hakuhodo DY Music & Pictures, BS11, Egg Firm, Kadokawa, GREE, Toho Music",Studio Bind,Studio Bind,Light novel,R - 17+ (violence & profanity),8.36,887681000000.0,227,95.0,1438841,36751,Best
2021,spring,"Ijiranaide, Nagatoro-san",https://cdn.myanimelist.net/images/anime/1900/110097.jpg,イジらないで、長瀞さん,12,11 Apr 2021,27 Jun 2021,"TMS Entertainment, Mainichi Broadcasting System, Kodansha, King Records",Telecom Animation Film,Telecom Animation Film,Web manga,PG-13 - Teens 13 or older,7.22,455946000000.0,3274,238.0,840873,8953,Best
2021,spring,Boku no Hero Academia 5th Season,https://cdn.myanimelist.net/images/anime/1911/113611.jpg,僕のヒーローアカデミア,25,27 Mar 2021,25 Sep 2021,"Dentsu, Movic, Sony Music Entertainment, TOHO animation, Shueisha",Bones,Bones,Manga,PG-13 - Teens 13 or older,7.36,647706000000.0,2543,115.0,1259149,10226,Best
2021,spring,Yuukoku no Moriarty Part 2,https://cdn.myanimelist.net/images/anime/1200/111522.jpg,憂国のモリアーティ,13,4 Apr 2021,27 Jun 2021,"Mainichi Broadcasting System, Shueisha, Yomiuri TV Enterprise, Bandai Namco Arts, Bandai Spirits",Production I.G,Production I.G,Manga,R - 17+ (violence & profanity),8.28,125968000000.0,302,954.0,270556,3217,Best
2021,summer,Vanitas no Karte,https://cdn.myanimelist.net/images/anime/1401/118483.jpg,ヴァニタスの手記,12,3 Jul 2021,18 Sep 2021,"Aniplex, Square Enix, Hakuhodo DY Music & Pictures, Contents Seed",Bones,Bones,Manga,R - 17+ (violence & profanity),7.9,234788000000.0,817,404.0,576940,7877,Best
2021,fall,"Shin no Nakama ja Nai to Yuusha no Party wo Oidasareta node, Henkyou de Slow Life suru Koto ni Shimashita",https://cdn.myanimelist.net/images/anime/1723/117854.jpg,真の仲間じゃないと勇者のパーティーを追い出されたので、辺境でスローライフすることにしました,13,6 Oct 2021,29 Dec 2021,"AT-X, Nippon Columbia, Kadokawa Media House, BS NTV, Kadokawa, Kyoto Broadcasting System","Studio Flad, Wolfsbane",Studio Flad,Light novel,PG-13 - Teens 13 or older,6.93,174143000000.0,4677,704.0,359952,2081,Best
2023,fall,"Shangri-La Frontier: Kusoge Hunter, Kamige ni Idoman to su",https://cdn.myanimelist.net/images/anime/1500/139931.jpg,シャングリラ・フロンティア～クソゲーハンター、神ゲーに挑まんとす～,25,1 Oct 2023,31 Mar 2024,"Dentsu, Mainichi Broadcasting System, Kodansha, flying DOG, Sammy, Crunchyroll, Tencent Japan, Netmarble",C2C,C2C,Manga,PG-13 - Teens 13 or older,8.08,180571000000.0,544,694.0,362047,2936,Best
2021,fall,Takt Op. Destiny,https://cdn.myanimelist.net/images/anime/1449/117797.jpg,takt op.Destiny,12,6 Oct 2021,22 Dec 2021,"DeNA, Bandai Namco Arts","Madhouse, MAPPA",Madhouse,Mixed media,PG-13 - Teens 13 or older,7.15,224744000000.0,3608,436.0,541297,4780,Best
2023,winter,Isekai Nonbiri Nouka,https://cdn.myanimelist.net/images/anime/1983/132329.jpg,異世界のんびり農家,12,6 Jan 2023,24 Mar 2023,"MediaNet, Pony Canyon, AT-X, Hakuhodo, Kadokawa, Saber Links",Zero-G,Zero-G,Light novel,PG-13 - Teens 13 or older,7.55,123935000000.0,1778,1048.0,245801,1937,Best
2021,fall,"Sekai Saikou no Ansatsusha, Isekai Kizoku ni Tensei suru",https://cdn.myanimelist.net/images/anime/1928/117620.jpg,世界最高の暗殺者、異世界貴族に転生する,12,6 Oct 2021,22 Dec 2021,"Lantis, Movic, AT-X, Glovision, TV Aichi, Crunchyroll, Kadokawa Media House, Kadokawa, Bandai Namco Arts","SILVER LINK., Studio Palette",SILVER LINK.,Light novel,PG-13 - Teens 13 or older,7.33,320283000000.0,2656,396.0,586008,4327,Best
2022,summer,Dungeon ni Deai wo Motomeru no wa Machigatteiru Darou ka IV: Shin Shou - Meikyuu-hen,https://cdn.myanimelist.net/images/anime/1318/126474.jpg,ダンジョンに出会いを求めるのは間違っているだろうかⅣ 新章 迷宮篇,11,23 Jul 2022,1 Oct 2022,"Genco, Movic, Warner Bros. Japan, KlockWorx, Hakuhodo DY Music & Pictures, Egg Firm, FuRyu, GREE, SB Creative",J.C.Staff,J.C.Staff,Light novel,R - 17+ (violence & profanity),7.74,159844000000.0,1179,672.0,374080,2119,Best
2022,spring,Aharen-san wa Hakarenai,https://cdn.myanimelist.net/images/anime/1612/120636.jpg,阿波連さんははかれない,12,2 Apr 2022,18 Jun 2022,bilibili,Felix Film,Felix Film,Manga,PG-13 - Teens 13 or older,7.28,154216000000.0,2921,706.0,359552,2292,Best
2022,fall,Mob Psycho 100 III,https://cdn.myanimelist.net/images/anime/1228/125011.jpg,モブサイコ100 III,12,6 Oct 2022,22 Dec 2022,"Shogakukan-Shueisha Productions, Warner Bros. Japan, KlockWorx, BS Fuji, Hakuhodo DY Music & Pictures, Shogakukan",Bones,Bones,Web manga,PG-13 - Teens 13 or older,8.71,380680000000.0,57,277.0,760243,11403,Best
2022,summer,Kumichou Musume to Sewagakari,https://cdn.myanimelist.net/images/anime/1454/122063.jpg,組長娘と世話係,12,7 Jul 2022,22 Sep 2022,"Pony Canyon, Bushiroad, Tokyo MX, Docomo Anime Store, bilibili, Micro Magazine Publishing, Bushiroad Move, Micro House","feel., Gaina",feel.,Web manga,PG-13 - Teens 13 or older,7.75,100683000000.0,1155,1072.0,241733,1162,Best
2023,spring,Jigokuraku,https://cdn.myanimelist.net/images/anime/1075/131925.jpg,地獄楽,13,1 Apr 2023,1 Jul 2023,Twin Engine,MAPPA,MAPPA,Manga,R - 17+ (violence & profanity),8.09,426563000000.0,530,258.0,794047,8651,Best
2022,summer,Lycoris Recoil,https://cdn.myanimelist.net/images/anime/1261/127311.jpg,リコリス・リコイル,13,2 Jul 2022,24 Sep 2022,"Aniplex, BS11, ABC Animation",A-1 Pictures,A-1 Pictures,Original,PG-13 - Teens 13 or older,8.15,262355000000.0,457,437.0,540013,9077,Best
2023,fall,Kimi no Koto ga Daidaidaidaidaisuki na 100-nin no Kanojo,https://cdn.myanimelist.net/images/anime/1812/136764.jpg,君のことが大大大大大好きな100人の彼女,12,8 Oct 2023,24 Dec 2023,"Lantis, Movic, Bushiroad, Tokyo MX, Shueisha, NetEase, Bushiroad Move, Bandai Namco Filmworks, Bandai Namco Music Live",Bibury Animation Studios,Bibury Animation Studios,Manga,PG-13 - Teens 13 or older,7.72,135561000000.0,1238,959.0,269858,2617,Best
2022,fall,Blue Lock,https://cdn.myanimelist.net/images/anime/1258/126929.jpg,ブルーロック,24,9 Oct 2022,26 Mar 2023,"TV Asahi, Lantis, Kodansha, Toy's Factory, Crunchyroll, Bandai Spirits, Bit grooove promotion, Bandai Namco Filmworks, Bandai Namco Music Live",8bit,8bit,Manga,PG-13 - Teens 13 or older,8.2,423829000000.0,396,265.0,785553,13619,Best
2022,spring,Ao Ashi,https://cdn.myanimelist.net/images/anime/1731/120871.jpg,アオアシ,24,9 Apr 2022,24 Sep 2022,"Shogakukan-Shueisha Productions, Marvelous Entertainment, NHK Enterprises, Bandai Spirits",Production I.G,Production I.G,Manga,PG-13 - Teens 13 or older,8.16,117167000000.0,446,1123.0,232059,3246,Best
2022,spring,Tate no Yuusha no Nariagari Season 2,https://cdn.myanimelist.net/images/anime/1143/121873.jpg,盾の勇者の成り上がり Season2,13,6 Apr 2022,29 Jun 2022,"Frontier Works, AT-X, Nippon Columbia, Glovision, Good Smile Company, Sammy, Crunchyroll, Kadokawa Media House, NTT Plala, Kadokawa","Kinema Citrus, DR Movie",Kinema Citrus,Light novel,PG-13 - Teens 13 or older,6.52,295132000000.0,6925,253.0,809874,12305,Best
2021,fall,Mieruko-chan,https://cdn.myanimelist.net/images/anime/1277/117155.jpg,見える子ちゃん,12,3 Oct 2021,19 Dec 2021,"AT-X, Magic Capsule, Tokyo MX, Docomo Anime Store, Kadokawa Media House, BS NTV, Kadokawa",Passione,Passione,Web manga,PG-13 - Teens 13 or older,7.39,240094000000.0,2410,449.0,525596,3379,Best
2024,summer,Sasayaku You ni Koi wo Utau,https://cdn.myanimelist.net/images/anime/1455/141858.jpg,ささやくように恋を唄う,12,14 Apr 2024,29 Dec 2024,"TV Asahi, NBCUniversal Entertainment Japan, Yomiuri TV Enterprise, Contents Seed, Ichijinsha, Live Viewing Japan, Bit grooove promotion, BS Asahi","Yokohama Animation Laboratory, Cloud Hearts",Yokohama Animation Laboratory,Manga,PG-13 - Teens 13 or older,6.67,1925419254.0,6062,2408.0,87634,781,Good
2024,spring,Ninja Kamui,https://cdn.myanimelist.net/images/anime/1142/141351.jpg,No Title,13,11 Feb 2024,5 May 2024,Sola Entertainment,E&H Production,E&H Production,Original,R - 17+ (violence & profanity),6.66,6794367943.0,6152,1409.0,178636,1082,Good
2021,spring,Nomad: Megalo Box 2,https://cdn.myanimelist.net/images/anime/1190/113352.jpg,NOMAD メガロボクス2,13,4 Apr 2021,27 Jun 2021,"Kodansha, Tohokushinsha Film Corporation, Bandai Namco Arts",TMS Entertainment,TMS Entertainment,Original,R - 17+ (violence & profanity),8.18,8709587095.0,417,1231.0,209567,2190,Good
2024,fall,Goukon ni Ittara Onna ga Inakatta Hanashi,https://cdn.myanimelist.net/images/anime/1198/145156.jpg,合コンに行ったら女がいなかった話,12,5 Oct 2024,21 Dec 2024,"Dentsu, Square Enix, Movic, KlockWorx, Studio Mausu, NBCUniversal Entertainment Japan, Kansai Telecasting, BS NTV, NetEase",Ashi Productions,Ashi Productions,Web manga,PG-13 - Teens 13 or older,7.4,1762717627.0,2370,3243.0,51798,299,Good
2023,fall,Tokyo Revengers: Tenjiku-hen,https://cdn.myanimelist.net/images/anime/1853/139843.jpg,東京リベンジャーズ 天竺編,13,4 Oct 2023,27 Dec 2023,"Mainichi Broadcasting System, Pony Canyon, Kodansha, AT-X, Ultra Super Pictures, Studio Mausu, Sammy",LIDENFILMS,LIDENFILMS,Manga,R - 17+ (violence & profanity),7.82,9762897628.0,1002,1173.0,222140,1504,Good
2023,fall,Atarashii Joushi wa Do Tennen,https://cdn.myanimelist.net/images/anime/1630/138388.jpg,新しい上司はど天然,12,7 Oct 2023,23 Dec 2023,"Aniplex, Movic, Tokyo MX, Akita Shoten, BS11, ABC Animation, ABC Frontier",A-1 Pictures,A-1 Pictures,Web manga,PG-13 - Teens 13 or older,7.92,2431124311.0,777,2928.0,63079,606,Good
2021,fall,Shiroi Suna no Aquatope,https://cdn.myanimelist.net/images/anime/1932/114952.jpg,白い砂のアクアトープ,24,9 Jul 2021,17 Dec 2021,"BS Fuji, Tokyo MX, Infinite, Forecast Communications, Kadokawa Media House, DMM pictures, Bandai Namco Arts, AQUA ARIS",P.A. Works,P.A. Works,Original,PG-13 - Teens 13 or older,7.51,5331953319.0,1903,1435.0,175827,1409,Good
2022,winter,Princess Connect! Re:Dive Season 2,https://cdn.myanimelist.net/images/anime/1906/117145.jpg,プリンセスコネクト! Re,12,11 Jan 2022,29 Mar 2022,"WOWOW, Nippon Columbia, Tokyo MX, BS11, Cygames",CygamesPictures,CygamesPictures,Game,PG-13 - Teens 13 or older,7.75,4937049370.0,1163,1790.0,134461,837,Good
2023,spring,Kimi wa Houkago Insomnia,https://cdn.myanimelist.net/images/anime/1402/134007.jpg,君は放課後インソムニア,13,11 Apr 2023,4 Jul 2023,"TV Tokyo, Pony Canyon, Ultra Super Pictures, Shogakukan, MAGNET, CHOCOLATE",LIDENFILMS,LIDENFILMS,Manga,PG-13 - Teens 13 or older,8.07,9221692216.0,572,1078.0,240522,2214,Good
2024,summer,VTuber Nandaga Haishin Kiri Wasuretara Densetsu ni Natteta,https://cdn.myanimelist.net/images/anime/1606/144506.jpg,VTuberなんだが配信切り忘れたら伝説になってた,12,7 Jul 2024,22 Sep 2024,"Movic, AT-X, Studio Mausu, BS NTV, Kadokawa, Kyoto Broadcasting System, DAXEL",TNK,TNK,Light novel,PG-13 - Teens 13 or older,7.05,2226822268.0,4154,2867.0,65548,209,Good
2024,fall,NegaPosi Angler,https://cdn.myanimelist.net/images/anime/1537/145325.jpg,ネガポジアングラー,12,3 Oct 2024,19 Dec 2024,"AT-X, Magic Capsule, bilibili, Tencent Japan, Kadokawa",Nut,Nut,Original,PG-13 - Teens 13 or older,7.37,1915519155.0,2483,3112.0,56231,244,Good
2023,summer,Yumemiru Danshi wa Genjitsushugisha,https://cdn.myanimelist.net/images/anime/1239/134810.jpg,夢見る男子は現実主義者,12,4 Jul 2023,19 Sep 2023,"Pony Canyon, DAX Production, Hobby Japan, BS NTV, MAGNET","Studio Gokumi, AXsiZ",Studio Gokumi,Light novel,PG-13 - Teens 13 or older,6.63,8733787337.0,6328,1371.0,186853,1083,Good
2023,summer,Higeki no Genkyou to Naru Saikyou Gedou Last Boss Joou wa Tami no Tame ni Tsukushimasu.,https://cdn.myanimelist.net/images/anime/1722/135542.jpg,悲劇の元凶となる最強外道ラスボス女王は民の為に尽くします。,12,7 Jul 2023,22 Sep 2023,"Mainichi Broadcasting System, Movic, Tokyo MX, BS11, Ichijinsha, Nichion, FuRyu, MAGNET, Myrica Music, AQUA ARIS, Pia",OLM,OLM,Light novel,PG-13 - Teens 13 or older,7.11,4841248412.0,3860,2099.0,108457,506,Good
2024,spring,Kenka Dokugaku,https://cdn.myanimelist.net/images/anime/1594/142521.jpg,喧嘩独学,12,11 Apr 2024,27 Jun 2024,"Dentsu, Fuji TV, GAGA, Slow Curve, Fujipacific Music, BS Fuji, Crunchyroll, Line Digital Frontier",Okuruto Noboru,Okuruto Noboru,Web manga,PG-13 - Teens 13 or older,7.34,3493234932.0,2615,2538.0,80637,316,Good
2023,fall,Kikansha no Mahou wa Tokubetsu desu,https://cdn.myanimelist.net/images/anime/1222/145668.jpg,帰還者の魔法は特別です,12,8 Oct 2023,24 Dec 2023,"Aniplex, Magic Capsule, Crunchyroll, D&C WEBTOON Biz, Kakao piccoma",Arvo Animation,Arvo Animation,Web manga,PG-13 - Teens 13 or older,7.06,7217372173.0,4102,1636.0,151169,457,Good
2023,fall,16bit Sensation: Another Layer,https://cdn.myanimelist.net/images/anime/1588/138395.jpg,16bitセンセーション ANOTHER LAYER,13,5 Oct 2023,28 Dec 2023,"Aniplex, Tokyo MX, BS11, Contents Seed",Silver,Silver,Web manga,PG-13 - Teens 13 or older,6.9,2405824058.0,4809,3083.0,57211,235,Good
2024,winter,Jaku-Chara Tomozaki-kun 2nd Stage,https://cdn.myanimelist.net/images/anime/1143/140807.jpg,弱キャラ友崎くん 2nd STAGE,13,3 Jan 2024,27 Mar 2024,"Pony Canyon, AT-X, KlockWorx, Asmik Ace, Tokyo MX, BS11, APDREAM, arma bianca, Bit grooove promotion, Dream Shift, Happinet Phantom Studios, Bergamo",Project No.9,Project No.9,Light novel,PG-13 - Teens 13 or older,7.04,5321753217.0,4171,1784.0,134780,606,Good
2024,summer,Tasogare Out Focus,https://cdn.myanimelist.net/images/anime/1708/142119.jpg,黄昏アウトフォーカス,12,4 Jul 2024,19 Sep 2024,"Sotsu, Kodansha, Movic, BS Fuji, Ai Addiction, Crunchyroll, AQUA ARIS",Studio Deen,Studio Deen,Manga,PG-13 - Teens 13 or older,7.47,1466014660.0,2079,3383.0,47958,418,Good
2021,spring,Bakuten!!,https://cdn.myanimelist.net/images/anime/1827/113510.jpg,バクテン!!,12,9 Apr 2021,25 Jun 2021,"Aniplex, Dentsu, Animax, Movic, Fuji TV, BS Fuji, Aeon Entertainment",Zexcs,Zexcs,Original,PG-13 - Teens 13 or older,7.49,4052640526.0,1992,2077.0,110530,924,Good
2024,winter,Dosanko Gal wa Namara Menkoi,https://cdn.myanimelist.net/images/anime/1937/136906.jpg,道産子ギャルはなまらめんこい,12,9 Jan 2024,26 Mar 2024,"TV Tokyo, Pony Canyon, DMM.com, Bit grooove promotion, Television Hokkaido Broadcasting","SILVER LINK., Blade",SILVER LINK.,Manga,PG-13 - Teens 13 or older,7.03,8184481844.0,4271,1375.0,185988,982,Good
2021,fall,Scarlet Nexus,https://cdn.myanimelist.net/images/anime/1314/116004.jpg,SCARLET NEXUS,26,1 Jul 2021,23 Dec 2021,"Sunrise Music, Bandai Namco Arts",Sunrise,Sunrise,Game,PG-13 - Teens 13 or older,5.71,2763427634.0,11301,2199.0,101733,501,Good
2021,summer,Mahouka Koukou no Yuutousei,https://cdn.myanimelist.net/images/anime/1719/116262.jpg,魔法科高校の優等生,13,3 Jul 2021,25 Sep 2021,Aniplex,Connect,Connect,Manga,PG-13 - Teens 13 or older,6.68,4463544635.0,6010,1731.0,139797,734,Good
2023,fall,Potion-danomi de Ikinobimasu!,https://cdn.myanimelist.net/images/anime/1182/138184.jpg,ポーション頼みで生き延びます!,12,8 Oct 2023,24 Dec 2023,"Pony Canyon, Kodansha, Delfi Sound, BS Fuji, Crunchyroll, ADK Marketing Solutions",Jumondo,Jumondo,Light novel,PG-13 - Teens 13 or older,6.55,2452024520.0,6775,3265.0,51166,75,Good
2022,spring,Honzuki no Gekokujou: Shisho ni Naru Tame ni wa Shudan wo Erandeiraremasen 3rd Season,https://cdn.myanimelist.net/images/anime/1976/122302.jpg,本好きの下剋上 ～司書になるためには手段を選んでいられません～ 第3期,10,12 Apr 2022,14 Jun 2022,"WOWOW, KlockWorx, flying DOG, BS Fuji, Yomiuri TV Enterprise, TO Books, JTB Next Creation, MediaNet Pictures, Happinet Phantom Studios",Ajia-do,Ajia-do,Light novel,PG-13 - Teens 13 or older,8.07,8404684046.0,566,1451.0,173724,971,Good
2022,fall,Berserk: Ougon Jidai-hen - Memorial Edition,https://cdn.myanimelist.net/images/anime/1607/127730.jpg,ベルセルク 黄金時代篇　MEMORIAL EDITION,13,2 Oct 2022,25 Dec 2022,"Aniplex, VAP, Hakusensha, Movic, Yahoo! Japan, Good Smile Company, Beyond C., KDDI, Rialto Entertainment",Studio 4°C,Studio 4°C,Manga,R+ - Mild Nudity,7.9,2040320403.0,826,3413.0,47300,360,Good
2023,winter,Urusei Yatsura (2022),https://cdn.myanimelist.net/images/anime/1233/129144.jpg,うる星やつら,23,14 Oct 2022,24 Mar 2023,"Aniplex, Dentsu, Shogakukan-Shueisha Productions, Fuji TV, Shogakukan, Fuji Creative",David Production,David Production,Manga,PG-13 - Teens 13 or older,7.41,5155751557.0,2328,1333.0,191595,1235,Good
2023,summer,Shiro Seijo to Kuro Bokushi,https://cdn.myanimelist.net/images/anime/1329/135096.jpg,白聖女と黒牧師,12,13 Jul 2023,28 Sep 2023,"Aniplex, Kodansha, Crunchyroll",Doga Kobo,Doga Kobo,4-koma manga,PG-13 - Teens 13 or older,7.37,3233432334.0,2500,2366.0,90135,442,Good
2023,summer,Masamune-kun no Revenge R,https://cdn.myanimelist.net/images/anime/1667/135587.jpg,政宗くんのリベンジR,12,3 Jul 2023,18 Sep 2023,"Lantis, AT-X, KlockWorx, BS Fuji, Tokyo MX, Crunchyroll, Ichijinsha, FuRyu, Lawson Entertainment, Bandai Namco Music Live",SILVER LINK.,SILVER LINK.,Manga,PG-13 - Teens 13 or older,7.23,8827888278.0,3217,1135.0,228982,1316,Good
2024,summer,Katsute Mahou Shoujo to Aku wa Tekitai shiteita.,https://cdn.myanimelist.net/images/anime/1653/143959.jpg,かつて魔法少女と悪は敵対していた。,12,9 Jul 2024,24 Sep 2024,"Square Enix, Shochiku, AT-X, Tohokushinsha Film Corporation, Avex Pictures, Marui Group",Bones,Bones,Manga,PG-13 - Teens 13 or older,7.57,3109931099.0,1672,2403.0,87731,416,Good
2021,spring,Kingdom 3rd Season,https://cdn.myanimelist.net/images/anime/1443/111830.jpg,キングダム 第3シリーズ,26,6 Apr 2020,17 Oct 2021,Shueisha,"Pierrot, Studio Signpost",Pierrot,Manga,R - 17+ (violence & profanity),8.83,4576645766.0,30,2033.0,113997,2347,Good
2024,winter,Captain Tsubasa Season 2: Junior Youth-hen,https://cdn.myanimelist.net/images/anime/1716/137279.jpg,キャプテン翼シーズン2 ジュニアユース編,39,1 Oct 2023,30 Jun 2024,"TV Tokyo, Nihon Ad Systems, Warner Bros. Japan, Shueisha",Studio Kai,Studio Kai,Manga,G - All Ages,7.42,58005800.0,2288,5705.0,15223,108,Medium
2021,winter,Osomatsu-san 3rd Season,https://cdn.myanimelist.net/images/anime/1290/113445.jpg,おそ松さん 第3期,25,13 Oct 2020,30 Mar 2021,"TV Tokyo, Dentsu, Rakuonsha, Avex Pictures, Daiichi Shokai",Pierrot,Pierrot,Manga,R - 17+ (violence & profanity),7.4,84058405.0,2355,4751.0,24097,111,Medium
2021,winter,Project Scard: Praeter no Kizu,https://cdn.myanimelist.net/images/anime/1239/111647.jpg,PROJECT SCARD プレイタの傷,13,9 Jan 2021,3 Apr 2021,"Frontier Works, Glovision, Soranone",GoHands,GoHands,Mixed media,PG-13 - Teens 13 or older,5.92,86828682.0,10346,3960.0,35651,145,Medium
2022,spring,Cue!,https://cdn.myanimelist.net/images/anime/1039/120173.jpg,CUE!,24,8 Jan 2022,25 Jun 2022,"Pony Canyon, APDREAM, Liber Entertainment","Yumeta Company, Graphinica",Yumeta Company,Game,PG-13 - Teens 13 or older,6.78,78767876.0,5425,4539.0,26904,148,Medium
2021,spring,Cestvs: The Roman Fighter,https://cdn.myanimelist.net/images/anime/1291/114014.jpg,セスタス-The Roman Fighter-,11,15 Apr 2021,24 Jun 2021,"Hakusensha, Fuji TV, Bandai, Bandai Namco Live Creative, BS Fuji, Hakuhodo DY Media Partners, Bandai Spirits",Bandai Namco Pictures,Bandai Namco Pictures,Manga,PG-13 - Teens 13 or older,5.95,80318031.0,10191,5002.0,21343,86,Medium
2024,spring,Tonari no Youkai-san,https://cdn.myanimelist.net/images/anime/1058/141559.jpg,となりの妖怪さん,13,7 Apr 2024,30 Jun 2024,"ABC Animation, East Press",LIDENFILMS,LIDENFILMS,Web manga,PG-13 - Teens 13 or older,7.29,72947294.0,2880,4843.0,23025,72,Medium
2021,fall,Shikizakura,https://cdn.myanimelist.net/images/anime/1175/116578.jpg,シキザクラ,12,10 Oct 2021,26 Dec 2021,Chukyo TV Broadcasting,Sublimation,Sublimation,Original,PG-13 - Teens 13 or older,5.84,34033403.0,10744,5360.0,17848,50,Medium
2022,spring,Gunjou no Fanfare,https://cdn.myanimelist.net/images/anime/1769/122296.jpg,群青のファンファーレ,13,2 Apr 2022,25 Jun 2022,"Aniplex, Half H.P Studio, Tokyo MX, BS11, Koei Tecmo Games, Hakuhodo, Hochi Shimbun",Lay-duce,Lay-duce,Original,PG-13 - Teens 13 or older,6.15,72777277.0,9108,4604.0,25994,130,Medium
2023,spring,Tokyo Mew Mew New ♡ 2nd Season,https://cdn.myanimelist.net/images/anime/1274/133807.jpg,東京ミュウミュウ にゅ～♡,12,5 Apr 2023,21 Jun 2023,"TV Tokyo, Dentsu, Pony Canyon, Kodansha","Yumeta Company, Graphinica",Yumeta Company,Manga,PG-13 - Teens 13 or older,6.71,45804580.0,5866,5612.0,15836,59,Medium
2022,summer,Renmei Kuugun Koukuu Mahou Ongakutai Luminous Witches,https://cdn.myanimelist.net/images/anime/1085/125306.jpg,連盟空軍航空魔法音楽隊 ルミナスウィッチーズ,12,3 Jul 2022,25 Sep 2022,"AT-X, Docomo Anime Store, Sammy, TV Aichi, Kadokawa Media House, DeNA, Production Ace, BS NTV, Kadokawa",Shaft,Shaft,Original,PG-13 - Teens 13 or older,6.68,57695769.0,6020,4660.0,25193,70,Medium
2024,summer,Shy 2nd Season,https://cdn.myanimelist.net/images/anime/1518/143558.jpg,シャイ 東京奪還編,12,2 Jul 2024,24 Sep 2024,"TV Tokyo, Bandai, Akita Shoten, ADK Marketing Solutions, Bandai Namco Filmworks, Bandai Namco Music Live, Yostar",8bit,8bit,Manga,PG-13 - Teens 13 or older,6.92,90859085.0,4744,4438.0,28073,67,Medium
2024,summer,Ramen Akaneko,https://cdn.myanimelist.net/images/anime/1805/142211.jpg,ラーメン赤猫,12,4 Jul 2024,19 Sep 2024,"TBS, Movic, GAGA, Tohokushinsha Film Corporation, Bushiroad, Good Smile Company, Legs",E&H Production,E&H Production,Manga,PG-13 - Teens 13 or older,7.38,52375237.0,2472,5734.0,15020,84,Medium
2021,summer,Yami Shibai 9,https://cdn.myanimelist.net/images/anime/1880/115566.jpg,闇芝居 九期,13,12 Jul 2021,4 Oct 2021,"None found, add some","ILCA, DRAWIZ, yell",ILCA,Original,PG-13 - Teens 13 or older,5.91,52665266.0,10410,6012.0,13302,40,Medium
2021,spring,Blue Reflection Ray,https://cdn.myanimelist.net/images/anime/1634/114551.jpg,BLUE REFLECTION RAY/澪,24,10 Apr 2021,25 Sep 2021,"Mainichi Broadcasting System, Magic Capsule, DMM pictures",J.C.Staff,J.C.Staff,Game,PG-13 - Teens 13 or older,5.86,71507150.0,10643,4198.0,31502,106,Medium
2023,spring,Hirogaru Sky! Precure,https://cdn.myanimelist.net/images/anime/1762/135268.jpg,ひろがるスカイ！プリキュア,50,5 Feb 2023,28 Jan 2024,"ABC Animation, ADK Emotions",Toei Animation,Toei Animation,Original,G - All Ages,7.61,38543854.0,1554,6384.0,11386,157,Medium
2024,spring,Touken Ranbu Kai: Kyoden Moyuru Honnouji,https://cdn.myanimelist.net/images/anime/1941/142048.jpg,刀剣乱舞 廻 -虚伝 燃ゆる本能寺-,8,2 Apr 2024,21 May 2024,"Marvelous Entertainment, Rakuonsha, Nitroplus, TOHO animation, EXNOA",domerica,domerica,Other,PG-13 - Teens 13 or older,6.11,20672067.0,9362,5989.0,13384,45,Medium
2022,spring,Jantama Pong☆,https://cdn.myanimelist.net/images/anime/1080/124640.jpg,じゃんたま PONG☆,11,9 Apr 2022,18 Jun 2022,Yostar,Scooter Films,Scooter Films,Game,PG-13 - Teens 13 or older,6.09,39203920.0,9462,7101.0,8866,17,Medium
2021,fall,Tsukipro The Animation 2,https://cdn.myanimelist.net/images/anime/1651/116291.jpg,TSUKIPRO THE ANIMATION 2,13,7 Jul 2021,29 Dec 2021,AZ Creative,PRA,PRA,Mixed media,PG-13 - Teens 13 or older,6.4,13381338.0,7682,7390.0,7965,49,Medium
2024,fall,Kamierabi 2nd Season,https://cdn.myanimelist.net/images/anime/1475/145570.jpg,カミエラビ GOD.app,12,3 Oct 2024,19 Dec 2024,"Dentsu, Fuji TV, KlockWorx, Tokyopop, Slow Curve, BS Fuji, Crunchyroll",Unend,Unend,Original,PG-13 - Teens 13 or older,6.21,20162016.0,8794,7579.0,7479,18,Medium
2021,winter,Maiko-san Chi no Makanai-san,https://cdn.myanimelist.net/images/anime/1355/111545.jpg,舞妓さんちのまかないさん,12,25 Feb 2021,27 Jan 2022,"NHK, NHK Enterprises",J.C.Staff,J.C.Staff,Manga,PG-13 - Teens 13 or older,7.03,47014701.0,4253,5166.0,19674,68,Medium
2024,summer,Na Nare Hana Nare,https://cdn.myanimelist.net/images/anime/1430/143526.jpg,菜なれ花なれ,12,7 Jul 2024,22 Sep 2024,"TV Tokyo, DMM.com, NetEase, AmiAmi",P.A. Works,P.A. Works,Original,PG-13 - Teens 13 or older,6.38,89498949.0,7783,4262.0,30495,75,Medium
2021,summer,"Ore, Tsushima",https://cdn.myanimelist.net/images/anime/1916/112514.jpg,俺、つしま,12,2 Jul 2021,18 Sep 2021,Asmik Ace,"Fanworks, Space Neko Company",Fanworks,Manga,PG-13 - Teens 13 or older,6.94,83778377.0,4637,5151.0,19772,172,Medium
2022,spring,Black★★Rock Shooter:  Dawn Fall,https://cdn.myanimelist.net/images/anime/1549/121866.jpg,ブラック★★ロックシューター DAWN FALL,12,3 Apr 2022,19 Jun 2022,Unlimited Produce by TMS,"Bibury Animation Studios, Bibury Animation CG",Bibury Animation Studios,Other,PG-13 - Teens 13 or older,5.95,93939393.0,10187,3552.0,44366,349,Medium
2021,winter,Idolls!,https://cdn.myanimelist.net/images/anime/1886/119199.jpg,アイドールズ!,10,8 Jan 2021,12 Mar 2021,"81 Produce, RAY, Stray Cats, BS Asahi",Shin-Ei Animation,Shin-Ei Animation,Original,PG-13 - Teens 13 or older,5.07,23542354.0,13123,8646.0,5448,12,Medium
2024,winter,Cardfight!! Vanguard: Divinez,https://cdn.myanimelist.net/images/anime/1401/140964.jpg,カードファイト!! ヴァンガード DivineZ,13,13 Jan 2024,20 Apr 2024,Bushiroad,"Kinema Citrus, GIFTanimation, Studio Jemi",Kinema Citrus,Original,PG-13 - Teens 13 or older,7.02,12011201.0,4284,9767.0,3805,18,Medium
2022,winter,Yu☆Gi☆Oh! Sevens,https://cdn.myanimelist.net/images/anime/1148/106883.jpg,遊☆戯☆王 SEVENS,92,4 Apr 2020,27 Mar 2022,"TV Tokyo, Konami, Shueisha, Konami Cross Media NY",Bridge,Bridge,Card game,PG-13 - Teens 13 or older,6.2,49084908.0,8864,5260.0,18794,88,Medium
2023,fall,Kibou no Chikara: Otona Precure '23,https://cdn.myanimelist.net/images/anime/1192/138182.jpg,キボウノチカラ～オトナプリキュア'23～,12,7 Oct 2023,23 Dec 2023,"None found, add some","Toei Animation, Studio Deen",Toei Animation,Original,PG-13 - Teens 13 or older,6.59,25112511.0,6514,7042.0,9012,32,Medium
2021,winter,Abciee Shuugyou Nikki,https://cdn.myanimelist.net/images/anime/1548/110221.jpg,エビシー修業日記,12,7 Jan 2021,25 Mar 2021,ABC Animation,Fanworks,Fanworks,Other,PG - Children,5.45,15491549.0,12259,10310.0,3187,4,Medium
2022,summer,Delicious Party♡Precure,https://cdn.myanimelist.net/images/anime/1332/120430.jpg,デリシャスパーティ♡プリキュア,45,6 Feb 2022,29 Jan 2023,"TV Asahi, Asatsu DK, Asahi Broadcasting, ABC Animation, ADK Emotions",Toei Animation,Toei Animation,Original,G - All Ages,6.86,34183418.0,5031,6465.0,11064,121,Medium
2024,fall,The iDOLM@STER Shiny Colors 2nd Season,https://cdn.myanimelist.net/images/anime/1978/145055.jpg,アイドルマスター シャイニーカラーズ 2nd season,12,5 Oct 2024,21 Dec 2024,"Lantis, Bandai Namco Entertainment",Polygon Pictures,Polygon Pictures,Game,PG-13 - Teens 13 or older,6.32,11741174.0,8173,9205.0,4558,20,Medium
2021,spring,Rebirth,https://cdn.myanimelist.net/images/anime/1640/115820.jpg,りばあす,48,5 Jan 2020,23 Jun 2021,LIDENFILMS,LIDENFILMS Osaka Studio,LIDENFILMS Osaka Studio,Card game,PG-13 - Teens 13 or older,5.84,937937.0,10723,9188.0,4582,3,Bad
2021,spring,Kiratto Pri☆chan Season 3,https://cdn.myanimelist.net/images/anime/1500/105552.jpg,キラッとプリ☆チャン シーズン3,51,5 Apr 2020,30 May 2021,syn Sophia,Tatsunoko Production,Tatsunoko Production,Game,PG - Children,7.23,972972.0,3212,10519.0,3008,11,Bad
2021,summer,Dinosaur Biyori,https://cdn.myanimelist.net/images/anime/1382/116139.jpg,ダイナ荘びより,26,4 Apr 2021,26 Sep 2021,"Aniplex, Sony Music Entertainment, Sony Creative Products",Fanworks,Fanworks,Original,G - All Ages,5.97,323323.0,10049,11633.0,2166,16,Bad
2021,spring,Mazica Party,https://cdn.myanimelist.net/images/anime/1740/113501.jpg,マジカパーティ,51,4 Apr 2021,27 Mar 2022,"Dentsu, TV Osaka",OLM,OLM,Original,G - All Ages,5.89,263263.0,10490,12206.0,1805,10,Bad
2021,winter,Okashi na Sabaku no Suna to Manu,https://cdn.myanimelist.net/images/anime/1208/111257.jpg,おかしなさばくのスナとマヌ,50,14 Feb 2021,2 Feb 2022,CHANCE iN,Kachidoki Studio,Kachidoki Studio,Manga,PG - Children,5.71,227227.0,11323,12330.0,1729,6,Bad
2023,fall,Rail Romanesque 2,https://cdn.myanimelist.net/images/anime/1214/137093.jpg,レヱル・ロマネスク2,13,6 Oct 2023,29 Dec 2023,"None found, add some","Yokohama Animation Laboratory, Cloud Hearts",Yokohama Animation Laboratory,Visual novel,PG-13 - Teens 13 or older,5.61,817817.0,11771,7684.0,7235,9,Bad
2021,winter,Rebirth,https://cdn.myanimelist.net/images/anime/1640/115820.jpg,りばあす,48,5 Jan 2020,23 Jun 2021,LIDENFILMS,LIDENFILMS Osaka Studio,LIDENFILMS Osaka Studio,Card game,PG-13 - Teens 13 or older,5.84,937937.0,10723,9188.0,4582,3,Bad
2024,spring,Shadowverse Flame: Arc-hen,https://cdn.myanimelist.net/images/anime/1826/140574.jpg,シャドウバースFLAME アーク編,23,13 Apr 2024,28 Sep 2024,TV Tokyo,Zexcs,Zexcs,Card game,PG-13 - Teens 13 or older,6.65,501501.0,6207,11245.0,2431,10,Bad
2021,winter,Kiratto Pri☆chan Season 3,https://cdn.myanimelist.net/images/anime/1500/105552.jpg,キラッとプリ☆チャン シーズン3,51,5 Apr 2020,30 May 2021,syn Sophia,Tatsunoko Production,Tatsunoko Production,Game,PG - Children,7.23,972972.0,3212,10519.0,3008,11,Bad
2021,fall,Okashi na Sabaku no Suna to Manu,https://cdn.myanimelist.net/images/anime/1208/111257.jpg,おかしなさばくのスナとマヌ,50,14 Feb 2021,2 Feb 2022,CHANCE iN,Kachidoki Studio,Kachidoki Studio,Manga,PG - Children,5.71,227227.0,11323,12330.0,1729,6,Bad
2021,summer,Mazica Party,https://cdn.myanimelist.net/images/anime/1740/113501.jpg,マジカパーティ,51,4 Apr 2021,27 Mar 2022,"Dentsu, TV Osaka",OLM,OLM,Original,G - All Ages,5.89,263263.0,10490,12206.0,1805,10,Bad
2024,summer,Cardfight!! Vanguard: Divinez Season 2,https://cdn.myanimelist.net/images/anime/1235/143504.jpg,カードファイト!! ヴァンガード Divinez Season2,13,6 Jul 2024,12 Oct 2024,Bushiroad,"Kinema Citrus, GIFTanimation, Studio Jemi",Kinema Citrus,Original,PG-13 - Teens 13 or older,7.11,795795.0,3846,11135.0,2501,12,Bad
2022,summer,KJ File,https://cdn.myanimelist.net/images/anime/1010/123667.jpg,KJ FILE (KJファイル),13,11 Jul 2022,3 Oct 2022,TV Tokyo,"ILCA, yell",ILCA,Original,PG-13 - Teens 13 or older,4.64,492492.0,13550,7277.0,8337,68,Bad
2021,winter,Garugaku.: Sei Girls Square Gakuin,https://cdn.myanimelist.net/images/anime/1369/117208.jpg,ガル学. ~聖ガールズスクエア学院~,50,6 Apr 2020,29 Mar 2021,"None found, add some","OLM, Wit Studio",OLM,Mixed media,PG-13 - Teens 13 or older,5.61,438438.0,11746,11138.0,2497,5,Bad
2022,summer,5-Okunen Button,https://cdn.myanimelist.net/images/anime/1084/124654.jpg,5億年ボタン,12,15 Jul 2022,30 Sep 2022,"None found, add some",Studio Sota,Studio Sota,Other,PG-13 - Teens 13 or older,6.16,190190.0,9057,14395.0,957,2,Bad
2022,winter,Garugaku. II: Lucky Stars,https://cdn.myanimelist.net/images/anime/1225/120623.jpg,ガル学。II〜Lucky Stars〜,50,10 Jan 2022,18 Mar 2022,"None found, add some",OLM,OLM,Mixed media,PG-13 - Teens 13 or older,5.94,178178.0,10220,12725.0,1521,11,Bad
2021,winter,Tomica Kizuna Gattai: Earth Granner,https://cdn.myanimelist.net/images/anime/1274/114349.jpg,トミカ絆合体 アースグランナー,51,5 Apr 2020,28 Mar 2021,"None found, add some",OLM,OLM,Other,PG - Children,5.91,272272.0,10405,12523.0,1628,2,Bad
2024,summer,Egumi Legacy,https://cdn.myanimelist.net/images/anime/1755/143273.jpg,エグミレガシー,12,9 Jul 2024,24 Sep 2024,"Happinet Phantom Studios, Frontier International, Chuo Eigaboeki, Odessa Entertainment, Masaka",Studio Outrigger,Studio Outrigger,Card game,PG-13 - Teens 13 or older,6.69,693693.0,5949,12378.0,1696,11,Bad
2022,winter,Mazica Party,https://cdn.myanimelist.net/images/anime/1740/113501.jpg,マジカパーティ,51,4 Apr 2021,27 Mar 2022,"Dentsu, TV Osaka",OLM,OLM,Original,G - All Ages,5.89,263263.0,10490,12205.0,1805,10,Bad
2024,spring,Nyaaaanvy,https://cdn.myanimelist.net/images/anime/1857/143301.jpg,ニャンビー,6,25 May 2024,29 Jun 2024,"None found, add some","Shin-Ei Animation, Lesprit",Shin-Ei Animation,Game,G - All Ages,5.69,164164.0,11420,17105.0,490,0,Bad
2024,summer,Naoe-kun wa Yasesasetai.,https://cdn.myanimelist.net/images/anime/1795/144366.jpg,直江くんは痩せさせたい。,12,7 Jul 2024,22 Sep 2024,"None found, add some",AQUA ARIS,AQUA ARIS,Manga,PG-13 - Teens 13 or older,5.44,212212.0,12290,15798.0,652,1,Bad
2022,spring,Kidou Senshi Gundam: Tekketsu no Orphans - Tokubetsu-hen,https://cdn.myanimelist.net/images/anime/1957/122576.jpg,機動戦士ガンダム 鉄血のオルフェンズ 特別編,9,5 Apr 2022,31 May 2022,"None found, add some",Sunrise,Sunrise,Original,R - 17+ (violence & profanity),6.6,282282.0,6499,11258.0,2424,13,Bad
2024,summer,Shadowverse Flame: Arc-hen,https://cdn.myanimelist.net/images/anime/1826/140574.jpg,シャドウバースFLAME アーク編,23,13 Apr 2024,28 Sep 2024,TV Tokyo,Zexcs,Zexcs,Card game,PG-13 - Teens 13 or older,6.65,501501.0,6207,11247.0,2431,10,Bad
2024,fall,Murder Mystery of the Dead,https://cdn.myanimelist.net/images/anime/1582/145611.jpg,マーダーミステリー・オブ・ザ・デッド,6,14 Nov 2024,26 Dec 2024,"ABC Animation, Balus","None found, add some",None found,Game,R - 17+ (violence & profanity),5.81,140140.0,10886,8755.0,5264,21,Bad
2021,winter,Seizei Ganbare! Mahou Shoujo Kurumi 3rd Season,https://cdn.myanimelist.net/images/anime/1097/108552.jpg,せいぜいがんばれ！魔法少女くるみ,25,7 Oct 2020,29 Sep 2021,Lantis,Pie in the sky,Pie in the sky,Original,G - All Ages,6.3,153153.0,8271,13185.0,1333,2,Bad
2024,winter,Chou Futsuu Ken Chiba Densetsu,https://cdn.myanimelist.net/images/anime/1374/132638.jpg,超普通県チバ伝説,13,5 Jan 2024,29 Mar 2024,Kadokawa,Super Normal Studio,Super Normal Studio,Original,PG-13 - Teens 13 or older,5.14,468468.0,13023,8605.0,5501,10,Bad
2023,fall,Bikkurimen,https://cdn.myanimelist.net/images/anime/1972/138478.jpg,ビックリメン,12,5 Oct 2023,21 Dec 2023,"Avex Entertainment, Shin-Ei Animation, FuRyu, ADK Emotions, BS Asahi, INSPION Edge, qooop",Lesprit,Lesprit,Other,PG-13 - Teens 13 or older,5.47,565565.0,12209,10197.0,3311,5,Bad
2023,winter,Flaglia: Natsuyasumi no Monogatari,https://cdn.myanimelist.net/images/anime/1065/129807.jpg,『FLAGLIA』～なつやすみの物語～,6,17 Jan 2023,31 Jan 2023,"None found, add some",Gaina,Gaina,Mixed media,PG-13 - Teens 13 or older,5.16,300300.0,12979,9099.0,4715,34,Bad
2024,fall,Hyakushou Kizoku 2nd Season,https://cdn.myanimelist.net/images/anime/1107/145108.jpg,百姓貴族 2nd Season,12,4 Oct 2024,20 Dec 2024,"None found, add some",Pie in the sky,Pie in the sky,Manga,PG-13 - Teens 13 or older,6.75,704704.0,5610,11711.0,2118,7,Bad
2021,winter,Kindan Joshi,https://cdn.myanimelist.net/images/anime/1102/111039.jpg,禁男女子,5,29 Dec 2020,3 Jan 2021,"Bandai, Chukyo TV Broadcasting, FIREBUG","None found, add some",None found,Original,PG-13 - Teens 13 or older,4.94,175175.0,13270,14942.0,822,4,Bad
