,year,season,jp_title,en_title,img,Japanese,English,Type,Episodes,Status,Aired,Premiered,Broadcast,Producers,Licensors,Studios,Source,Genres,Themes,Demographic,Duration,Rating,Score,Ranked,Popularity,Members,Favorites,Theme,Synonyms,Genre,German,Spanish,French
0,2023,winter,Vinland Saga Season 2,,https://cdn.myanimelist.net/images/anime/1170/124312.jpg,ヴィンランド・サガ SEASON2,Vinland Saga Season 2,TV,24,Finished Airing,"Jan 10, 2023 to Jun 20, 2023",Winter 2023,Tuesdays at 00,"Dentsu,       Kodansha,       Twin Engine","None found, add some",MAPPA,Manga,"ActionAction,         AdventureAdventure,         DramaDrama","GoreGore,         HistoricalHistorical",SeinenSeinen,25 min. per ep.,R - 17+ (violence & profanity),"8.811 (scored by 388818388,818 users)
      


1
          indicates a weighted score.","#322

2
    based on the top anime page. Please note that 'Not yet aired' and 'R18+' titles are excluded.",#298,"715,626","17,161",,,,,,
1,2023,winter,Tomo-chan wa Onnanoko!,Tomo-chan Is a Girl!,https://cdn.myanimelist.net/images/anime/1444/131828.jpg,トモちゃんは女の子！,Tomo-chan Is a Girl!,TV,13,Finished Airing,"Jan 5, 2023 to Mar 30, 2023",Winter 2023,Thursdays at 00,"Aniplex,       Seikaisha,       Crunchyroll,       INSPION Edge,       Three S Studio","None found, add some",Lay-duce,Web manga,"ComedyComedy,         RomanceRomance",,,23 min. per ep.,PG-13 - Teens 13 or older,"7.751 (scored by 233486233,486 users)
      


1
          indicates a weighted score.","#11502

2
    based on the top anime page. Please note that 'Not yet aired' and 'R18+' titles are excluded.",#539,"448,303","3,063",SchoolSchool,,,,,
2,2023,winter,Tokyo Revengers: Seiya Kessen-hen,Tokyo Revengers: Christmas Showdown,https://cdn.myanimelist.net/images/anime/1773/132313.jpg,東京リベンジャーズ 聖夜決戦編,Tokyo Revengers,TV,13,Finished Airing,"Jan 8, 2023 to Apr 2, 2023",Winter 2023,Sundays at 02,"Mainichi Broadcasting System,       Pony Canyon,       Kodansha,       AT-X,       Ultra Super Pictures,       Studio Mausu,       Sammy","None found, add some",LIDENFILMS,Manga,"ActionAction,         DramaDrama","DelinquentsDelinquents,         Time TravelTime Travel",ShounenShounen,23 min. per ep.,R - 17+ (violence & profanity),"7.641 (scored by 171280171,280 users)
      


1
          indicates a weighted score.","#14592

2
    based on the top anime page. Please note that 'Not yet aired' and 'R18+' titles are excluded.",#641,"390,353","2,546",,,,,,
3,2023,winter,"Maou Gakuin no Futekigousha II: Shijou Saikyou no Maou no Shiso, Tensei shite Shison-tachi no Gakkou e Kayou",The Misfit of Demon King Academy Ⅱ,https://cdn.myanimelist.net/images/anime/1369/139553.jpg,魔王学院の不適合者 II～史上最強の魔王の始祖、転生して子孫たちの学校へ通う～,The Misfit of Demon King Academy Ⅱ,TV,12,Finished Airing,"Jan 8, 2023 to Sep 24, 2023",Winter 2023,Sundays at 00,"Aniplex,       Movic,       AT-X,       Tokyo MX,       Q-Tec,       Docomo Anime Store,       Medicos Entertainment,       BS11,       Yomiuri TV Enterprise,       Contents Seed,       Kadokawa,       ADK Marketing Solutions",Aniplex of America,SILVER LINK.,Light novel,"ActionAction,         FantasyFantasy","ReincarnationReincarnation,         SchoolSchool",,23 min. per ep.,R - 17+ (violence & profanity),"6.861 (scored by 114121114,121 users)
      


1
          indicates a weighted score.","#50142

2
    based on the top anime page. Please note that 'Not yet aired' and 'R18+' titles are excluded.",#668,"375,419","4,010",,Maou Gakuin no Futekigousha,,,,
4,2023,winter,Otonari no Tenshi-sama ni Itsunomanika Dame Ningen ni Sareteita Ken,The Angel Next Door Spoils Me Rotten,https://cdn.myanimelist.net/images/anime/1240/133638.jpg,お隣の天使様にいつの間にか駄目人間にされていた件,The Angel Next Door Spoils Me Rotten,TV,12,Finished Airing,"Jan 7, 2023 to Mar 25, 2023",Winter 2023,Saturdays at 22,"Pony Canyon,       Movic,       Magic Capsule,       TOHO animation,       Tokyo MX,       Good Smile Company,       Miracle Bus,       Pia,       SB Creative,       Toho Music","None found, add some",Project No.9,Light novel,,,,23 min. per ep.,PG-13 - Teens 13 or older,"7.831 (scored by 195546195,546 users)
      


1
          indicates a weighted score.","#9772

2
    based on the top anime page. Please note that 'Not yet aired' and 'R18+' titles are excluded.",#688,"364,620","6,033",SchoolSchool,,RomanceRomance,,,
5,2023,winter,Bungou Stray Dogs 4th Season,Bungo Stray Dogs 4,https://cdn.myanimelist.net/images/anime/1263/132759.jpg,文豪ストレイドッグス,Bungo Stray Dogs 4,TV,13,Finished Airing,"Jan 4, 2023 to Mar 29, 2023",Winter 2023,Wednesdays at 23,"WOWOW,       Lantis,       Movic,       Glovision,       Crunchyroll,       Kadokawa,       Sony Music Solutions,       Bandai Namco Music Live","None found, add some",Bones,Manga,"ActionAction,         MysteryMystery","Adult CastAdult Cast,         DetectiveDetective,         Organized CrimeOrganized Crime,         Super PowerSuper Power",SeinenSeinen,23 min. per ep.,R - 17+ (violence & profanity),"8.431 (scored by 128423128,423 users)
      


1
          indicates a weighted score.","#1762

2
    based on the top anime page. Please note that 'Not yet aired' and 'R18+' titles are excluded.",#798,"322,579","3,345",,,,,,
6,2023,winter,NieR:Automata Ver1.1a,,https://cdn.myanimelist.net/images/anime/1399/128318.jpg,NieR,,TV,12,Finished Airing,"Jan 8, 2023 to Jul 23, 2023",Winter 2023,Sundays at 00,"Aniplex,       Square Enix",Aniplex of America,A-1 Pictures,Game,"ActionAction,         FantasyFantasy,         Sci-FiSci-Fi",,,23 min. per ep.,R - 17+ (violence & profanity),"7.531 (scored by 8577785,777 users)
      


1
          indicates a weighted score.","#18642

2
    based on the top anime page. Please note that 'Not yet aired' and 'R18+' titles are excluded.",#827,"313,008","2,298",,,,,,
7,2023,winter,Buddy Daddies,,https://cdn.myanimelist.net/images/anime/1553/133767.jpg,Buddy Daddies,,TV,12,Finished Airing,"Jan 7, 2023 to Apr 1, 2023",Winter 2023,Saturdays at 00,"Aniplex,       Movic,       Nitroplus,       Tokyo MX,       Nagoya Broadcasting Network,       BS11,       Bit grooove promotion",Crunchyroll,P.A. Works,Original,"ActionAction,         ComedyComedy","ChildcareChildcare,         Organized CrimeOrganized Crime",,24 min. per ep.,PG-13 - Teens 13 or older,"8.111 (scored by 139708139,708 users)
      


1
          indicates a weighted score.","#5142

2
    based on the top anime page. Please note that 'Not yet aired' and 'R18+' titles are excluded.",#832,"311,852","3,315",,,,,,
8,2023,winter,"Ijiranaide, Nagatoro-san 2nd Attack","Don't Toy with Me, Miss Nagatoro 2nd Attack",https://cdn.myanimelist.net/images/anime/1902/129579.jpg,イジらないで、長瀞さん 2nd Attack,"Don't Toy with Me, Miss Nagatoro 2nd Attack",TV,12,Finished Airing,"Jan 8, 2023 to Mar 26, 2023",Winter 2023,Sundays at 01,"TMS Entertainment,       Mainichi Broadcasting System,       Kodansha,       King Records","None found, add some",OLM,Web manga,"ComedyComedy,         RomanceRomance","Love Status QuoLove Status Quo,         SchoolSchool",,23 min. per ep.,PG-13 - Teens 13 or older,"7.461 (scored by 129855129,855 users)
      


1
          indicates a weighted score.","#21272

2
    based on the top anime page. Please note that 'Not yet aired' and 'R18+' titles are excluded.",#849,"307,294","2,060",,"Don't Toy with Me, Miss Nagatoro 2nd Season, Ijiranaide, Nagatoro-san 2nd Season",,,,
9,2023,winter,Tondemo Skill de Isekai Hourou Meshi,Campfire Cooking in Another World with My Absurd Skill,https://cdn.myanimelist.net/images/anime/1661/131889.jpg,とんでもスキルで異世界放浪メシ,Campfire Cooking in Another World with My Absurd Skill,TV,12,Finished Airing,"Jan 11, 2023 to Mar 29, 2023",Winter 2023,Wednesdays at 00,dugout,Crunchyroll,MAPPA,Light novel,"AdventureAdventure,         ComedyComedy,         FantasyFantasy,         GourmetGourmet",,,23 min. per ep.,PG-13 - Teens 13 or older,"7.651 (scored by 144502144,502 users)
      


1
          indicates a weighted score.","#14242

2
    based on the top anime page. Please note that 'Not yet aired' and 'R18+' titles are excluded.",#947,"271,678","2,043",IsekaiIsekai,"Regarding the Display of an Outrageous Skill Which Has Incredible Powers, Tonsuki",,,,
10,2023,winter,Dungeon ni Deai wo Motomeru no wa Machigatteiru Darou ka IV: Shin Shou - Yakusai-hen,Is It Wrong to Try to Pick Up Girls in a Dungeon? IV Part 2,https://cdn.myanimelist.net/images/anime/1476/128693.jpg,ダンジョンに出会いを求めるのは間違っているだろうかⅣ深章 厄災篇,Is It Wrong to Try to Pick Up Girls in a Dungeon? IV Part 2,TV,11,Finished Airing,"Jan 7, 2023 to Mar 18, 2023",Winter 2023,Saturdays at 01,"Genco,       Movic,       Warner Bros. Japan,       KlockWorx,       Hakuhodo DY Music & Pictures,       Egg Firm,       FuRyu,       GREE,       SB Creative",Sentai Filmworks,J.C.Staff,Light novel,"ActionAction,         AdventureAdventure,         FantasyFantasy",,,23 min. per ep.,R - 17+ (violence & profanity),"8.251 (scored by 134792134,792 users)
      


1
          indicates a weighted score.","#3292

2
    based on the top anime page. Please note that 'Not yet aired' and 'R18+' titles are excluded.",#1009,"257,455","1,751",,"DanMachi 4th Season Part 2, Is It Wrong That I Want to Meet You in a Dungeon 4th Season Part 2",,,,
11,2023,winter,Itai no wa Iya nanode Bougyoryoku ni Kyokufuri Shitai to Omoimasu. 2,"BOFURI: I Don't Want to Get Hurt, so I'll Max Out My Defense. Season 2",https://cdn.myanimelist.net/images/anime/1782/128859.jpg,痛いのは嫌なので防御力に極振りしたいと思います。2,BOFURI,TV,12,Finished Airing,"Jan 11, 2023 to Apr 20, 2023",Winter 2023,Wednesdays at 23,"MAGES.,       Docomo Anime Store,       Sammy,       ABC Animation,       Kadokawa Media House,       Kadokawa,       D-techno",Crunchyroll,SILVER LINK.,Light novel,"ActionAction,         AdventureAdventure,         ComedyComedy,         FantasyFantasy",,,23 min. per ep.,PG-13 - Teens 13 or older,"7.211 (scored by 8862388,623 users)
      


1
          indicates a weighted score.","#33032

2
    based on the top anime page. Please note that 'Not yet aired' and 'R18+' titles are excluded.",#1028,"252,147","1,340",Video GameVideo Game,BOFURI,,,,
12,2023,winter,Isekai Nonbiri Nouka,Farming Life in Another World,https://cdn.myanimelist.net/images/anime/1983/132329.jpg,異世界のんびり農家,Farming Life in Another World,TV,12,Finished Airing,"Jan 6, 2023 to Mar 24, 2023",Winter 2023,Fridays at 21,"MediaNet,       Pony Canyon,       AT-X,       Hakuhodo,       Kadokawa,       Saber Links",Sentai Filmworks,Zero-G,Light novel,"FantasyFantasy,         Slice of LifeSlice of Life","IsekaiIsekai,         ReincarnationReincarnation",,23 min. per ep.,PG-13 - Teens 13 or older,"7.551 (scored by 123935123,935 users)
      


1
          indicates a weighted score.","#17782

2
    based on the top anime page. Please note that 'Not yet aired' and 'R18+' titles are excluded.",#1048,"245,801","1,937",,,,,,
13,2023,winter,Saikyou Onmyouji no Isekai Tenseiki,The Reincarnation of the Strongest Exorcist in Another World,https://cdn.myanimelist.net/images/anime/1547/125900.jpg,最強陰陽師の異世界転生記,The Reincarnation of the Strongest Exorcist in Another World,TV,13,Finished Airing,"Jan 7, 2023 to Apr 1, 2023",Winter 2023,Saturdays at 23,"KlockWorx,       Asmik Ace,       King Records,       Futabasha,       Crunchyroll,       Bit grooove promotion","None found, add some",Studio Blanc.,Light novel,"ActionAction,         AdventureAdventure,         FantasyFantasy","IsekaiIsekai,         ReincarnationReincarnation",,23 min. per ep.,PG-13 - Teens 13 or older,"7.121 (scored by 125277125,277 users)
      


1
          indicates a weighted score.","#38192

2
    based on the top anime page. Please note that 'Not yet aired' and 'R18+' titles are excluded.",#1063,"242,849",979,,The Reincarnation of the Strongest Onmyouji in Another World,,,,
14,2023,winter,Koori Zokusei Danshi to Cool na Douryou Joshi,The Ice Guy and His Cool Female Colleague,https://cdn.myanimelist.net/images/anime/1927/132758.jpg,氷属性男子とクールな同僚女子,The Ice Guy and His Cool Female Colleague,TV,12,Finished Airing,"Jan 4, 2023 to Mar 22, 2023",Winter 2023,Wednesdays at 22,"Square Enix,       Lantis,       Movic,       Nagoya Broadcasting Network,       ABC Animation,       NetEase,       BS Asahi,       Bandai Namco Music Live,       Saber Links","None found, add some","Zero-G,       Liber",Web manga,"ComedyComedy,         FantasyFantasy,         RomanceRomance","Adult CastAdult Cast,         MythologyMythology,         Urban FantasyUrban Fantasy,         WorkplaceWorkplace",,23 min. per ep.,PG-13 - Teens 13 or older,"7.321 (scored by 9487694,876 users)
      


1
          indicates a weighted score.","#27472

2
    based on the top anime page. Please note that 'Not yet aired' and 'R18+' titles are excluded.",#1117,"232,679","1,241",,,,,,
15,2023,winter,Kubo-san wa Mob wo Yurusanai,Kubo Won't Let Me Be Invisible,https://cdn.myanimelist.net/images/anime/1818/132330.jpg,久保さんは僕を許さない,Kubo Won't Let Me Be Invisible,TV,12,Finished Airing,"Jan 10, 2023 to Jun 20, 2023",Winter 2023,Tuesdays at 21,"Pony Canyon,       AT-X,       Tokyo MX,       Glovision,       Shueisha,       bilibili,       Kadokawa,       R11R",Sentai Filmworks,PINE JAM,Manga,"ComedyComedy,         RomanceRomance","Love Status QuoLove Status Quo,         SchoolSchool",SeinenSeinen,24 min. per ep.,PG-13 - Teens 13 or older,"7.551 (scored by 8923489,234 users)
      


1
          indicates a weighted score.","#17492

2
    based on the top anime page. Please note that 'Not yet aired' and 'R18+' titles are excluded.",#1144,"226,739","1,642",,"Kubo-san wa Boku wo Yurusanai, Kubo-san Doesn't Leave Me Be (a Mob)",,,,
16,2023,winter,Tensei Oujo to Tensai Reijou no Mahou Kakumei,The Magical Revolution of the Reincarnated Princess and the Genius Young Lady,https://cdn.myanimelist.net/images/anime/1053/129004.jpg,転生王女と天才令嬢の魔法革命,The Magical Revolution of the Reincarnated Princess and the Genius Young Lady,TV,12,Finished Airing,"Jan 4, 2023 to Mar 22, 2023",Winter 2023,Wednesdays at 21,"AT-X,       Kansai Telecasting,       Kadokawa,       Bit grooove promotion,       CTW,       TVA advance","None found, add some",Diomedéa,Light novel,"FantasyFantasy,         Girls LoveGirls Love","IsekaiIsekai,         ReincarnationReincarnation",,23 min. per ep.,PG-13 - Teens 13 or older,"7.471 (scored by 9913299,132 users)
      


1
          indicates a weighted score.","#20802

2
    based on the top anime page. Please note that 'Not yet aired' and 'R18+' titles are excluded.",#1236,"208,180","1,638",,"Tenten Kakumei, MagiRevo",,,,
17,2023,winter,Trigun Stampede,,https://cdn.myanimelist.net/images/anime/1426/129194.jpg,TRIGUN STAMPEDE,Trigun Stampede,TV,12,Finished Airing,"Jan 7, 2023 to Mar 25, 2023",Winter 2023,Saturdays at 23,TOHO,"None found, add some",Orange,Manga,"ActionAction,         AdventureAdventure,         Sci-FiSci-Fi",,ShounenShounen,23 min. per ep.,PG-13 - Teens 13 or older,"7.831 (scored by 7830278,302 users)
      


1
          indicates a weighted score.","#9672

2
    based on the top anime page. Please note that 'Not yet aired' and 'R18+' titles are excluded.",#1245,"206,544","2,390",Adult CastAdult Cast,,,,,
18,2023,winter,"Benriya Saitou-san, Isekai ni Iku",Handyman Saitou in Another World,https://cdn.myanimelist.net/images/anime/1805/132335.jpg,便利屋斎藤さん、異世界に行く,Handyman Saitou in Another World,TV,12,Finished Airing,"Jan 8, 2023 to Mar 26, 2023",Winter 2023,Sundays at 22,"AT-X,       BS NTV,       Kadokawa,       GREE Entertainment",Crunchyroll,C2C,Web manga,"AdventureAdventure,         ComedyComedy,         FantasyFantasy",,,23 min. per ep.,R - 17+ (violence & profanity),"7.391 (scored by 9119691,196 users)
      


1
          indicates a weighted score.","#24202

2
    based on the top anime page. Please note that 'Not yet aired' and 'R18+' titles are excluded.",#1292,"197,644",768,IsekaiIsekai,,,,,
19,2023,winter,Hyouken no Majutsushi ga Sekai wo Suberu,The Iceblade Sorcerer Shall Rule the World,https://cdn.myanimelist.net/images/anime/1049/131580.jpg,冰剣の魔術師が世界を統べる,The Iceblade Sorcerer Shall Rule the World,TV,12,Finished Airing,"Jan 6, 2023 to Mar 24, 2023",Winter 2023,Fridays at 01,"Pony Canyon,       TBS,       Kodansha,       BS11,       Crunchyroll,       DMM.com,       Nichion,       NichiNare,       Yokohama Animation Laboratory,       Bit grooove promotion","None found, add some",Cloud Hearts,Light novel,"ActionAction,         FantasyFantasy",,,24 min. per ep.,PG-13 - Teens 13 or older,"6.351 (scored by 9092990,929 users)
      


1
          indicates a weighted score.","#79932

2
    based on the top anime page. Please note that 'Not yet aired' and 'R18+' titles are excluded.",#1341,"190,323",808,SchoolSchool,,,,,
20,2023,winter,Ningen Fushin no Boukensha-tachi ga Sekai wo Sukuu you desu,Ningen Fushin: Adventurers Who Don't Believe in Humanity Will Save the World,https://cdn.myanimelist.net/images/anime/1446/131578.jpg,人間不信の冒険者たちが世界を救うようです,Ningen Fushin,TV,12,Finished Airing,"Jan 10, 2023 to Mar 28, 2023",Winter 2023,Tuesdays at 23,"Frontier Works,       Pony Canyon,       Studio Mausu,       Hakuhodo DY Music & Pictures,       BS11,       Kadokawa,       Geek Pictures",Crunchyroll,Geek Toys,Light novel,"ActionAction,         AdventureAdventure,         FantasyFantasy",,,23 min. per ep.,PG-13 - Teens 13 or older,"6.331 (scored by 7813178,131 users)
      


1
          indicates a weighted score.","#81222

2
    based on the top anime page. Please note that 'Not yet aired' and 'R18+' titles are excluded.",#1366,"187,793",699,,"Apparently, Disillusioned Adventurers Will Save the World",,,,
21,2023,winter,Kyokou Suiri Season 2,In/Spectre 2,https://cdn.myanimelist.net/images/anime/1901/131653.jpg,虚構推理 Season2,In/Spectre 2,TV,12,Finished Airing,"Jan 9, 2023 to Mar 27, 2023",Winter 2023,Mondays at 01,"Nihon Ad Systems,       Kodansha,       KlockWorx,       Docomo Anime Store,       King Records,       Crunchyroll,       BS NTV,       Mixi,       Studio Tenjin","None found, add some",Brain's Base,Manga,"MysteryMystery,         RomanceRomance,         SupernaturalSupernatural","Adult CastAdult Cast,         MythologyMythology",ShounenShounen,25 min. per ep.,R - 17+ (violence & profanity),"7.361 (scored by 5091450,914 users)
      


1
          indicates a weighted score.","#25312

2
    based on the top anime page. Please note that 'Not yet aired' and 'R18+' titles are excluded.",#1457,"172,777",591,,"In/Spectre 2nd Season, Kyokou Suiri 2nd Season",,,,
22,2023,winter,Oniichan wa Oshimai!,Onimai: I'm Now Your Sister!,https://cdn.myanimelist.net/images/anime/1058/131632.jpg,お兄ちゃんはおしまい！,Onimai,TV,12,Finished Airing,"Jan 5, 2023 to Mar 23, 2023",Winter 2023,Thursdays at 23,"Pony Canyon,       Movic,       AT-X,       TOHO animation,       Tokyo MX,       Hakuhodo DY Music & Pictures,       BS11,       Egg Firm,       Ichijinsha,       Bit grooove promotion,       Pia,       Toho Music","None found, add some",Studio Bind,Manga,,"CGDCTCGDCT,         Magical Sex ShiftMagical Sex Shift,         SchoolSchool",ShounenShounen,23 min. per ep.,PG-13 - Teens 13 or older,"7.651 (scored by 7961979,619 users)
      


1
          indicates a weighted score.","#14352

2
    based on the top anime page. Please note that 'Not yet aired' and 'R18+' titles are excluded.",#1507,"167,368","2,384",,"Onimai, Onii-chan is Done For",ComedyComedy,,,
23,2023,winter,Kaiko sareta Ankoku Heishi (30-dai) no Slow na Second Life,Chillin' in My 30s after Getting Fired from the Demon King's Army,https://cdn.myanimelist.net/images/anime/1224/132328.jpg,解雇された暗黒兵士（30代）のスローなセカンドライフ,Chillin' in My 30s after Getting Fired from the Demon King's Army,TV,12,Finished Airing,"Jan 7, 2023 to Mar 25, 2023",Winter 2023,Saturdays at 22,"Pony Canyon,       Kodansha,       bilibili,       Good Smile Film,       Bit grooove promotion",Crunchyroll,Encourage Films,Light novel,"ComedyComedy,         FantasyFantasy",,,23 min. per ep.,PG-13 - Teens 13 or older,"7.011 (scored by 8090880,908 users)
      


1
          indicates a weighted score.","#43262

2
    based on the top anime page. Please note that 'Not yet aired' and 'R18+' titles are excluded.",#1515,"166,854",559,,,,,,
24,2023,winter,"Eiyuuou, Bu wo Kiwameru Tame Tenseisu: Soshite, Sekai Saikyou no Minarai Kishi♀",Reborn to Master the Blade: From Hero-King to Extraordinary Squire ♀,https://cdn.myanimelist.net/images/anime/1044/129594.jpg,英雄王、武を極めるため転生す ～そして、世界最強の見習い騎士♀～,Reborn to Master the Blade,TV,12,Finished Airing,"Jan 10, 2023 to Mar 28, 2023",Winter 2023,Tuesdays at 01,"MediaNet,       Nippon Columbia,       KlockWorx,       Hobby Japan,       My Theater D.D.,       Muse Communication,       AQUA ARIS,       Bit grooove promotion,       CTW","None found, add some",Studio Comet,Light novel,"ActionAction,         FantasyFantasy",,,23 min. per ep.,PG-13 - Teens 13 or older,"6.561 (scored by 7430574,305 users)
      


1
          indicates a weighted score.","#67192

2
    based on the top anime page. Please note that 'Not yet aired' and 'R18+' titles are excluded.",#1541,"162,816",628,ReincarnationReincarnation,,,,,
25,2023,winter,Spy Kyoushitsu,Spy Classroom,https://cdn.myanimelist.net/images/anime/1491/132864.jpg,スパイ教室,Spy Classroom,TV,12,Finished Airing,"Jan 5, 2023 to Mar 30, 2023",Winter 2023,Thursdays at 22,"Movic,       AT-X,       Studio Mausu,       BS NTV,       Kadokawa",Sentai Filmworks,feel.,Light novel,"ActionAction,         MysteryMystery",,,23 min. per ep.,PG-13 - Teens 13 or older,"6.401 (scored by 4530745,307 users)
      


1
          indicates a weighted score.","#76772

2
    based on the top anime page. Please note that 'Not yet aired' and 'R18+' titles are excluded.",#1588,"157,225",709,,Spy Room,,,,
26,2023,winter,Sugar Apple Fairy Tale,,https://cdn.myanimelist.net/images/anime/1897/131300.jpg,シュガーアップル・フェアリーテイル,,TV,12,Finished Airing,"Jan 6, 2023 to Mar 24, 2023",Winter 2023,Fridays at 21,"AT-X,       Magic Capsule,       flying DOG,       Crunchyroll,       Kadokawa,       BS Asahi","None found, add some",J.C.Staff,Light novel,"AdventureAdventure,         DramaDrama,         FantasyFantasy,         RomanceRomance",,ShoujoShoujo,22 min. per ep.,PG-13 - Teens 13 or older,"7.471 (scored by 5394253,942 users)
      


1
          indicates a weighted score.","#20772

2
    based on the top anime page. Please note that 'Not yet aired' and 'R18+' titles are excluded.",#1822,"130,878",982,Visual ArtsVisual Arts,,,,,
27,2023,winter,High Card,,https://cdn.myanimelist.net/images/anime/1803/131345.jpg,HIGH CARD,High Card,TV,12,Finished Airing,"Jan 9, 2023 to Mar 27, 2023",Winter 2023,Mondays at 20,"TMS Entertainment,       Sammy,       Kadokawa,       NetEase","None found, add some",Studio Hibari,Mixed media,"ActionAction,         FantasyFantasy","Adult CastAdult Cast,         Organized CrimeOrganized Crime",,23 min. per ep.,R - 17+ (violence & profanity),"7.161 (scored by 4297342,973 users)
      


1
          indicates a weighted score.","#35892

2
    based on the top anime page. Please note that 'Not yet aired' and 'R18+' titles are excluded.",#1841,"128,830",625,,,,,,
28,2023,winter,Kami-tachi ni Hirowareta Otoko 2nd Season,By the Grace of the Gods 2,https://cdn.myanimelist.net/images/anime/1521/131469.jpg,神達に拾われた男,By the Grace of the Gods 2,TV,12,Finished Airing,"Jan 9, 2023 to Mar 27, 2023",Winter 2023,Mondays at 00,"Lantis,       Toei Video,       KlockWorx,       Nikkatsu,       Asmik Ace,       Hobby Japan,       BS Fuji,       Tokyo MX,       Amusement Media Academy,       Crunchyroll,       Hakuhodo,       Exa International,       Bandai Namco Music Live","None found, add some",Maho Film,Light novel,"FantasyFantasy,         Slice of LifeSlice of Life","IsekaiIsekai,         IyashikeiIyashikei,         ReincarnationReincarnation",,23 min. per ep.,PG-13 - Teens 13 or older,"6.811 (scored by 5279052,790 users)
      


1
          indicates a weighted score.","#53012

2
    based on the top anime page. Please note that 'Not yet aired' and 'R18+' titles are excluded.",#1847,"128,473",761,,"The man picked up by the gods 2nd Season, Kamihiro 2nd Season, Kamitachi ni Hirowareta Otoko 2nd Season",,,,
29,2023,winter,Inu ni Nattara Suki na Hito ni Hirowareta.,My Life as Inukai-san's Dog.,https://cdn.myanimelist.net/images/anime/1832/132333.jpg,犬になったら好きな人に拾われた。,My Life as Inukai-san's Dog.,TV,12,Finished Airing,"Jan 7, 2023 to Mar 25, 2023",Winter 2023,Saturdays at 01,"Kodansha,       KlockWorx,       Asmik Ace,       King Records,       WWWave",Sentai Filmworks,Quad,Web manga,"ComedyComedy,         EcchiEcchi",,,12 min. per ep.,R+ - Mild Nudity,"5.051 (scored by 5076450,764 users)
      


1
          indicates a weighted score.","#131592

2
    based on the top anime page. Please note that 'Not yet aired' and 'R18+' titles are excluded.",#1860,"127,883",669,,Inuhiro,,,,
30,2023,winter,Shin Shinka no Mi: Shiranai Uchi ni Kachigumi Jinsei,"The Fruit of Evolution: Before I Knew It, My Life Had It Made Season 2",https://cdn.myanimelist.net/images/anime/1862/128297.jpg,真・進化の実～知らないうちに勝ち組人生～,The Fruit of Evolution,TV,12,Finished Airing,"Jan 14, 2023 to Apr 1, 2023",Winter 2023,Saturdays at 01,"TV Tokyo,       HoriPro,       KlockWorx,       Glovision,       Docomo Anime Store,       Futabasha,       bilibili,       Bushiroad Move","None found, add some",Hotline,Light novel,"AdventureAdventure,         FantasyFantasy,         RomanceRomance","HaremHarem,         IsekaiIsekai",,23 min. per ep.,PG-13 - Teens 13 or older,"5.461 (scored by 4693646,936 users)
      


1
          indicates a weighted score.","#122312

2
    based on the top anime page. Please note that 'Not yet aired' and 'R18+' titles are excluded.",#1995,"116,625",588,,Shinka no Mi 2nd Season,,,,
31,2023,winter,Rougo ni Sonaete Isekai de 8-manmai no Kinka wo Tamemasu,"Saving 80,000 Gold in Another World for My Retirement",https://cdn.myanimelist.net/images/anime/1890/131473.jpg,老後に備えて異世界で８万枚の金貨を貯めます,"Saving 80,000 Gold in Another World for My Retirement",TV,12,Finished Airing,"Jan 8, 2023 to Mar 26, 2023",Winter 2023,Sundays at 02,"Kodansha,       Crunchyroll,       ABC Animation,       DMM.com,       A-Sketch,       ADK Marketing Solutions,       Sankyo","None found, add some",Felix Film,Light novel,,,,23 min. per ep.,PG-13 - Teens 13 or older,"6.941 (scored by 5157551,575 users)
      


1
          indicates a weighted score.","#46432

2
    based on the top anime page. Please note that 'Not yet aired' and 'R18+' titles are excluded.",#2130,"105,648",314,IsekaiIsekai,Roukin,FantasyFantasy,,,
32,2023,winter,Tsundere Akuyaku Reijou Liselotte to Jikkyou no Endou-kun to Kaisetsu no Kobayashi-san,Endo and Kobayashi Live! The Latest on Tsundere Villainess Lieselotte,https://cdn.myanimelist.net/images/anime/1997/131327.jpg,ツンデレ悪役令嬢リーゼロッテと実況の遠藤くんと解説の小林さん,Endo and Kobayashi Live! The Latest on Tsundere Villainess Lieselotte,TV,12,Finished Airing,"Jan 7, 2023 to Mar 25, 2023",Winter 2023,Saturdays at 01,"Mainichi Broadcasting System,       Movic,       DMM.com,       Nichion,       FuRyu,       DMM pictures,       Kadokawa,       Bit grooove promotion,       Pia,       NetEase,       Three S Studio",Sentai Filmworks,Tezuka Productions,Light novel,"ComedyComedy,         FantasyFantasy,         RomanceRomance","Video GameVideo Game,         VillainessVillainess",,24 min. per ep.,PG-13 - Teens 13 or older,"7.231 (scored by 3850438,504 users)
      


1
          indicates a weighted score.","#32032

2
    based on the top anime page. Please note that 'Not yet aired' and 'R18+' titles are excluded.",#2198,"101,869",473,,Tsunlise,,,,
33,2023,winter,Revenger,,https://cdn.myanimelist.net/images/anime/1884/131748.jpg,REVENGER (リベンジャー),,TV,12,Finished Airing,"Jan 5, 2023 to Mar 23, 2023",Winter 2023,Thursdays at 21,"Shochiku,       AT-X,       Nitroplus,       flying DOG,       Tokyo MX,       Good Smile Company,       Kansai Telecasting,       Marui Group,       Three S Studio","None found, add some",Ajia-do,Original,"ActionAction,         DramaDrama,         MysteryMystery","Adult CastAdult Cast,         HistoricalHistorical,         Organized CrimeOrganized Crime,         SamuraiSamurai",,23 min. per ep.,R - 17+ (violence & profanity),"6.671 (scored by 2897028,970 users)
      


1
          indicates a weighted score.","#60922

2
    based on the top anime page. Please note that 'Not yet aired' and 'R18+' titles are excluded.",#2422,"86,847",279,,,,,,
34,2023,winter,Ayakashi Triangle,,https://cdn.myanimelist.net/images/anime/1078/131921.jpg,あやかしトライアングル,,TV,12,Finished Airing,"Jan 10, 2023 to Sep 26, 2023",Winter 2023,Tuesdays at 01,"Aniplex,       Yomiuri Telecasting,       Chugai Mining,       Shueisha,       BS11,       Marui Group,       Studio Tenjin","None found, add some",Connect,Manga,"ActionAction,         ComedyComedy,         RomanceRomance,         SupernaturalSupernatural,         EcchiEcchi","Magical Sex ShiftMagical Sex Shift,         MythologyMythology",ShounenShounen,23 min. per ep.,R+ - Mild Nudity,"6.431 (scored by 2095520,955 users)
      


1
          indicates a weighted score.","#75422

2
    based on the top anime page. Please note that 'Not yet aired' and 'R18+' titles are excluded.",#2550,"80,110",305,,,,,,
35,2023,winter,Mononogatari,Malevolent Spirits: Mononogatari,https://cdn.myanimelist.net/images/anime/1173/131830.jpg,もののがたり,Malevolent Spirits,TV,12,Finished Airing,"Jan 10, 2023 to Mar 28, 2023",Winter 2023,Tuesdays at 00,"Shogakukan-Shueisha Productions,       Shogakukan Music & Digital Entertainment,       Shueisha,       BS11,       Quaras,       GREE Entertainment,       Bandai Namco Music Live,       Happinet Phantom Studios","None found, add some",Bandai Namco Pictures,Manga,"ActionAction,         SupernaturalSupernatural","Adult CastAdult Cast,         MythologyMythology",SeinenSeinen,23 min. per ep.,PG-13 - Teens 13 or older,"7.251 (scored by 2604126,041 users)
      


1
          indicates a weighted score.","#30872

2
    based on the top anime page. Please note that 'Not yet aired' and 'R18+' titles are excluded.",#2656,"74,703",256,,,,,,
36,2023,winter,Tsurune: Tsunagari no Issha,Tsurune - The Linking Shot -,https://cdn.myanimelist.net/images/anime/1803/132337.jpg,ツルネ ―つながりの一射―,Tsurune - The Linking Shot -,TV,13,Finished Airing,"Jan 5, 2023 to Mar 30, 2023",Winter 2023,Thursdays at 00,"Lantis,       Pony Canyon,       Rakuonsha,       ABC Animation,       Heart Company,       Bandai Namco Music Live",Sentai Filmworks,Kyoto Animation,Light novel,,,,23 min. per ep.,PG-13 - Teens 13 or older,"8.091 (scored by 1872218,722 users)
      


1
          indicates a weighted score.","#5422

2
    based on the top anime page. Please note that 'Not yet aired' and 'R18+' titles are excluded.",#2966,"61,826",455,SchoolSchool,Tsurune 2nd Season,SportsSports,,,
37,2023,winter,Ooyukiumi no Kaina,Kaina of the Great Snow Sea,https://cdn.myanimelist.net/images/anime/1064/131833.jpg,大雪海のカイナ,Kaina of the Great Snow Sea,TV,11,Finished Airing,"Jan 12, 2023 to Mar 23, 2023",Winter 2023,Thursdays at 00,"Sony Pictures Entertainment,       Dentsu,       Fuji TV,       BS Fuji,       bilibili,       Crunchyroll,       NetEase","None found, add some",Polygon Pictures,Original,"AdventureAdventure,         DramaDrama,         FantasyFantasy",,,22 min. per ep.,PG-13 - Teens 13 or older,"6.681 (scored by 1541715,417 users)
      


1
          indicates a weighted score.","#60162

2
    based on the top anime page. Please note that 'Not yet aired' and 'R18+' titles are excluded.",#3246,"51,692",172,,,,,,
38,2023,winter,Nokemono-tachi no Yoru,The Tale of Outcasts,https://cdn.myanimelist.net/images/anime/1087/129002.jpg,ノケモノたちの夜,The Tale of Outcasts,TV,13,Finished Airing,"Jan 8, 2023 to Apr 2, 2023",Winter 2023,Sundays at 22,"Pony Canyon,       KlockWorx,       Studio Mausu,       Shogakukan,       Crunchyroll,       Yomiuri TV Enterprise","None found, add some",Ashi Productions,Manga,"ActionAction,         FantasyFantasy","AnthropomorphicAnthropomorphic,         HistoricalHistorical,         Urban FantasyUrban Fantasy",ShounenShounen,23 min. per ep.,PG-13 - Teens 13 or older,"6.611 (scored by 1403714,037 users)
      


1
          indicates a weighted score.","#64422

2
    based on the top anime page. Please note that 'Not yet aired' and 'R18+' titles are excluded.",#3400,"47,443",127,,,,,,
39,2023,winter,Hikari no Ou,The Fire Hunter,https://cdn.myanimelist.net/images/anime/1787/131675.jpg,火狩りの王,The Fire Hunter,TV,10,Finished Airing,"Jan 14, 2023 to Mar 18, 2023",Winter 2023,Saturdays at 22,"Production I.G,       WOWOW,       flying DOG","None found, add some",Signal.MD,Light novel,"AdventureAdventure,         DramaDrama,         FantasyFantasy",,,24 min. per ep.,PG-13 - Teens 13 or older,"6.331 (scored by 1355513,555 users)
      


1
          indicates a weighted score.","#80872

2
    based on the top anime page. Please note that 'Not yet aired' and 'R18+' titles are excluded.",#3405,"47,442",103,,,,,,
40,2023,winter,Ars no Kyojuu,Giant Beasts of Ars,https://cdn.myanimelist.net/images/anime/1866/133949.jpg,アルスの巨獣,Giant Beasts of Ars,TV,12,Finished Airing,"Jan 7, 2023 to Mar 25, 2023",Winter 2023,Saturdays at 01,"Mainichi Broadcasting System,       Sentai Filmworks,       bilibili,       DMM.com,       Bit grooove promotion,       NetEase","None found, add some",Asahi Production,Original,"ActionAction,         AdventureAdventure,         FantasyFantasy",,,24 min. per ep.,PG-13 - Teens 13 or older,"6.041 (scored by 1453714,537 users)
      


1
          indicates a weighted score.","#97322

2
    based on the top anime page. Please note that 'Not yet aired' and 'R18+' titles are excluded.",#3443,"46,582",90,,,,,,
41,2023,winter,The Legend of Heroes: Sen no Kiseki - Northern War,The Legend of Heroes: Trails of Cold Steel - Northern War,https://cdn.myanimelist.net/images/anime/1894/133297.jpg,The Legend of Heroes 閃の軌跡 Northern War,The Legend of Heroes,TV,12,Finished Airing,"Jan 8, 2023 to Mar 26, 2023",Winter 2023,Sundays at 23,"Nihon Falcom,       Crunchyroll,       NADA Holdings,       USERJOY Technology","None found, add some",Tatsunoko Production,Game,"ActionAction,         FantasyFantasy",,,23 min. per ep.,PG-13 - Teens 13 or older,"5.641 (scored by 97959,795 users)
      


1
          indicates a weighted score.","#116392

2
    based on the top anime page. Please note that 'Not yet aired' and 'R18+' titles are excluded.",#3798,"39,079",123,MilitaryMilitary,Eiyuu Densetsu,,,,
42,2023,winter,Kyuuketsuki Sugu Shinu 2,The Vampire Dies in No Time Season 2,https://cdn.myanimelist.net/images/anime/1254/131832.jpg,吸血鬼すぐ死ぬ2,The Vampire Dies in No Time Season 2,TV,12,Finished Airing,"Jan 9, 2023 to Mar 27, 2023",Winter 2023,Mondays at 23,"Frontier Works,       Marvelous Entertainment,       Pony Canyon,       Studio Mausu,       Hakuhodo DY Music & Pictures,       Akita Shoten,       BS11,       Kadokawa Media House","None found, add some",Madhouse,Manga,"ComedyComedy,         FantasyFantasy","Adult CastAdult Cast,         Gag HumorGag Humor,         Urban FantasyUrban Fantasy,         VampireVampire",ShounenShounen,23 min. per ep.,PG-13 - Teens 13 or older,"7.451 (scored by 1324413,244 users)
      


1
          indicates a weighted score.","#21552

2
    based on the top anime page. Please note that 'Not yet aired' and 'R18+' titles are excluded.",#3932,"36,230",122,,KyuuShi,,,,
43,2023,winter,Mou Ippon!,"""Ippon"" again!",https://cdn.myanimelist.net/images/anime/1039/131684.jpg,もういっぽん！,"""Ippon"" again!",TV,13,Finished Airing,"Jan 9, 2023 to Apr 3, 2023",Winter 2023,Mondays at 01,"TV Tokyo,       Pony Canyon,       Akita Shoten,       MAGNET,       CHOCOLATE,       Three S Studio",Sentai Filmworks,Bakken Record,Manga,,"Combat SportsCombat Sports,         SchoolSchool",ShounenShounen,23 min. per ep.,PG-13 - Teens 13 or older,"7.091 (scored by 84188,418 users)
      


1
          indicates a weighted score.","#39462

2
    based on the top anime page. Please note that 'Not yet aired' and 'R18+' titles are excluded.",#4682,"24,981",53,,,SportsSports,,,
44,2023,winter,Majutsushi Orphen Hagure Tabi: Urbanrama-hen,Sorcerous Stabber Orphen -Chaos in Urbanrama-,https://cdn.myanimelist.net/images/anime/1388/132318.jpg,魔術士オーフェンはぐれ旅 アーバンラマ編,Sorcerous Stabber Orphen -Chaos in Urbanrama-,TV,12,Finished Airing,"Jan 18, 2023 to Apr 5, 2023",Winter 2023,Wednesdays at 20,"WOWOW,       Lantis,       MediaNet,       Bushiroad,       BS Fuji,       Nippon Television Network,       Yomiuri TV Enterprise,       TO Books,       NetEase,       Bandai Namco Music Live","None found, add some",Studio Deen,Light novel,"ActionAction,         AdventureAdventure,         DramaDrama,         FantasyFantasy",,,23 min. per ep.,PG-13 - Teens 13 or older,"6.151 (scored by 35453,545 users)
      


1
          indicates a weighted score.","#91322

2
    based on the top anime page. Please note that 'Not yet aired' and 'R18+' titles are excluded.",#5373,"17,747",60,Martial ArtsMartial Arts,"Majutsushi Orphen Hagure Tabi 3rd Season, Sorcerous Stabber Orphen 3rd Season",,,,
45,2023,winter,Technoroid: Overmind,,https://cdn.myanimelist.net/images/anime/1208/132388.jpg,テクノロイド OVERMIND,,TV,12,Finished Airing,"Jan 5, 2023 to Mar 30, 2023",Winter 2023,Thursdays at 00,"TV Tokyo,       Sotsu,       Avex Pictures,       CyberAgent,       LOGIC&MAGIC,       CMI","None found, add some",Doga Kobo,Mixed media,"MysteryMystery,         Sci-FiSci-Fi","Idols (Male)Idols (Male),         MusicMusic",,24 min. per ep.,PG-13 - Teens 13 or older,"6.531 (scored by 36443,644 users)
      


1
          indicates a weighted score.","#69082

2
    based on the top anime page. Please note that 'Not yet aired' and 'R18+' titles are excluded.",#5576,"16,093",82,,,,,,
46,2023,winter,D4DJ All Mix,,https://cdn.myanimelist.net/images/anime/1995/129754.jpg,D4DJ All Mix,,TV,12,Finished Airing,"Jan 13, 2023 to Mar 31, 2023",Winter 2023,Fridays at 23,"Dentsu,       Bushiroad,       Tokyo MX,       Bushiroad Music,       Donuts,       BS NTV,       Bushiroad Move,       Bushiroad Creative","None found, add some",SANZIGEN,Mixed media,,"Idols (Female)Idols (Female),         MusicMusic,         SchoolSchool",,23 min. per ep.,PG-13 - Teens 13 or older,"7.371 (scored by 58205,820 users)
      


1
          indicates a weighted score.","#24952

2
    based on the top anime page. Please note that 'Not yet aired' and 'R18+' titles are excluded.",#5698,"15,258",135,,,,,,
47,2023,winter,Nijiyon Animation,,https://cdn.myanimelist.net/images/anime/1977/135538.jpg,にじよんあにめーしょん,Nijiyon Animation,TV,12,Finished Airing,"Jan 6, 2023 to Mar 24, 2023",Winter 2023,Fridays at 21,"Bushiroad,       Kadokawa,       Bandai Namco Filmworks,       Bandai Namco Music Live","None found, add some",Sunrise,4-koma manga,,"CGDCTCGDCT,         Idols (Female)Idols (Female)",,3 min. per ep.,PG-13 - Teens 13 or older,"6.801 (scored by 52175,217 users)
      


1
          indicates a weighted score.","#53282

2
    based on the top anime page. Please note that 'Not yet aired' and 'R18+' titles are excluded.",#6016,"13,269",44,,,ComedyComedy,,,
48,2023,winter,Hirogaru Sky! Precure,Soaring Sky! Pretty Cure,https://cdn.myanimelist.net/images/anime/1762/135268.jpg,ひろがるスカイ！プリキュア,Soaring Sky! Pretty Cure,TV,50,Finished Airing,"Feb 5, 2023 to Jan 28, 2024",Winter 2023,Sundays at 08,"ABC Animation,       ADK Emotions","None found, add some",Toei Animation,Original,,,,24 min. per ep.,G - All Ages,"7.611 (scored by 38543,854 users)
      


1
          indicates a weighted score.","#15542

2
    based on the top anime page. Please note that 'Not yet aired' and 'R18+' titles are excluded.",#6384,"11,386",157,Mahou ShoujoMahou Shoujo,,ActionAction,,,
49,2023,winter,UniteUp!,,https://cdn.myanimelist.net/images/anime/1308/130458.jpg,UniteUp!,,TV,12,Finished Airing,"Jan 7, 2023 to Apr 15, 2023",Winter 2023,Saturdays at 23,"Aniplex,       Sony Music Entertainment",Aniplex of America,CloverWorks,Music,,"Idols (Male)Idols (Male),         MusicMusic",,24 min. per ep.,PG-13 - Teens 13 or older,"7.051 (scored by 33073,307 users)
      


1
          indicates a weighted score.","#41512

2
    based on the top anime page. Please note that 'Not yet aired' and 'R18+' titles are excluded.",#6468,"11,045",98,,,Slice of LifeSlice of Life,,,
50,2023,winter,Boku to Roboko,Me & Roboco,https://cdn.myanimelist.net/images/anime/1986/134747.jpg,僕とロボコ,Me & Roboco,TV,28,Finished Airing,"Dec 5, 2022 to Jun 19, 2023",Winter 2023,Mondays at 00,Shueisha,"None found, add some",Gallop,Manga,"ComedyComedy,         Sci-FiSci-Fi","Gag HumorGag Humor,         ParodyParody",ShounenShounen,3 min. per ep.,PG-13 - Teens 13 or older,"6.821 (scored by 29302,930 users)
      


1
          indicates a weighted score.","#52502

2
    based on the top anime page. Please note that 'Not yet aired' and 'R18+' titles are excluded.",#7143,"8,714",30,,"Me and Roboco, Roboco and I",,,,
51,2023,winter,Cardfight!! Vanguard: will+Dress Season 2,,https://cdn.myanimelist.net/images/anime/1259/131669.jpg,カードファイト!! ヴァンガード will+Dress Season2,,TV,12,Finished Airing,"Jan 14, 2023 to Apr 1, 2023",Winter 2023,Saturdays at 08,Bushiroad,"None found, add some","Kinema Citrus,       GIFTanimation,       Studio Jemi",Original,,,,24 min. per ep.,PG-13 - Teens 13 or older,"6.711 (scored by 14151,415 users)
      


1
          indicates a weighted score.","#58422

2
    based on the top anime page. Please note that 'Not yet aired' and 'R18+' titles are excluded.",#8715,"5,331",20,Strategy GameStrategy Game,Cardfight!! Vanguard,ActionAction,,,
52,2023,winter,Flaglia: Natsuyasumi no Monogatari,,https://cdn.myanimelist.net/images/anime/1065/129807.jpg,『FLAGLIA』～なつやすみの物語～,,TV,6,Finished Airing,"Jan 17, 2023 to Jan 31, 2023",Winter 2023,Tuesdays at 01,"None found, add some","None found, add some",Gaina,Mixed media,,,,13 min. per ep.,PG-13 - Teens 13 or older,"5.161 (scored by 300300 users)
      


1
          indicates a weighted score.","#129792

2
    based on the top anime page. Please note that 'Not yet aired' and 'R18+' titles are excluded.",#9099,"4,715",34,,Flaglia,FantasyFantasy,,,
53,2023,winter,KJ File 2nd Season,,https://cdn.myanimelist.net/images/anime/1416/132315.jpg,KJファイル 第2期,KJ File 2nd Season,TV,13,Finished Airing,"Jan 9, 2023 to Apr 3, 2023",Winter 2023,Mondays at 02,TV Tokyo,"None found, add some","ILCA,       yell",Original,"ActionAction,         Sci-FiSci-Fi",,,4 min. per ep.,PG-13 - Teens 13 or older,"5.251 (scored by 168168 users)
      


1
          indicates a weighted score.","#128072

2
    based on the top anime page. Please note that 'Not yet aired' and 'R18+' titles are excluded.",#12066,"1,902",12,,KJ File Second Season,,,,
54,2023,winter,Yomawari Neko,,https://cdn.myanimelist.net/images/anime/1085/131383.jpg,夜廻り猫,,TV,15,Finished Airing,"Mar 21, 2023 to Mar 27, 2023",Winter 2023,Not scheduled once per week,"Sotsu,       NHK","None found, add some",Shogakukan Music & Digital Entertainment,Web manga,,,,5 min. per ep.,PG-13 - Teens 13 or older,"N/A1 (scored by - users)
      
1
          indicates a weighted score.","#160562

2
    based on the top anime page. Please note that 'Not yet aired' and 'R18+' titles are excluded.",#15353,724,0,AnthropomorphicAnthropomorphic,,Slice of LifeSlice of Life,,,
55,2023,winter,Heart Cocktail Colorful: Haru-hen,,https://cdn.myanimelist.net/images/anime/1823/139682.jpg,ハートカクテル カラフル 春編,,TV,5,Finished Airing,"Mar 28, 2023 to Mar 29, 2023",Winter 2023,Not scheduled once per week,NHK,"None found, add some","None found, add some",Manga,,,SeinenSeinen,5 min. per ep.,PG-13 - Teens 13 or older,"N/A1 (scored by - users)
      
1
          indicates a weighted score.","#210882

2
    based on the top anime page. Please note that 'Not yet aired' and 'R18+' titles are excluded.",#20847,236,0,,Heart Cocktail Colorful,RomanceRomance,,,
56,2023,winter,One Piece,,https://cdn.myanimelist.net/images/anime/1244/138851.jpg,ONE PIECE,One Piece,TV,Unknown,Currently Airing,"Oct 20, 1999 to ?",Fall 1999,Sundays at 09,"Fuji TV,       TAP,       Shueisha","Funimation,       4Kids Entertainment",Toei Animation,Manga,"ActionAction,         AdventureAdventure,         FantasyFantasy",,ShounenShounen,24 min.,PG-13 - Teens 13 or older,"8.731 (scored by 14168131,416,813 users)
      


1
          indicates a weighted score.","#502

2
    based on the top anime page. Please note that 'Not yet aired' and 'R18+' titles are excluded.",#17,"2,491,987","234,239",,OP,,,,
57,2023,winter,Boruto: Naruto Next Generations,,https://cdn.myanimelist.net/images/anime/1091/99847.jpg,BORUTO -NARUTO NEXT GENERATIONS-,Boruto,TV,293,Finished Airing,"Apr 5, 2017 to Mar 26, 2023",Spring 2017,Sundays at 17,"TV Tokyo,       Aniplex,       Rakuonsha,       Shueisha",VIZ Media,Pierrot,Manga,"ActionAction,         AdventureAdventure,         FantasyFantasy",,ShounenShounen,23 min. per ep.,PG-13 - Teens 13 or older,"6.001 (scored by 456530456,530 users)
      


1
          indicates a weighted score.","#99122

2
    based on the top anime page. Please note that 'Not yet aired' and 'R18+' titles are excluded.",#208,"894,531","7,375",Martial ArtsMartial Arts,,,,,
58,2023,winter,Blue Lock,,https://cdn.myanimelist.net/images/anime/1258/126929.jpg,ブルーロック,Blue Lock,TV,24,Finished Airing,"Oct 9, 2022 to Mar 26, 2023",Fall 2022,Sundays at 01,"TV Asahi,       Lantis,       Kodansha,       Toy's Factory,       Crunchyroll,       Bandai Spirits,       Bit grooove promotion,       Bandai Namco Filmworks,       Bandai Namco Music Live","None found, add some",8bit,Manga,,,ShounenShounen,24 min. per ep.,PG-13 - Teens 13 or older,"8.201 (scored by 423829423,829 users)
      


1
          indicates a weighted score.","#3962

2
    based on the top anime page. Please note that 'Not yet aired' and 'R18+' titles are excluded.",#265,"785,553","13,619",Team SportsTeam Sports,,SportsSports,,,
59,2023,winter,Kage no Jitsuryokusha ni Naritakute!,The Eminence in Shadow,https://cdn.myanimelist.net/images/anime/1091/128729.jpg,陰の実力者になりたくて！,The Eminence in Shadow,TV,20,Finished Airing,"Oct 5, 2022 to Feb 15, 2023",Fall 2022,Wednesdays at 22,"AT-X,       BS NTV,       Kadokawa,       NewGin,       Aiming",Sentai Filmworks,Nexus,Light novel,"ActionAction,         ComedyComedy,         FantasyFantasy","IsekaiIsekai,         ReincarnationReincarnation",,23 min. per ep.,R - 17+ (violence & profanity),"8.261 (scored by 400533400,533 users)
      


1
          indicates a weighted score.","#3252

2
    based on the top anime page. Please note that 'Not yet aired' and 'R18+' titles are excluded.",#287,"749,894","16,638",,Shadow Garden,,,,
60,2023,winter,Boku no Hero Academia 6th Season,My Hero Academia Season 6,https://cdn.myanimelist.net/images/anime/1483/126005.jpg,僕のヒーローアカデミア,My Hero Academia Season 6,TV,25,Finished Airing,"Oct 1, 2022 to Mar 25, 2023",Fall 2022,Saturdays at 17,"Dentsu,       Yomiuri Telecasting,       Movic,       Sony Music Entertainment,       TOHO animation,       Shueisha","None found, add some",Bones,Manga,,"SchoolSchool,         Super PowerSuper Power",ShounenShounen,23 min. per ep.,PG-13 - Teens 13 or older,"8.241 (scored by 357725357,725 users)
      


1
          indicates a weighted score.","#3462

2
    based on the top anime page. Please note that 'Not yet aired' and 'R18+' titles are excluded.",#293,"722,368","7,278",,My Hero Academia 6,ActionAction,,,
61,2023,winter,Isekai Ojisan,Uncle from Another World,https://cdn.myanimelist.net/images/anime/1743/125204.jpg,異世界おじさん,Uncle from Another World,TV,13,Finished Airing,"Jul 6, 2022 to Mar 8, 2023",Summer 2022,Wednesdays at 22,"Movic,       AT-X,       Sammy,       BS11,       Kadokawa Media House,       Kadokawa","None found, add some",Atelier Pontdarc,Web manga,"ComedyComedy,         FantasyFantasy","Adult CastAdult Cast,         IsekaiIsekai,         Otaku CultureOtaku Culture,         ParodyParody",,24 min. per ep.,PG-13 - Teens 13 or older,"7.771 (scored by 178230178,230 users)
      


1
          indicates a weighted score.","#11062

2
    based on the top anime page. Please note that 'Not yet aired' and 'R18+' titles are excluded.",#646,"389,320","2,168",,"Isekai Uncle, Ojisan in Another World",,,,
62,2023,winter,Meitantei Conan,Case Closed,https://cdn.myanimelist.net/images/anime/7/75199.jpg,名探偵コナン,Case Closed,TV,Unknown,Currently Airing,"Jan 8, 1996 to ?",Winter 1996,Saturdays at 18,"Yomiuri Telecasting,       Shogakukan,       Audio Planning U,       Tokyo Movie,       Polydor Records","Funimation,       Crunchyroll",TMS Entertainment,Manga,"AdventureAdventure,         ComedyComedy,         MysteryMystery",,ShounenShounen,24 min.,PG-13 - Teens 13 or older,"8.171 (scored by 164198164,198 users)
      


1
          indicates a weighted score.","#4352

2
    based on the top anime page. Please note that 'Not yet aired' and 'R18+' titles are excluded.",#703,"360,470","15,311",DetectiveDetective,Detective Conan,,Case Closed,,
63,2023,winter,Fumetsu no Anata e Season 2,To Your Eternity Season 2,https://cdn.myanimelist.net/images/anime/1271/127700.jpg,不滅のあなたへ Season2,To Your Eternity Season 2,TV,20,Finished Airing,"Oct 23, 2022 to Mar 12, 2023",Fall 2022,Sundays at 19,"NHK,       Kodansha,       NHK Enterprises","None found, add some",Drive,Manga,"AdventureAdventure,         DramaDrama,         SupernaturalSupernatural",,ShounenShounen,25 min. per ep.,R - 17+ (violence & profanity),"8.091 (scored by 113327113,327 users)
      


1
          indicates a weighted score.","#5372

2
    based on the top anime page. Please note that 'Not yet aired' and 'R18+' titles are excluded.",#875,"301,816","1,632",,"To Your Eternity 2nd Season, To You, the Immortal 2nd Season",,,,
64,2023,winter,Mairimashita! Iruma-kun 3rd Season,Welcome to Demon School! Iruma-kun Season 3,https://cdn.myanimelist.net/images/anime/1688/128720.jpg,魔入りました！入間くん,Welcome to Demon School! Iruma-kun Season 3,TV,21,Finished Airing,"Oct 8, 2022 to Mar 4, 2023",Fall 2022,Saturdays at 18,"NHK,       NHK Enterprises","None found, add some",Bandai Namco Pictures,Manga,"ComedyComedy,         FantasyFantasy",,ShounenShounen,24 min. per ep.,PG-13 - Teens 13 or older,"7.821 (scored by 9212192,121 users)
      


1
          indicates a weighted score.","#9812

2
    based on the top anime page. Please note that 'Not yet aired' and 'R18+' titles are excluded.",#1213,"213,315","1,299",SchoolSchool,Welcome to Demon School! Iruma-kun 3rd Season,,,,
65,2023,winter,Urusei Yatsura (2022),Urusei Yatsura,https://cdn.myanimelist.net/images/anime/1233/129144.jpg,うる星やつら,Urusei Yatsura,TV,23,Finished Airing,"Oct 14, 2022 to Mar 24, 2023",Fall 2022,Fridays at 00,"Aniplex,       Dentsu,       Shogakukan-Shueisha Productions,       Fuji TV,       Shogakukan,       Fuji Creative",Sentai Filmworks,David Production,Manga,"ComedyComedy,         RomanceRomance,         Sci-FiSci-Fi",,ShounenShounen,22 min. per ep.,PG-13 - Teens 13 or older,"7.411 (scored by 5155751,557 users)
      


1
          indicates a weighted score.","#23282

2
    based on the top anime page. Please note that 'Not yet aired' and 'R18+' titles are excluded.",#1333,"191,595","1,235",,"Those Obnoxious Aliens, The Return of Lum, Lum, the Invader Girl",,,,
66,2023,winter,Golden Kamuy 4th Season,Golden Kamuy Season 4,https://cdn.myanimelist.net/images/anime/1855/128059.jpg,ゴールデンカムイ,Golden Kamuy Season 4,TV,13,Finished Airing,"Oct 3, 2022 to Jun 26, 2023",Fall 2022,Mondays at 23,"NBCUniversal Entertainment Japan,       Tokyo MX,       Good Smile Company,       Sammy,       Shueisha,       JR East Marketing & Communications,       Twin Engine","None found, add some",Brain's Base,Manga,"ActionAction,         AdventureAdventure","Adult CastAdult Cast,         HistoricalHistorical,         MilitaryMilitary",SeinenSeinen,23 min. per ep.,R - 17+ (violence & profanity),"8.121 (scored by 3923539,235 users)
      


1
          indicates a weighted score.","#4952

2
    based on the top anime page. Please note that 'Not yet aired' and 'R18+' titles are excluded.",#2117,"106,764",618,,,,,,
67,2023,winter,Cool Doji Danshi,"Play It Cool, Guys",https://cdn.myanimelist.net/images/anime/1123/134677.jpg,クールドジ男子,"Play It Cool, Guys",TV,24,Finished Airing,"Oct 11, 2022 to Mar 28, 2023",Fall 2022,Tuesdays at 01,"TV Tokyo,       AT-X,       Magic Capsule,       Avex Pictures","None found, add some",Pierrot,Web manga,,"Adult CastAdult Cast,         IyashikeiIyashikei",,11 min. per ep.,PG-13 - Teens 13 or older,"7.861 (scored by 3056330,563 users)
      


1
          indicates a weighted score.","#8972

2
    based on the top anime page. Please note that 'Not yet aired' and 'R18+' titles are excluded.",#2192,"102,329","1,089",,,Slice of LifeSlice of Life,,,
68,2023,winter,Crayon Shin-chan,Shin Chan,https://cdn.myanimelist.net/images/anime/10/59897.jpg,クレヨンしんちゃん,Shin Chan,TV,Unknown,Currently Airing,"Apr 13, 1992 to ?",Spring 1992,Fridays at 19,TV Asahi,Funimation,Shin-Ei Animation,Manga,"ComedyComedy,         EcchiEcchi",,SeinenSeinen,21 min.,G - All Ages,"7.801 (scored by 4214242,142 users)
      


1
          indicates a weighted score.","#10282

2
    based on the top anime page. Please note that 'Not yet aired' and 'R18+' titles are excluded.",#2398,"87,938","1,329",SchoolSchool,,,Shin Chan,Shin Chan,
69,2023,winter,KanColle: Itsuka Ano Umi de,KanColle Season 2: Let's Meet at Sea,https://cdn.myanimelist.net/images/anime/1907/135109.jpg,艦これ いつかあの海で,KanColle Season 2,TV,8,Finished Airing,"Nov 4, 2022 to Mar 25, 2023",Fall 2022,Fridays at 00,"None found, add some","None found, add some",ENGI,Game,"ActionAction,         Sci-FiSci-Fi","AnthropomorphicAnthropomorphic,         MilitaryMilitary,         SchoolSchool",,23 min. per ep.,PG-13 - Teens 13 or older,"6.261 (scored by 59635,963 users)
      


1
          indicates a weighted score.","#84922

2
    based on the top anime page. Please note that 'Not yet aired' and 'R18+' titles are excluded.",#3183,"53,781",224,,KanColle,,,,
70,2023,winter,Yowamushi Pedal: Limit Break,,https://cdn.myanimelist.net/images/anime/1853/135275.jpg,弱虫ペダル LIMIT BREAK,,TV,25,Finished Airing,"Oct 9, 2022 to Mar 26, 2023",Fall 2022,Sundays at 00,"TV Tokyo,       MediaNet,       TOHO animation,       Akita Shoten,       NHK Enterprises","None found, add some",TMS Entertainment,Manga,,,ShounenShounen,24 min. per ep.,PG-13 - Teens 13 or older,"7.411 (scored by 95309,530 users)
      


1
          indicates a weighted score.","#23312

2
    based on the top anime page. Please note that 'Not yet aired' and 'R18+' titles are excluded.",#4466,"27,815",148,RacingRacing,"Yowamushi Pedal 5th Season, Yowapeda 5th Season",SportsSports,,,
71,2023,winter,Digimon Ghost Game,,https://cdn.myanimelist.net/images/anime/1907/118797.jpg,デジモンゴーストゲーム,Digimon Ghost Game,TV,67,Finished Airing,"Oct 3, 2021 to Mar 26, 2023",Fall 2021,Sundays at 09,"Yomiko Advertising,       Fuji TV","None found, add some",Toei Animation,Other,"ActionAction,         AdventureAdventure,         ComedyComedy,         FantasyFantasy",,,23 min. per ep.,PG-13 - Teens 13 or older,"6.741 (scored by 72627,262 users)
      


1
          indicates a weighted score.","#56692

2
    based on the top anime page. Please note that 'Not yet aired' and 'R18+' titles are excluded.",#4694,"24,779",165,,,,,,
72,2023,winter,IDOLiSH7 Third Beat! Part 2,,https://cdn.myanimelist.net/images/anime/1458/125998.jpg,アイドリッシュセブン,IDOLiSH7 Third BEAT! Part 2,TV,17,Finished Airing,"Oct 2, 2022 to Feb 26, 2023",Fall 2022,Sundays at 22,"None found, add some","None found, add some",TROYCA,Game,,"Idols (Male)Idols (Male),         MusicMusic",,24 min. per ep.,PG-13 - Teens 13 or older,"8.341 (scored by 52145,214 users)
      


1
          indicates a weighted score.","#2452

2
    based on the top anime page. Please note that 'Not yet aired' and 'R18+' titles are excluded.",#5615,"15,810",262,,,DramaDrama,,,
73,2023,winter,Eternal Boys,,https://cdn.myanimelist.net/images/anime/1665/127107.jpg,永久少年 Eternal Boys,Eternal Boys,TV,24,Finished Airing,"Oct 11, 2022 to Mar 28, 2023",Fall 2022,Tuesdays at 02,"Movic,       Fuji TV,       KlockWorx,       Ultra Super Pictures,       King Records,       Fuji Creative,       Kadokawa,       Aeon Entertainment",Sentai Filmworks,LIDENFILMS,Original,,"Adult CastAdult Cast,         Idols (Male)Idols (Male),         MusicMusic",,13 min. per ep.,PG-13 - Teens 13 or older,"6.551 (scored by 23692,369 users)
      


1
          indicates a weighted score.","#67982

2
    based on the top anime page. Please note that 'Not yet aired' and 'R18+' titles are excluded.",#5804,"14,592",71,,Eikyuu Shounen,Slice of LifeSlice of Life,,,
74,2023,winter,Sazae-san,Mrs. Sazae,https://cdn.myanimelist.net/images/anime/1008/98996.jpg,サザエさん,Mrs. Sazae,TV,Unknown,Currently Airing,"Oct 5, 1969 to ?",Fall 1969,Sundays at 18,Fuji TV,"None found, add some",Eiken,4-koma manga,"ComedyComedy,         Slice of LifeSlice of Life",,,24 min.,G - All Ages,"6.141 (scored by 19341,934 users)
      


1
          indicates a weighted score.","#91842

2
    based on the top anime page. Please note that 'Not yet aired' and 'R18+' titles are excluded.",#7123,"8,791",39,,,,,,
75,2023,winter,Shadowverse Flame,,https://cdn.myanimelist.net/images/anime/1877/122972.jpg,シャドウバースF（フレイム）,Shadowverse Flame,TV,50,Finished Airing,"Apr 2, 2022 to Mar 25, 2023",Spring 2022,Saturdays at 09,Sonilude,"None found, add some",Zexcs,Card game,,,,24 min. per ep.,PG-13 - Teens 13 or older,"6.741 (scored by 15791,579 users)
      


1
          indicates a weighted score.","#56802

2
    based on the top anime page. Please note that 'Not yet aired' and 'R18+' titles are excluded.",#7853,"6,857",36,Strategy GameStrategy Game,Shadowverse F,FantasyFantasy,,,
76,2023,winter,Chibi Maruko-chan (1995),Little Miss Maruko,https://cdn.myanimelist.net/images/anime/1108/100604.jpg,ちびまる子ちゃん,Little Miss Maruko,TV,Unknown,Currently Airing,"Jan 8, 1995 to ?",Winter 1995,Sundays at 18,"Ajia-do,       Fuji TV,       Sakura Production","None found, add some",Nippon Animation,Manga,,,ShoujoShoujo,23 min.,G - All Ages,"7.341 (scored by 21732,173 users)
      


1
          indicates a weighted score.","#26382

2
    based on the top anime page. Please note that 'Not yet aired' and 'R18+' titles are excluded.",#7914,"6,749",61,SchoolSchool,Maruko-chan,ComedyComedy,,Chibi Maruko-chan,
77,2023,winter,Yu☆Gi☆Oh! Go Rush!!,,https://cdn.myanimelist.net/images/anime/1690/140394.jpg,遊☆戯☆王ゴーラッシュ!!,,TV,Unknown,Currently Airing,"Apr 3, 2022 to ?",Spring 2022,Sundays at 07,"TV Tokyo,       Konami,       Shueisha","None found, add some",Bridge,Card game,"ActionAction,         FantasyFantasy",,,24 min.,PG-13 - Teens 13 or older,"5.661 (scored by 11391,139 users)
      


1
          indicates a weighted score.","#115852

2
    based on the top anime page. Please note that 'Not yet aired' and 'R18+' titles are excluded.",#7920,"6,743",52,Strategy GameStrategy Game,Yuu Gi Ou,,,,
78,2023,winter,Chiikawa,,https://cdn.myanimelist.net/images/anime/1783/121944.jpg,ちいかわ,,TV,Unknown,Currently Airing,"Apr 4, 2022 to ?",Spring 2022,Fridays at 07,"None found, add some",Sentai Filmworks,Doga Kobo,Web manga,,,SeinenSeinen,1 min.,G - All Ages,"7.591 (scored by 14911,491 users)
      


1
          indicates a weighted score.","#16022

2
    based on the top anime page. Please note that 'Not yet aired' and 'R18+' titles are excluded.",#8303,"5,984",138,,,ComedyComedy,,,
79,2023,winter,Megaton-kyuu Musashi 2nd Season,Megaton Musashi Season 2,https://cdn.myanimelist.net/images/anime/1207/127832.jpg,メガトン級ムサシ,Megaton Musashi Season 2,TV,15,Finished Airing,"Oct 7, 2022 to Mar 17, 2023",Fall 2022,Fridays at 22,"None found, add some","None found, add some",OLM,Mixed media,"ActionAction,         Sci-FiSci-Fi","MechaMecha,         SchoolSchool",,27 min. per ep.,PG-13 - Teens 13 or older,"6.551 (scored by 13681,368 users)
      


1
          indicates a weighted score.","#67652

2
    based on the top anime page. Please note that 'Not yet aired' and 'R18+' titles are excluded.",#9038,"4,795",16,,,,,,
80,2023,winter,Bonobono (TV 2016),Bono Bono,https://cdn.myanimelist.net/images/anime/13/77617.jpg,ぼのぼの,Bono Bono,TV,Unknown,Currently Airing,"Apr 2, 2016 to ?",Spring 2016,Saturdays at 04,"Fuji TV,       Glovision","None found, add some",Eiken,4-koma manga,"ComedyComedy,         Slice of LifeSlice of Life",,,5 min.,G - All Ages,"6.371 (scored by 759759 users)
      


1
          indicates a weighted score.","#78892

2
    based on the top anime page. Please note that 'Not yet aired' and 'R18+' titles are excluded.",#10226,"3,275",19,AnthropomorphicAnthropomorphic,,,Bono Bono,Bono Bono,Bono Bono
81,2023,winter,Ninjala (TV),,https://cdn.myanimelist.net/images/anime/1552/119871.jpg,ニンジャラ,,TV,Unknown,Currently Airing,"Jan 8, 2022 to ?",Winter 2022,Saturdays at 07,TV Tokyo,Sentai Filmworks,OLM,Game,,,,23 min.,PG - Children,"5.571 (scored by 424424 users)
      


1
          indicates a weighted score.","#119012

2
    based on the top anime page. Please note that 'Not yet aired' and 'R18+' titles are excluded.",#10490,"3,039",24,,,ActionAction,,,
82,2023,winter,Shikaru Neko,,https://cdn.myanimelist.net/images/anime/1008/113384.jpg,しかるねこ,,TV,Unknown,Currently Airing,"Mar 22, 2021 to ?",Spring 2021,Unknown,"None found, add some","None found, add some","None found, add some",Manga,,,,30 sec.,G - All Ages,"N/A1 (scored by - users)
      
1
          indicates a weighted score.","#141882

2
    based on the top anime page. Please note that 'Not yet aired' and 'R18+' titles are excluded.",#11244,"2,432",17,,,Slice of LifeSlice of Life,,,
83,2023,winter,Kamiusagi Rope: Warau Asa ni wa Fukuraitaru tte Maji ssuka!?,,https://cdn.myanimelist.net/images/anime/6/72182.jpg,紙兎ロペ 〜笑う朝には福来たるってマジっすか!?,,TV,Unknown,Currently Airing,"Nov 16, 2012 to ?",Fall 2012,Not scheduled once per week,"None found, add some","None found, add some","None found, add some",Original,"ComedyComedy,         Slice of LifeSlice of Life",,,2 min.,G - All Ages,"N/A1 (scored by - users)
      
1
          indicates a weighted score.","#167992

2
    based on the top anime page. Please note that 'Not yet aired' and 'R18+' titles are excluded.",#13282,"1,294",0,,Kamiusagi Rope 4,,,,
84,2023,winter,Mamekichi Mameko NEET no Nichijou,Mameko Mamekichi's NEET Everyday Life,https://cdn.myanimelist.net/images/anime/1920/127864.jpg,まめきちまめこニートの日常,Mameko Mamekichi's NEET Everyday Life,TV,48,Finished Airing,"Oct 3, 2022 to Apr 3, 2023",Fall 2022,Not scheduled once per week,"None found, add some","None found, add some",Tezuka Productions,Web manga,,,,1 min. per ep.,PG-13 - Teens 13 or older,"N/A1 (scored by - users)
      
1
          indicates a weighted score.","#174962

2
    based on the top anime page. Please note that 'Not yet aired' and 'R18+' titles are excluded.",#14241,"1,004",3,,,ComedyComedy,,,
85,2023,winter,Shiawase Haitatsu Taneko,,https://cdn.myanimelist.net/images/anime/2/28900.jpg,しあわせ配達おみくじタネコ,,TV,Unknown,Currently Airing,"Mar 26, 2011 to ?",Spring 2011,Not scheduled once per week,"None found, add some","None found, add some",Kachidoki Studio,Original,,,,Unknown,None,"N/A1 (scored by - users)
      
1
          indicates a weighted score.","#141752

2
    based on the top anime page. Please note that 'Not yet aired' and 'R18+' titles are excluded.",#14312,980,4,,,ComedyComedy,,,
86,2023,winter,Uchuu Nanchara Kotetsu-kun,Space Academy,https://cdn.myanimelist.net/images/anime/1226/112286.jpg,宇宙なんちゃらこてつくん,Space Academy,TV,64,Finished Airing,"Apr 7, 2021 to Feb 23, 2023",Spring 2021,Thursdays at 18,"None found, add some","None found, add some",Fanworks,Web manga,"ComedyComedy,         Sci-FiSci-Fi",,,9 min. per ep.,G - All Ages,"N/A1 (scored by - users)
      
1
          indicates a weighted score.","#150872

2
    based on the top anime page. Please note that 'Not yet aired' and 'R18+' titles are excluded.",#14749,873,3,SpaceSpace,,,,,
87,2023,winter,Manul no Yuube,,https://cdn.myanimelist.net/images/anime/1980/96936.jpg,マヌ～ルのゆうべ,,TV,Unknown,Currently Airing,"Nov 11, 2018 to ?",Fall 2018,Sundays at Unknown,NHK,"None found, add some","None found, add some",Web manga,,,,1 min.,PG-13 - Teens 13 or older,"N/A1 (scored by - users)
      
1
          indicates a weighted score.","#175272

2
    based on the top anime page. Please note that 'Not yet aired' and 'R18+' titles are excluded.",#15779,654,1,,,Slice of LifeSlice of Life,,,
88,2023,winter,Chickip Dancers 2nd Season,,https://cdn.myanimelist.net/images/anime/1869/129078.jpg,チキップダンサーズ,,TV,26,Finished Airing,"Sep 27, 2022 to Mar 28, 2023",Fall 2022,Tuesdays at 08,"None found, add some","None found, add some",Fanworks,Other,,,,5 min. per ep.,G - All Ages,"N/A1 (scored by - users)
      
1
          indicates a weighted score.","#199002

2
    based on the top anime page. Please note that 'Not yet aired' and 'R18+' titles are excluded.",#17940,422,2,,,Slice of LifeSlice of Life,,,
89,2023,winter,Shin Nippon History,,https://cdn.myanimelist.net/images/anime/1433/134811.jpg,新ニッポンヒストリー,,TV,Unknown,Currently Airing,"Jan 6, 2020 to ?",Winter 2020,Mondays at 01,"None found, add some","None found, add some","None found, add some",Original,,,,23 min.,G - All Ages,"N/A1 (scored by - users)
      
1
          indicates a weighted score.","#142302

2
    based on the top anime page. Please note that 'Not yet aired' and 'R18+' titles are excluded.",#18533,377,0,HistoricalHistorical,Shin Nippon History,ComedyComedy,,,
90,2023,winter,Madtoy Chatty,,https://cdn.myanimelist.net/images/anime/1292/125603.jpg,マッドトイチャッティ,,TV,50,Finished Airing,"Apr 20, 2022 to Apr 26, 2023",Spring 2022,Wednesdays at 02,CHANCE iN,"None found, add some",Kachidoki Studio,Original,,,,1 min. per ep.,G - All Ages,"N/A1 (scored by - users)
      
1
          indicates a weighted score.","#174482

2
    based on the top anime page. Please note that 'Not yet aired' and 'R18+' titles are excluded.",#19182,331,0,,,ComedyComedy,,,
91,2023,winter,Alssongdalssong Catch! Tiniping,Secret Catch! Teenieping,https://cdn.myanimelist.net/images/anime/1368/144626.jpg,알쏭달쏭 캐치! 티니핑,Secret Catch! Teenieping,TV,26,Finished Airing,"Sep 14, 2022 to Mar 8, 2023",Fall 2022,Unknown,"None found, add some","None found, add some",SAMG Entertainment,Original,,"Mahou ShoujoMahou Shoujo,         SchoolSchool",,11 min. per ep.,PG - Children,"N/A1 (scored by - users)
      
1
          indicates a weighted score.","#191692

2
    based on the top anime page. Please note that 'Not yet aired' and 'R18+' titles are excluded.",#19765,296,1,,,FantasyFantasy,,,
92,2023,winter,Youkoso Ninchishou Sekai e,,https://cdn.myanimelist.net/images/anime/1573/142457.jpg,ようこそ認知症世界へ,,TV,Unknown,Currently Airing,"Aug 14, 2022 to ?",Summer 2022,Unknown,NHK,"None found, add some","None found, add some",Original,"AdventureAdventure,         Slice of LifeSlice of Life",,,5 min.,G - All Ages,"N/A1 (scored by - users)
      
1
          indicates a weighted score.","#160982

2
    based on the top anime page. Please note that 'Not yet aired' and 'R18+' titles are excluded.",#20734,242,0,EducationalEducational,,,,,
