,year,season,jp_title,en_title,img,Japanese,Type,Episodes,Status,Aired,Premiered,Broadcast,Producers,Licensors,Studios,Source,Genres,Themes,Demographic,Duration,Rating,Score,Ranked,Popularity,Members,Favorites,Synonyms,English,Theme,Genre,German,Spanish,French
0,2022,spring,Spy x Family,,https://cdn.myanimelist.net/images/anime/1441/122795.jpg,SPY×FAMILY,TV,12,Finished Airing,"Apr 9, 2022 to Jun 25, 2022",Spring 2022,Saturdays at 23,"TV Tokyo,       Shogakukan-Shueisha Productions,       TOHO animation,       Shueisha",Funimation,"Wit Studio,       CloverWorks",Manga,"ActionAction,         Award WinningAward Winning,         ComedyComedy","ChildcareChildcare,         Super PowerSuper Power",ShounenShounen,24 min. per ep.,PG-13 - Teens 13 or older,"8.471 (scored by 10474361,047,436 users)
      


1
          indicates a weighted score.","#1532

2
    based on the top anime page. Please note that 'Not yet aired' and 'R18+' titles are excluded.",#61,"1,706,259","40,064",,,,,,,
1,2022,spring,Kaguya-sama wa Kokurasetai: Ultra Romantic,Kaguya-sama: Love is War -Ultra Romantic-,https://cdn.myanimelist.net/images/anime/1160/122627.jpg,かぐや様は告らせたい-ウルトラロマンティック-,TV,13,Finished Airing,"Apr 9, 2022 to Jun 25, 2022",Spring 2022,Saturdays at 00,"Aniplex,       Mainichi Broadcasting System,       Magic Capsule,       Shueisha,       JR East Marketing & Communications",Aniplex of America,A-1 Pictures,Manga,"ComedyComedy,         RomanceRomance",,SeinenSeinen,23 min. per ep.,PG-13 - Teens 13 or older,"8.991 (scored by 571838571,838 users)
      


1
          indicates a weighted score.","#132

2
    based on the top anime page. Please note that 'Not yet aired' and 'R18+' titles are excluded.",#168,"1,008,204","32,125",Kaguya-sama wa Kokurasetai,Kaguya-sama,SchoolSchool,,,,
2,2022,spring,Tate no Yuusha no Nariagari Season 2,The Rising of the Shield Hero Season 2,https://cdn.myanimelist.net/images/anime/1143/121873.jpg,盾の勇者の成り上がり Season2,TV,13,Finished Airing,"Apr 6, 2022 to Jun 29, 2022",Spring 2022,Wednesdays at 22,"Frontier Works,       AT-X,       Nippon Columbia,       Glovision,       Good Smile Company,       Sammy,       Crunchyroll,       Kadokawa Media House,       NTT Plala,       Kadokawa","None found, add some","Kinema Citrus,       DR Movie",Light novel,"ActionAction,         AdventureAdventure,         DramaDrama,         FantasyFantasy",,,23 min. per ep.,PG-13 - Teens 13 or older,"6.521 (scored by 295132295,132 users)
      


1
          indicates a weighted score.","#69252

2
    based on the top anime page. Please note that 'Not yet aired' and 'R18+' titles are excluded.",#253,"809,874","12,305",Tate no Yuusha no Nariagari 2nd Season,The Rising of the Shield Hero Season 2,IsekaiIsekai,,,,
3,2022,spring,Summertime Render,Summer Time Rendering,https://cdn.myanimelist.net/images/anime/1120/120796.jpg,サマータイムレンダ,TV,25,Finished Airing,"Apr 15, 2022 to Sep 30, 2022",Spring 2022,Fridays at 00,"Shogakukan-Shueisha Productions,       Movic,       MAGES.,       Tokyo MX,       Shueisha,       Toy's Factory,       Bandai Spirits","None found, add some",OLM,Manga,"MysteryMystery,         SupernaturalSupernatural,         SuspenseSuspense",,ShounenShounen,23 min. per ep.,R - 17+ (violence & profanity),"8.471 (scored by 251268251,268 users)
      


1
          indicates a weighted score.","#1542

2
    based on the top anime page. Please note that 'Not yet aired' and 'R18+' titles are excluded.",#389,"596,940","10,140",,Summer Time Rendering,Time TravelTime Travel,,,,
4,2022,spring,Kawaii dake ja Nai Shikimori-san,Shikimori's Not Just a Cutie,https://cdn.myanimelist.net/images/anime/1995/121695.jpg,可愛いだけじゃない式守さん,TV,12,Finished Airing,"Apr 10, 2022 to Jul 10, 2022",Spring 2022,Sundays at 02,"Kodansha,       NBCUniversal Entertainment Japan,       ABC Animation","Crunchyroll,       Muse Communication",Doga Kobo,Web manga,"ComedyComedy,         RomanceRomance",,,23 min. per ep.,PG-13 - Teens 13 or older,"6.931 (scored by 246644246,644 users)
      


1
          indicates a weighted score.","#46962

2
    based on the top anime page. Please note that 'Not yet aired' and 'R18+' titles are excluded.",#406,"574,771","5,072","Shikimori's Not Just a Cutie, Miss Shikimori is not just cute, That Girl Is Not Just Cute",Shikimori's Not Just a Cutie,SchoolSchool,,,,
5,2022,spring,"Komi-san wa, Comyushou desu. 2nd Season",Komi Can't Communicate Season 2,https://cdn.myanimelist.net/images/anime/1108/121157.jpg,古見さんは、コミュ症です。 2,TV,12,Finished Airing,"Apr 7, 2022 to Jun 23, 2022",Spring 2022,Thursdays at 00,"TV Tokyo,       Dentsu,       Shogakukan-Shueisha Productions,       Half H.P Studio,       Nippon Columbia","None found, add some",OLM,Manga,,,ShounenShounen,23 min. per ep.,PG-13 - Teens 13 or older,"8.011 (scored by 258331258,331 users)
      


1
          indicates a weighted score.","#6572

2
    based on the top anime page. Please note that 'Not yet aired' and 'R18+' titles are excluded.",#456,"517,991","3,941","Komi-san wa, Communication Shougai desu. 2",Komi Can't Communicate Season 2,SchoolSchool,ComedyComedy,,,
6,2022,spring,Tomodachi Game,,https://cdn.myanimelist.net/images/anime/1247/121345.jpg,トモダチゲーム,TV,12,Finished Airing,"Apr 6, 2022 to Jun 22, 2022",Spring 2022,Wednesdays at 01,"Kodansha,       Studio Mausu,       Nippon Television Network,       King Records",Crunchyroll,Okuruto Noboru,Manga,,"High Stakes GameHigh Stakes Game,         PsychologicalPsychological,         Strategy GameStrategy Game",ShounenShounen,22 min. per ep.,R - 17+ (violence & profanity),"7.721 (scored by 228441228,441 users)
      


1
          indicates a weighted score.","#12312

2
    based on the top anime page. Please note that 'Not yet aired' and 'R18+' titles are excluded.",#554,"440,676","4,270",Friends Game,Tomodachi Game,,SuspenseSuspense,,,
7,2022,spring,Aharen-san wa Hakarenai,,https://cdn.myanimelist.net/images/anime/1612/120636.jpg,阿波連さんははかれない,TV,12,Finished Airing,"Apr 2, 2022 to Jun 18, 2022",Spring 2022,Saturdays at 02,bilibili,Crunchyroll,Felix Film,Manga,"ComedyComedy,         RomanceRomance","Love Status QuoLove Status Quo,         SchoolSchool",ShounenShounen,23 min. per ep.,PG-13 - Teens 13 or older,"7.281 (scored by 154216154,216 users)
      


1
          indicates a weighted score.","#29212

2
    based on the top anime page. Please note that 'Not yet aired' and 'R18+' titles are excluded.",#706,"359,552","2,292",Aharen Is Indecipherable,Aharen-san wa Hakarenai,,,,,
8,2022,spring,Otome Game Sekai wa Mob ni Kibishii Sekai desu,Trapped in a Dating Sim: The World of Otome Games is Tough for Mobs,https://cdn.myanimelist.net/images/anime/1161/121462.jpg,乙女ゲー世界はモブに厳しい世界です,TV,12,Finished Airing,"Apr 3, 2022 to Jun 19, 2022",Spring 2022,Sundays at 22,"AT-X,       Sammy,       bilibili,       Kadokawa Media House,       Kadokawa,       Micro Magazine Publishing,       Micro House",Crunchyroll,ENGI,Light novel,"ActionAction,         FantasyFantasy,         RomanceRomance","HaremHarem,         IsekaiIsekai,         MechaMecha,         ReincarnationReincarnation,         SchoolSchool",,23 min. per ep.,PG-13 - Teens 13 or older,"7.321 (scored by 178288178,288 users)
      


1
          indicates a weighted score.","#27602

2
    based on the top anime page. Please note that 'Not yet aired' and 'R18+' titles are excluded.",#740,"343,246","2,241","Otomege Sekai wa Mob ni Kibishii Sekai desu, Mobseka, Mobuseka",Trapped in a Dating Sim,,,,,
9,2022,spring,"Gaikotsu Kishi-sama, Tadaima Isekai e Odekakechuu",Skeleton Knight in Another World,https://cdn.myanimelist.net/images/anime/1361/120706.jpg,骸骨騎士様、只今異世界へお出掛け中,TV,12,Finished Airing,"Apr 7, 2022 to Jun 23, 2022",Spring 2022,Thursdays at 23,"Pony Canyon,       AT-X,       DAX Production,       Docomo Anime Store,       Overlap,       Crunchyroll,       Muse Communication,       MAGNET","None found, add some","Studio Kai,       HORNETS",Light novel,"ActionAction,         AdventureAdventure,         FantasyFantasy",,,23 min. per ep.,R - 17+ (violence & profanity),"7.151 (scored by 171429171,429 users)
      


1
          indicates a weighted score.","#36542

2
    based on the top anime page. Please note that 'Not yet aired' and 'R18+' titles are excluded.",#752,"340,258","1,778",Skeleton Knight going out to the parallel universe,Skeleton Knight in Another World,IsekaiIsekai,,,,
10,2022,spring,"Yuusha, Yamemasu",I'm Quitting Heroing,https://cdn.myanimelist.net/images/anime/1934/122301.jpg,勇者、辞めます,TV,12,Finished Airing,"Apr 5, 2022 to Jun 21, 2022",Spring 2022,Tuesdays at 22,"AT-X,       flying DOG,       Glovision,       Kadokawa,       Tencent Games",Sentai Filmworks,EMT Squared,Light novel,"ActionAction,         AdventureAdventure,         ComedyComedy,         FantasyFantasy",,,23 min. per ep.,PG-13 - Teens 13 or older,"7.011 (scored by 153018153,018 users)
      


1
          indicates a weighted score.","#43772

2
    based on the top anime page. Please note that 'Not yet aired' and 'R18+' titles are excluded.",#784,"328,507","1,728",Yuuyame,I'm Quitting Heroing,,,,,
11,2022,spring,Paripi Koumei,Ya Boy Kongming!,https://cdn.myanimelist.net/images/anime/1970/122297.jpg,パリピ孔明,TV,12,Finished Airing,"Apr 5, 2022 to Jun 21, 2022",Spring 2022,Tuesdays at 23,"Mainichi Broadcasting System,       Kodansha,       Avex Pictures,       DMM pictures,       Bit grooove promotion",Sentai Filmworks,P.A. Works,Web manga,,"Adult CastAdult Cast,         MusicMusic,         ReincarnationReincarnation,         ShowbizShowbiz",,23 min. per ep.,PG-13 - Teens 13 or older,"8.121 (scored by 151816151,816 users)
      


1
          indicates a weighted score.","#4922

2
    based on the top anime page. Please note that 'Not yet aired' and 'R18+' titles are excluded.",#823,"313,648","2,611",Party People Koumei,Ya Boy Kongming!,,ComedyComedy,,,
12,2022,spring,"Shijou Saikyou no Daimaou, Murabito A ni Tensei suru",The Greatest Demon Lord Is Reborn as a Typical Nobody,https://cdn.myanimelist.net/images/anime/1904/120095.jpg,史上最強の大魔王、村人Aに転生する,TV,12,Finished Airing,"Apr 6, 2022 to Jun 22, 2022",Spring 2022,Wednesdays at 21,"AT-X,       Docomo Anime Store,       Kadokawa Media House,       BS NTV,       Kadokawa,       Simplicity,       Bandai Namco Music Live",Crunchyroll,"SILVER LINK.,       Blade",Light novel,"ActionAction,         FantasyFantasy","HaremHarem,         ReincarnationReincarnation,         SchoolSchool",,24 min. per ep.,PG-13 - Teens 13 or older,"6.291 (scored by 144784144,784 users)
      


1
          indicates a weighted score.","#83692

2
    based on the top anime page. Please note that 'Not yet aired' and 'R18+' titles are excluded.",#836,"311,235","1,519",The Greatest Maou is Reborned to Get Friends,The Greatest Demon Lord Is Reborn as a Typical Nobody,,,,,
13,2022,spring,Kakkou no Iinazuke,A Couple of Cuckoos,https://cdn.myanimelist.net/images/anime/1285/120529.jpg,カッコウの許嫁,TV,24,Finished Airing,"Apr 24, 2022 to Oct 2, 2022",Spring 2022,Sundays at 01,"TV Asahi,       Kodansha,       Crunchyroll,       Kadokawa","None found, add some","SynergySP,       Shin-Ei Animation",Manga,"ComedyComedy,         RomanceRomance",,ShounenShounen,23 min. per ep.,PG-13 - Teens 13 or older,"6.871 (scored by 116028116,028 users)
      


1
          indicates a weighted score.","#49882

2
    based on the top anime page. Please note that 'Not yet aired' and 'R18+' titles are excluded.",#868,"302,936","2,268",Cuckoo's Fiancee,A Couple of Cuckoos,HaremHarem,,,,
14,2022,spring,Date A Live IV,,https://cdn.myanimelist.net/images/anime/1368/121281.jpg,デート・ア・ライブⅣ,TV,12,Finished Airing,"Apr 8, 2022 to Jun 24, 2022",Spring 2022,Fridays at 22,"AT-X,       Nippon Columbia,       Docomo Anime Store,       Kadokawa Media House,       Kadokawa",Crunchyroll,Geek Toys,Light novel,"ActionAction,         FantasyFantasy,         RomanceRomance,         Sci-FiSci-Fi","HaremHarem,         SchoolSchool,         Urban FantasyUrban Fantasy",,23 min. per ep.,R - 17+ (violence & profanity),"7.751 (scored by 9650996,509 users)
      


1
          indicates a weighted score.","#11692

2
    based on the top anime page. Please note that 'Not yet aired' and 'R18+' titles are excluded.",#948,"271,439","3,431","Date A Live 4, Date A Live Fourth Season, DAL 4",Date A Live IV,,,,,
15,2022,spring,Koi wa Sekai Seifuku no Ato de,Love After World Domination,https://cdn.myanimelist.net/images/anime/1347/120593.jpg,恋は世界征服のあとで,TV,12,Finished Airing,"Apr 8, 2022 to Jun 24, 2022",Spring 2022,Fridays at 21,"Toei Video,       Pony Canyon,       AT-X,       KlockWorx,       Asmik Ace,       TV Aichi,       Yomiuri Shimbun,       APDREAM,       arma bianca,       Bit grooove promotion,       Dream Shift,       BS Asahi,       Happinet Phantom Studios,       Bergamo",Crunchyroll,Project No.9,Manga,"ActionAction,         ComedyComedy,         FantasyFantasy,         RomanceRomance","ParodyParody,         Urban FantasyUrban Fantasy",ShounenShounen,23 min. per ep.,PG-13 - Teens 13 or older,"7.391 (scored by 108323108,323 users)
      


1
          indicates a weighted score.","#24052

2
    based on the top anime page. Please note that 'Not yet aired' and 'R18+' titles are excluded.",#1015,"256,821","1,056",Koiseka,Love After World Domination,,,,,
16,2022,spring,Ao Ashi,,https://cdn.myanimelist.net/images/anime/1731/120871.jpg,アオアシ,TV,24,Finished Airing,"Apr 9, 2022 to Sep 24, 2022",Spring 2022,Saturdays at 18,"Shogakukan-Shueisha Productions,       Marvelous Entertainment,       NHK Enterprises,       Bandai Spirits",Crunchyroll,Production I.G,Manga,,,SeinenSeinen,24 min. per ep.,PG-13 - Teens 13 or older,"8.161 (scored by 117167117,167 users)
      


1
          indicates a weighted score.","#4462

2
    based on the top anime page. Please note that 'Not yet aired' and 'R18+' titles are excluded.",#1123,"232,059","3,246",,Aoashi,Team SportsTeam Sports,SportsSports,,,
17,2022,spring,Shokei Shoujo no Virgin Road,The Executioner and Her Way of Life,https://cdn.myanimelist.net/images/anime/1423/122029.jpg,処刑少女の生きる道〈バージンロード〉,TV,12,Finished Airing,"Apr 2, 2022 to Jun 18, 2022",Spring 2022,Saturdays at 00,"Warner Bros. Japan,       Hakuhodo DY Music & Pictures,       Egg Firm,       SB Creative,       Creek",Sentai Filmworks,J.C.Staff,Light novel,"ActionAction,         AdventureAdventure,         FantasyFantasy",,,23 min. per ep.,R - 17+ (violence & profanity),"6.761 (scored by 6030060,300 users)
      


1
          indicates a weighted score.","#55282

2
    based on the top anime page. Please note that 'Not yet aired' and 'R18+' titles are excluded.",#1436,"175,400",737,Shokei Shoujo no Ikiru Michi,The Executioner and Her Way of Life,IsekaiIsekai,,,,
18,2022,spring,Honzuki no Gekokujou: Shisho ni Naru Tame ni wa Shudan wo Erandeiraremasen 3rd Season,Ascendance of a Bookworm Season 3,https://cdn.myanimelist.net/images/anime/1976/122302.jpg,本好きの下剋上 ～司書になるためには手段を選んでいられません～ 第3期,TV,10,Finished Airing,"Apr 12, 2022 to Jun 14, 2022",Spring 2022,Tuesdays at 02,"WOWOW,       KlockWorx,       flying DOG,       BS Fuji,       Yomiuri TV Enterprise,       TO Books,       JTB Next Creation,       MediaNet Pictures,       Happinet Phantom Studios",Crunchyroll,Ajia-do,Light novel,,"IsekaiIsekai,         ReincarnationReincarnation",,23 min. per ep.,PG-13 - Teens 13 or older,"8.071 (scored by 8404684,046 users)
      


1
          indicates a weighted score.","#5662

2
    based on the top anime page. Please note that 'Not yet aired' and 'R18+' titles are excluded.",#1451,"173,724",971,Ascendance of a Bookworm 3rd Season,Ascendance of a Bookworm Season 3,,FantasyFantasy,,,
19,2022,spring,Mahoutsukai Reimeiki,The Dawn of the Witch,https://cdn.myanimelist.net/images/anime/1093/121114.jpg,魔法使い黎明期,TV,12,Finished Airing,"Apr 8, 2022 to Jul 1, 2022",Spring 2022,Fridays at 01,"TBS,       Kodansha,       NBCUniversal Entertainment Japan,       BS11,       Nichion,       NichiNare,       DMM pictures,       Bit grooove promotion",Crunchyroll,Tezuka Productions,Light novel,"ActionAction,         AdventureAdventure,         ComedyComedy,         FantasyFantasy",,,24 min. per ep.,PG-13 - Teens 13 or older,"6.391 (scored by 5804258,042 users)
      


1
          indicates a weighted score.","#77592

2
    based on the top anime page. Please note that 'Not yet aired' and 'R18+' titles are excluded.",#1467,"171,659",758,Mahou Tsukai Reimeiki,The Dawn of the Witch,AnthropomorphicAnthropomorphic,,,,
20,2022,spring,Rikei ga Koi ni Ochita no de Shoumei shitemita. Heart,"Science Fell in Love, So I Tried to Prove It r=1-sinθ",https://cdn.myanimelist.net/images/anime/1109/118948.jpg,理系が恋に落ちたので証明してみた。r=1-sinθ（ハート）,TV,12,Finished Airing,"Apr 2, 2022 to Jun 18, 2022",Spring 2022,Saturdays at 01,"Sony Music Entertainment,       BS Fuji,       Flex Comix,       Hokkaido Cultural Broadcasting,       Office Nobu,       bilibili,       Yomiuri TV Enterprise,       Kanetsu Investment,       Toyo Recording,       Global Solutions,       SUPA LOVE,       BloomZ,       Mirai-Kojo,       AMG Entertainment,       Starry Cube","None found, add some",Zero-G,Web manga,"ComedyComedy,         RomanceRomance",,,23 min. per ep.,PG-13 - Teens 13 or older,"7.301 (scored by 5482654,826 users)
      


1
          indicates a weighted score.","#28412

2
    based on the top anime page. Please note that 'Not yet aired' and 'R18+' titles are excluded.",#1561,"160,844",528,"Science Fell in Love, So I Tried to Prove It 2nd Season, Rikekoi, Rikei ga Koi ni Ochita no de Shoumei shitemita. r=1-sinθ","Science Fell in Love, So I Tried to Prove It r=1-sinθ",Adult CastAdult Cast,,,,
21,2022,spring,Deaimon,Deaimon: Recipe for Happiness,https://cdn.myanimelist.net/images/anime/1054/121949.jpg,であいもん,TV,12,Finished Airing,"Apr 6, 2022 to Jun 22, 2022",Spring 2022,Wednesdays at 23,"flying DOG,       Kadokawa,       Midorimatsu","None found, add some",Encourage Films,Manga,,"ChildcareChildcare,         WorkplaceWorkplace",SeinenSeinen,24 min. per ep.,PG-13 - Teens 13 or older,"7.551 (scored by 4510045,100 users)
      


1
          indicates a weighted score.","#17702

2
    based on the top anime page. Please note that 'Not yet aired' and 'R18+' titles are excluded.",#2173,"102,961",461,,Deaimon,,Slice of LifeSlice of Life,,,
22,2022,spring,Dance Dance Danseur,,https://cdn.myanimelist.net/images/anime/1571/121381.jpg,ダンス・ダンス・ダンスール,TV,11,Finished Airing,"Apr 9, 2022 to Jun 18, 2022",Spring 2022,Saturdays at 01,"Mainichi Broadcasting System,       Shogakukan,       dugout,       DMM Music,       Creek","None found, add some",MAPPA,Manga,,,SeinenSeinen,23 min. per ep.,PG-13 - Teens 13 or older,"7.821 (scored by 3551635,516 users)
      


1
          indicates a weighted score.","#9882

2
    based on the top anime page. Please note that 'Not yet aired' and 'R18+' titles are excluded.",#2387,"88,754",638,,Dance Dance Danseur,Performing ArtsPerforming Arts,DramaDrama,,,
23,2022,spring,Kingdom 4th Season,Kingdom: Season 4,https://cdn.myanimelist.net/images/anime/1566/122794.jpg,キングダム 第4シリーズ,TV,26,Finished Airing,"Apr 10, 2022 to Oct 2, 2022",Spring 2022,Sundays at 00,"Avex Pictures,       Shueisha,       NHK Enterprises","None found, add some","Pierrot,       Studio Signpost",Manga,,"HistoricalHistorical,         MilitaryMilitary",SeinenSeinen,24 min. per ep.,R - 17+ (violence & profanity),"8.731 (scored by 3212732,127 users)
      


1
          indicates a weighted score.","#492

2
    based on the top anime page. Please note that 'Not yet aired' and 'R18+' titles are excluded.",#2690,"73,407","1,109",,Kingdom,,ActionAction,,,
24,2022,spring,Machikado Mazoku: 2-choume,The Demon Girl Next Door 2,https://cdn.myanimelist.net/images/anime/1036/121135.jpg,まちカドまぞく 2丁目,TV,12,Finished Airing,"Apr 8, 2022 to Jul 1, 2022",Spring 2022,Fridays at 01,"Pony Canyon,       Houbunsha,       Medicos Entertainment,       BS11,       RAY,       Nichion",Sentai Filmworks,J.C.Staff,4-koma manga,,"CGDCTCGDCT,         Mahou ShoujoMahou Shoujo,         SchoolSchool",,24 min. per ep.,PG-13 - Teens 13 or older,"7.851 (scored by 2642926,429 users)
      


1
          indicates a weighted score.","#9232

2
    based on the top anime page. Please note that 'Not yet aired' and 'R18+' titles are excluded.",#2709,"72,661",341,"Machikado Mazoku 2nd Season, The Demon Girl Next Door 2nd Season",The Demon Girl Next Door 2,,ComedyComedy,,,
25,2022,spring,Heroine Tarumono! Kiraware Heroine to Naisho no Oshigoto,Heroines Run the Show: The Unpopular Girl and the Secret Task,https://cdn.myanimelist.net/images/anime/1311/120270.jpg,ヒロインたるもの！〜嫌われヒロインと内緒のお仕事〜,TV,12,Finished Airing,"Apr 7, 2022 to Jun 23, 2022",Spring 2022,Thursdays at 22,"Movic,       Futabasha,       U-NEXT,       MusicRay’n,       INCS toenter,       Marui Group,       Lawson Entertainment,       tamakoshi,       flaggs,       Laulea Works,       Alice",Crunchyroll,Lay-duce,Music,,"Idols (Male)Idols (Male),         SchoolSchool",,23 min. per ep.,PG-13 - Teens 13 or older,"7.271 (scored by 2637526,375 users)
      


1
          indicates a weighted score.","#30142

2
    based on the top anime page. Please note that 'Not yet aired' and 'R18+' titles are excluded.",#2725,"72,268",422,To Become a Real Heroine!,Heroines Run the Show,,,,,
26,2022,spring,Birdie Wing: Golf Girls' Story,,https://cdn.myanimelist.net/images/anime/1343/120488.jpg,BIRDIE WING -Golf Girls' Story-,TV,13,Finished Airing,"Apr 6, 2022 to Jun 29, 2022",Spring 2022,Wednesdays at 00,TV Tokyo,"None found, add some",Bandai Namco Pictures,Original,,,,23 min. per ep.,PG-13 - Teens 13 or older,"7.481 (scored by 2658526,585 users)
      


1
          indicates a weighted score.","#20442

2
    based on the top anime page. Please note that 'Not yet aired' and 'R18+' titles are excluded.",#2781,"69,397",428,,Birdie Wing,,SportsSports,,,
27,2022,spring,"Kono Healer, Mendokusai","Don't Hurt Me, My Healer!",https://cdn.myanimelist.net/images/anime/1565/121221.jpg,このヒーラー、めんどくさい,TV,12,Finished Airing,"Apr 10, 2022 to Jun 26, 2022",Spring 2022,Sundays at 21,"AT-X,       Nippon Columbia,       BS11,       Crunchyroll,       Kadokawa Media House,       Kadokawa,       INCS toenter","None found, add some",Jumondo,Web manga,"AdventureAdventure,         ComedyComedy,         FantasyFantasy",,,23 min. per ep.,PG-13 - Teens 13 or older,"6.341 (scored by 2326623,266 users)
      


1
          indicates a weighted score.","#80242

2
    based on the top anime page. Please note that 'Not yet aired' and 'R18+' titles are excluded.",#2883,"64,997",170,This Healer's a Handful,"Don't Hurt Me, My Healer!",,,,,
28,2022,spring,Kunoichi Tsubaki no Mune no Uchi,In the Heart of Kunoichi Tsubaki,https://cdn.myanimelist.net/images/anime/1724/121343.jpg,くノ一ツバキの胸の内,TV,13,Finished Airing,"Apr 10, 2022 to Jul 3, 2022",Spring 2022,Sundays at 00,"Aniplex,       Chugai Mining,       BS11,       Shogakukan,       ADK Marketing Solutions","None found, add some",CloverWorks,Manga,"ActionAction,         ComedyComedy","CGDCTCGDCT,         Martial ArtsMartial Arts",ShounenShounen,23 min. per ep.,PG-13 - Teens 13 or older,"7.101 (scored by 2416024,160 users)
      


1
          indicates a weighted score.","#38912

2
    based on the top anime page. Please note that 'Not yet aired' and 'R18+' titles are excluded.",#2915,"63,535",274,Inside Tsubaki Kunoichi's Heart,In the Heart of Kunoichi Tsubaki,,,,,
29,2022,spring,RPG Fudousan,RPG Real Estate,https://cdn.myanimelist.net/images/anime/1680/122002.jpg,RPG不動産,TV,12,Finished Airing,"Apr 6, 2022 to Jun 22, 2022",Spring 2022,Wednesdays at 21,"AT-X,       Nippon Columbia,       Houbunsha,       Kadokawa Media House,       BS NTV,       Kadokawa","None found, add some",Doga Kobo,4-koma manga,"ComedyComedy,         FantasyFantasy",,,23 min. per ep.,PG-13 - Teens 13 or older,"6.701 (scored by 1680916,809 users)
      


1
          indicates a weighted score.","#59122

2
    based on the top anime page. Please note that 'Not yet aired' and 'R18+' titles are excluded.",#3317,"50,051",123,,RPG Real Estate,CGDCTCGDCT,,,,
30,2022,spring,Black★★Rock Shooter:  Dawn Fall,,https://cdn.myanimelist.net/images/anime/1549/121866.jpg,ブラック★★ロックシューター DAWN FALL,TV,12,Finished Airing,"Apr 3, 2022 to Jun 19, 2022",Spring 2022,Sundays at 23,Unlimited Produce by TMS,"None found, add some","Bibury Animation Studios,       Bibury Animation CG",Other,"ActionAction,         DramaDrama,         FantasyFantasy",,,23 min. per ep.,PG-13 - Teens 13 or older,"5.951 (scored by 93939,393 users)
      


1
          indicates a weighted score.","#101872

2
    based on the top anime page. Please note that 'Not yet aired' and 'R18+' titles are excluded.",#3552,"44,366",349,,,,,,,
31,2022,spring,Love All Play,,https://cdn.myanimelist.net/images/anime/1346/120869.jpg,ラブオールプレー,TV,24,Finished Airing,"Apr 2, 2022 to Sep 24, 2022",Spring 2022,Saturdays at 17,"Yomiuri TV Enterprise,       Poplar Publishing","None found, add some","Nippon Animation,       OLM",Novel,,,,23 min. per ep.,PG-13 - Teens 13 or older,"6.531 (scored by 1268312,683 users)
      


1
          indicates a weighted score.","#68732

2
    based on the top anime page. Please note that 'Not yet aired' and 'R18+' titles are excluded.",#3662,"41,856",268,,Love All Play,SchoolSchool,SportsSports,,,
32,2022,spring,Love Live! Nijigasaki Gakuen School Idol Doukoukai 2nd Season,Love Live! Nijigasaki High School Idol Club Season 2,https://cdn.myanimelist.net/images/anime/1586/121947.jpg,ラブライブ! 虹ヶ咲学園スクールアイドル同好会,TV,13,Finished Airing,"Apr 2, 2022 to Jun 25, 2022",Spring 2022,Saturdays at 22,"Lantis,       Bushiroad,       Sunrise Music,       Kadokawa,       Bandai Namco Filmworks,       Bandai Namco Music Live","None found, add some",Sunrise,Other,,"Idols (Female)Idols (Female),         MusicMusic,         SchoolSchool",,24 min. per ep.,PG-13 - Teens 13 or older,"7.661 (scored by 1656316,563 users)
      


1
          indicates a weighted score.","#13882

2
    based on the top anime page. Please note that 'Not yet aired' and 'R18+' titles are excluded.",#3684,"41,460",444,Love Live! Nijigasaki High School Idol Club 2nd Season,Love Live! Nijigasaki High School Idol Club Season 2,,Slice of LifeSlice of Life,,,
33,2022,spring,Shachiku-san wa Youjo Yuurei ni Iyasaretai.,Miss Shachiku and the Little Baby Ghost,https://cdn.myanimelist.net/images/anime/1190/121945.jpg,社畜さんは幼女幽霊に癒されたい。,TV,12,Finished Airing,"Apr 7, 2022 to Jun 23, 2022",Spring 2022,Thursdays at 21,"Pony Canyon,       APDREAM,       Bit grooove promotion,       Happinet Phantom Studios,       Bergamo","None found, add some",Project No.9,Manga,"ComedyComedy,         SupernaturalSupernatural",,ShounenShounen,23 min. per ep.,PG-13 - Teens 13 or older,"7.101 (scored by 1357713,577 users)
      


1
          indicates a weighted score.","#39222

2
    based on the top anime page. Please note that 'Not yet aired' and 'R18+' titles are excluded.",#3750,"40,168",149,"Ms. Corporate Slave Wants to be Healed by a Loli Spirit, Shachisaretai",Miss Shachiku and the Little Baby Ghost,WorkplaceWorkplace,,,,
34,2022,spring,Healer Girl,,https://cdn.myanimelist.net/images/anime/1727/122415.jpg,ヒーラー・ガール,TV,12,Finished Airing,"Apr 4, 2022 to Jun 20, 2022",Spring 2022,Mondays at 23,"Lantis,       Live Viewing Japan,       Bandai Namco Arts","None found, add some",Studio 3Hz,Original,"FantasyFantasy,         Slice of LifeSlice of Life","CGDCTCGDCT,         MusicMusic,         Urban FantasyUrban Fantasy",,23 min. per ep.,PG-13 - Teens 13 or older,"7.311 (scored by 1190711,907 users)
      


1
          indicates a weighted score.","#27912

2
    based on the top anime page. Please note that 'Not yet aired' and 'R18+' titles are excluded.",#3989,"35,135",174,,Healer Girl,,,,,
35,2022,spring,Shin Ikkitousen,,https://cdn.myanimelist.net/images/anime/1248/122517.jpg,真・一騎当千,TV,3,Finished Airing,"May 17, 2022 to May 31, 2022",Spring 2022,Tuesdays at 20,"Genco,       AT-X,       Bushiroad,       Shounen Gahousha,       Daiichi Shokai,       Kadokawa,       Studio Signpost","None found, add some",Arms,Manga,"ActionAction,         EcchiEcchi","Martial ArtsMartial Arts,         Super PowerSuper Power",SeinenSeinen,26 min. per ep.,R+ - Mild Nudity,"5.831 (scored by 60346,034 users)
      


1
          indicates a weighted score.","#107592

2
    based on the top anime page. Please note that 'Not yet aired' and 'R18+' titles are excluded.",#4384,"28,860",133,"New Battle Vixens, Dragon Girls, Ikki Tousen",Shin Ikki Tousen,,,,,
36,2022,spring,Gunjou no Fanfare,Fanfare of Adolescence,https://cdn.myanimelist.net/images/anime/1769/122296.jpg,群青のファンファーレ,TV,13,Finished Airing,"Apr 2, 2022 to Jun 25, 2022",Spring 2022,Saturdays at 23,"Aniplex,       Half H.P Studio,       Tokyo MX,       BS11,       Koei Tecmo Games,       Hakuhodo,       Hochi Shimbun","None found, add some",Lay-duce,Original,,,,23 min. per ep.,PG-13 - Teens 13 or older,"6.151 (scored by 72777,277 users)
      


1
          indicates a weighted score.","#91082

2
    based on the top anime page. Please note that 'Not yet aired' and 'R18+' titles are excluded.",#4604,"25,994",130,,Fanfare of Adolescence,RacingRacing,SportsSports,,,
37,2022,spring,Build Divide: Code White,Build Divide -#FFFFFF- Code White,https://cdn.myanimelist.net/images/anime/1194/121459.jpg,ビルディバイド -#FFFFFF(コードホワイト)-,TV,12,Finished Airing,"Apr 3, 2022 to Jun 26, 2022",Spring 2022,Sundays at 00,Aniplex,Aniplex of America,LIDENFILMS,Mixed media,,,,23 min. per ep.,PG-13 - Teens 13 or older,"6.641 (scored by 57215,721 users)
      


1
          indicates a weighted score.","#62682

2
    based on the top anime page. Please note that 'Not yet aired' and 'R18+' titles are excluded.",#4964,"21,706",79,Build Divide,Build Divide -#FFFFFF- Code White,Strategy GameStrategy Game,FantasyFantasy,,,
38,2022,spring,Onipan!,,https://cdn.myanimelist.net/images/anime/1278/120805.jpg,おにぱん！,TV,60,Finished Airing,"Apr 11, 2022 to Jul 1, 2022",Spring 2022,Not scheduled once per week,Shogakukan-Shueisha Productions,Sentai Filmworks,Wit Studio,Original,"ComedyComedy,         FantasyFantasy",,,3 min. per ep.,PG - Children,"6.471 (scored by 45214,521 users)
      


1
          indicates a weighted score.","#72642

2
    based on the top anime page. Please note that 'Not yet aired' and 'R18+' titles are excluded.",#5613,"15,824",38,,Onipan!,MythologyMythology,,,,
39,2022,spring,Meitantei Conan: Zero no Tea Time,Detective Conan: Zero's Tea Time,https://cdn.myanimelist.net/images/anime/1445/121082.jpg,名探偵コナン ゼロの日常（ティータイム）,TV,6,Finished Airing,"Apr 5, 2022 to May 10, 2022",Spring 2022,Tuesdays at 01,Shogakukan,"None found, add some",TMS Entertainment,Manga,"MysteryMystery,         Slice of LifeSlice of Life",,ShounenShounen,15 min. per ep.,PG-13 - Teens 13 or older,"6.961 (scored by 64486,448 users)
      


1
          indicates a weighted score.","#45732

2
    based on the top anime page. Please note that 'Not yet aired' and 'R18+' titles are excluded.",#5677,"15,346",62,Detective Conan,Detective Conan,DetectiveDetective,,,,
40,2022,spring,Kyoukai Senki Part 2,AMAIM Warrior at the Borderline Part 2,https://cdn.myanimelist.net/images/anime/1968/122304.jpg,境界戦機,TV,12,Finished Airing,"Apr 12, 2022 to Jun 28, 2022",Spring 2022,Tuesdays at 00,"None found, add some","None found, add some",Sunrise Beyond,Original,"ActionAction,         Sci-FiSci-Fi",,,24 min. per ep.,PG-13 - Teens 13 or older,"6.541 (scored by 53665,366 users)
      


1
          indicates a weighted score.","#68452

2
    based on the top anime page. Please note that 'Not yet aired' and 'R18+' titles are excluded.",#5736,"15,021",75,,AMAIM Warrior at the Borderline Part 2,MechaMecha,,,,
41,2022,spring,Kaginado Season 2,KAGI-NADO,https://cdn.myanimelist.net/images/anime/1452/123859.jpg,かぎなど,TV,12,Finished Airing,"Apr 13, 2022 to Jun 29, 2022",Spring 2022,Wednesdays at 01,"None found, add some","None found, add some",LIDENFILMS Kyoto Studio,Original,,,,4 min. per ep.,PG-13 - Teens 13 or older,"7.351 (scored by 58845,884 users)
      


1
          indicates a weighted score.","#25962

2
    based on the top anime page. Please note that 'Not yet aired' and 'R18+' titles are excluded.",#5852,"14,233",58,,KAGI-NADO,,ComedyComedy,,,
42,2022,spring,Estab-Life: Great Escape,Establishment in Life,https://cdn.myanimelist.net/images/anime/1811/121606.jpg,エスタブライフ グレイトエスケープ,TV,12,Finished Airing,"Apr 7, 2022 to Jun 23, 2022",Spring 2022,Thursdays at 00,"Dentsu,       Square Enix,       Fuji TV,       GAGA,       Slow Curve,       BS Fuji,       Crunchyroll,       Rakuten","None found, add some",Polygon Pictures,Mixed media,,,,22 min. per ep.,PG-13 - Teens 13 or older,"6.471 (scored by 35983,598 users)
      


1
          indicates a weighted score.","#72802

2
    based on the top anime page. Please note that 'Not yet aired' and 'R18+' titles are excluded.",#6146,"12,550",44,,Establishment in Life,,Sci-FiSci-Fi,,,
43,2022,spring,Yatogame-chan Kansatsu Nikki Yonsatsume,,https://cdn.myanimelist.net/images/anime/1549/121406.jpg,八十亀ちゃんかんさつにっき 4さつめ,TV,10,Finished Airing,"Apr 9, 2022 to Jun 11, 2022",Spring 2022,Saturdays at 20,Hayabusa Film,"None found, add some",Saetta,4-koma manga,,,ShounenShounen,3 min. per ep.,PG-13 - Teens 13 or older,"6.301 (scored by 35553,555 users)
      


1
          indicates a weighted score.","#82852

2
    based on the top anime page. Please note that 'Not yet aired' and 'R18+' titles are excluded.",#6784,"9,905",19,Yatogame-chan Kansatsu Nikki 4th Season,,SchoolSchool,ComedyComedy,,,
44,2022,spring,Jantama Pong☆,Mahjong Soul Pon☆,https://cdn.myanimelist.net/images/anime/1080/124640.jpg,じゃんたま PONG☆,TV,11,Finished Airing,"Apr 9, 2022 to Jun 18, 2022",Spring 2022,Saturdays at 01,Yostar,"None found, add some",Scooter Films,Game,,,,1 min. per ep.,PG-13 - Teens 13 or older,"6.091 (scored by 39203,920 users)
      


1
          indicates a weighted score.","#94622

2
    based on the top anime page. Please note that 'Not yet aired' and 'R18+' titles are excluded.",#7101,"8,866",17,,Mahjong Soul Pon☆,,ComedyComedy,,,
45,2022,spring,Shadowverse Flame,,https://cdn.myanimelist.net/images/anime/1877/122972.jpg,シャドウバースF（フレイム）,TV,50,Finished Airing,"Apr 2, 2022 to Mar 25, 2023",Spring 2022,Saturdays at 09,Sonilude,"None found, add some",Zexcs,Card game,,,,24 min. per ep.,PG-13 - Teens 13 or older,"6.741 (scored by 15791,579 users)
      


1
          indicates a weighted score.","#56812

2
    based on the top anime page. Please note that 'Not yet aired' and 'R18+' titles are excluded.",#7853,"6,857",36,Shadowverse F,Shadowverse Flame,Strategy GameStrategy Game,FantasyFantasy,,,
46,2022,spring,Yu☆Gi☆Oh! Go Rush!!,,https://cdn.myanimelist.net/images/anime/1690/140394.jpg,遊☆戯☆王ゴーラッシュ!!,TV,Unknown,Currently Airing,"Apr 3, 2022 to ?",Spring 2022,Sundays at 07,"TV Tokyo,       Konami,       Shueisha","None found, add some",Bridge,Card game,"ActionAction,         FantasyFantasy",,,24 min.,PG-13 - Teens 13 or older,"5.661 (scored by 11391,139 users)
      


1
          indicates a weighted score.","#115852

2
    based on the top anime page. Please note that 'Not yet aired' and 'R18+' titles are excluded.",#7919,"6,743",52,Yuu Gi Ou,,Strategy GameStrategy Game,,,,
47,2022,spring,Chiikawa,,https://cdn.myanimelist.net/images/anime/1783/121944.jpg,ちいかわ,TV,Unknown,Currently Airing,"Apr 4, 2022 to ?",Spring 2022,Fridays at 07,"None found, add some",Sentai Filmworks,Doga Kobo,Web manga,,,SeinenSeinen,1 min.,G - All Ages,"7.591 (scored by 14901,490 users)
      


1
          indicates a weighted score.","#16022

2
    based on the top anime page. Please note that 'Not yet aired' and 'R18+' titles are excluded.",#8303,"5,984",138,,,,ComedyComedy,,,
48,2022,spring,Zombie-ga Doeeo Beorin Naui Ttal,My Daughter is a Zombie,https://cdn.myanimelist.net/images/anime/1955/123249.jpg,좀비가 되어버린 나의 딸,TV,26,Finished Airing,"Apr 3, 2022 to Jun 26, 2022",Spring 2022,Unknown,"None found, add some","None found, add some","None found, add some",Web manga,"ComedyComedy,         SupernaturalSupernatural",,,11 min. per ep.,PG-13 - Teens 13 or older,"6.001 (scored by 213213 users)
      


1
          indicates a weighted score.","#99352

2
    based on the top anime page. Please note that 'Not yet aired' and 'R18+' titles are excluded.",#9410,"4,256",31,Zombie-ttal,My Daughter is a Zombie,Gag HumorGag Humor,,,,
49,2022,spring,Kidou Senshi Gundam: Tekketsu no Orphans - Tokubetsu-hen,Mobile Suit Gundam: Iron-Blooded Orphans Special Edition,https://cdn.myanimelist.net/images/anime/1957/122576.jpg,機動戦士ガンダム 鉄血のオルフェンズ 特別編,TV,9,Finished Airing,"Apr 5, 2022 to May 31, 2022",Spring 2022,Unknown,"None found, add some","None found, add some",Sunrise,Original,"ActionAction,         DramaDrama,         Sci-FiSci-Fi","MechaMecha,         SpaceSpace",,25 min. per ep.,R - 17+ (violence & profanity),"6.601 (scored by 282282 users)
      


1
          indicates a weighted score.","#64992

2
    based on the top anime page. Please note that 'Not yet aired' and 'R18+' titles are excluded.",#11258,"2,424",13,G-Tekketsu,Mobile Suit Gundam,,,,,
50,2022,spring,Kenda Master Ken (TV),,https://cdn.myanimelist.net/images/anime/1755/122805.jpg,ケンダマスター拳,TV,10,Finished Airing,"Apr 1, 2022 to Jun 3, 2022",Spring 2022,Fridays at Unknown,"None found, add some","None found, add some",Studio Kingyoiro,Original,,,,13 min. per ep.,PG-13 - Teens 13 or older,"5.551 (scored by 233233 users)
      


1
          indicates a weighted score.","#119672

2
    based on the top anime page. Please note that 'Not yet aired' and 'R18+' titles are excluded.",#14377,958,4,,Kenda Master Ken (TV),,ComedyComedy,,,
51,2022,spring,Madtoy Chatty,,https://cdn.myanimelist.net/images/anime/1292/125603.jpg,マッドトイチャッティ,TV,50,Finished Airing,"Apr 20, 2022 to Apr 26, 2023",Spring 2022,Wednesdays at 02,CHANCE iN,"None found, add some",Kachidoki Studio,Original,,,,1 min. per ep.,G - All Ages,"N/A1 (scored by - users)
      
1
          indicates a weighted score.","#174482

2
    based on the top anime page. Please note that 'Not yet aired' and 'R18+' titles are excluded.",#19181,331,0,,,,ComedyComedy,,,
52,2022,spring,Dramatic Nounai,,https://cdn.myanimelist.net/images/anime/1833/137870.jpg,ドラ馬チック脳内,TV,4,Finished Airing,"May 5, 2022 to May 26, 2022",Spring 2022,Thursdays at 23,TV Asahi,"None found, add some",DLE,Original,"ComedyComedy,         SportsSports",,,2 min. per ep.,PG-13 - Teens 13 or older,"N/A1 (scored by - users)
      
1
          indicates a weighted score.","#204132

2
    based on the top anime page. Please note that 'Not yet aired' and 'R18+' titles are excluded.",#22598,149,0,,,,,,,
53,2022,spring,One Piece,,https://cdn.myanimelist.net/images/anime/1244/138851.jpg,ONE PIECE,TV,Unknown,Currently Airing,"Oct 20, 1999 to ?",Fall 1999,Sundays at 09,"Fuji TV,       TAP,       Shueisha","Funimation,       4Kids Entertainment",Toei Animation,Manga,"ActionAction,         AdventureAdventure,         FantasyFantasy",,ShounenShounen,24 min.,PG-13 - Teens 13 or older,"8.731 (scored by 14168051,416,805 users)
      


1
          indicates a weighted score.","#502

2
    based on the top anime page. Please note that 'Not yet aired' and 'R18+' titles are excluded.",#17,"2,491,977","234,238",OP,One Piece,,,,,
54,2022,spring,Boruto: Naruto Next Generations,,https://cdn.myanimelist.net/images/anime/1091/99847.jpg,BORUTO -NARUTO NEXT GENERATIONS-,TV,293,Finished Airing,"Apr 5, 2017 to Mar 26, 2023",Spring 2017,Sundays at 17,"TV Tokyo,       Aniplex,       Rakuonsha,       Shueisha",VIZ Media,Pierrot,Manga,"ActionAction,         AdventureAdventure,         FantasyFantasy",,ShounenShounen,23 min. per ep.,PG-13 - Teens 13 or older,"6.001 (scored by 456530456,530 users)
      


1
          indicates a weighted score.","#99122

2
    based on the top anime page. Please note that 'Not yet aired' and 'R18+' titles are excluded.",#208,"894,531","7,375",,Boruto,Martial ArtsMartial Arts,,,,
55,2022,spring,Meitantei Conan,Case Closed,https://cdn.myanimelist.net/images/anime/7/75199.jpg,名探偵コナン,TV,Unknown,Currently Airing,"Jan 8, 1996 to ?",Winter 1996,Saturdays at 18,"Yomiuri Telecasting,       Shogakukan,       Audio Planning U,       Tokyo Movie,       Polydor Records","Funimation,       Crunchyroll",TMS Entertainment,Manga,"AdventureAdventure,         ComedyComedy,         MysteryMystery",,ShounenShounen,24 min.,PG-13 - Teens 13 or older,"8.171 (scored by 164198164,198 users)
      


1
          indicates a weighted score.","#4352

2
    based on the top anime page. Please note that 'Not yet aired' and 'R18+' titles are excluded.",#703,"360,471","15,311",Detective Conan,Case Closed,DetectiveDetective,,Case Closed,,
56,2022,spring,Crayon Shin-chan,Shin Chan,https://cdn.myanimelist.net/images/anime/10/59897.jpg,クレヨンしんちゃん,TV,Unknown,Currently Airing,"Apr 13, 1992 to ?",Spring 1992,Fridays at 19,TV Asahi,Funimation,Shin-Ei Animation,Manga,"ComedyComedy,         EcchiEcchi",,SeinenSeinen,21 min.,G - All Ages,"7.801 (scored by 4214242,142 users)
      


1
          indicates a weighted score.","#10282

2
    based on the top anime page. Please note that 'Not yet aired' and 'R18+' titles are excluded.",#2398,"87,938","1,329",,Shin Chan,SchoolSchool,,Shin Chan,Shin Chan,
57,2022,spring,Dragon Quest: Dai no Daibouken (2020),Dragon Quest: The Adventure of Dai,https://cdn.myanimelist.net/images/anime/1499/109126.jpg,ドラゴンクエスト ダイの大冒険,TV,100,Finished Airing,"Oct 3, 2020 to Oct 22, 2022",Fall 2020,Saturdays at 09,"TV Tokyo,       Square Enix,       Shueisha","None found, add some",Toei Animation,Manga,"ActionAction,         AdventureAdventure,         FantasyFantasy",,ShounenShounen,24 min. per ep.,PG-13 - Teens 13 or older,"7.731 (scored by 2596325,963 users)
      


1
          indicates a weighted score.","#12182

2
    based on the top anime page. Please note that 'Not yet aired' and 'R18+' titles are excluded.",#2613,"76,566",644,Dragon Quest,Dragon Quest,,,Dragon Quest,Dragon Quest,Dragon Quest
58,2022,spring,Baraou no Souretsu,Requiem of the Rose King,https://cdn.myanimelist.net/images/anime/1046/118527.jpg,薔薇王の葬列,TV,24,Finished Airing,"Jan 9, 2022 to Jun 26, 2022",Winter 2022,Sundays at 22,"Lantis,       Akita Shoten",Crunchyroll,J.C.Staff,Manga,"ActionAction,         DramaDrama,         SupernaturalSupernatural",,ShoujoShoujo,23 min. per ep.,PG-13 - Teens 13 or older,"6.381 (scored by 1353613,536 users)
      


1
          indicates a weighted score.","#78032

2
    based on the top anime page. Please note that 'Not yet aired' and 'R18+' titles are excluded.",#2936,"62,826",396,,Requiem of the Rose King,HistoricalHistorical,,,,
59,2022,spring,Cue!,,https://cdn.myanimelist.net/images/anime/1039/120173.jpg,CUE!,TV,24,Finished Airing,"Jan 8, 2022 to Jun 25, 2022",Winter 2022,Saturdays at 01,"Pony Canyon,       APDREAM,       Liber Entertainment","None found, add some","Yumeta Company,       Graphinica",Game,,"MusicMusic,         ShowbizShowbiz",,24 min. per ep.,PG-13 - Teens 13 or older,"6.781 (scored by 78767,876 users)
      


1
          indicates a weighted score.","#54252

2
    based on the top anime page. Please note that 'Not yet aired' and 'R18+' titles are excluded.",#4539,"26,904",148,,,,,,,
60,2022,spring,Digimon Ghost Game,,https://cdn.myanimelist.net/images/anime/1907/118797.jpg,デジモンゴーストゲーム,TV,67,Finished Airing,"Oct 3, 2021 to Mar 26, 2023",Fall 2021,Sundays at 09,"Yomiko Advertising,       Fuji TV","None found, add some",Toei Animation,Other,"ActionAction,         AdventureAdventure,         ComedyComedy,         FantasyFantasy",,,23 min. per ep.,PG-13 - Teens 13 or older,"6.741 (scored by 72627,262 users)
      


1
          indicates a weighted score.","#56702

2
    based on the top anime page. Please note that 'Not yet aired' and 'R18+' titles are excluded.",#4694,"24,779",165,,Digimon Ghost Game,,,,,
61,2022,spring,Shenmue the Animation,,https://cdn.myanimelist.net/images/anime/1427/120586.jpg,シェンムー,TV,13,Finished Airing,"Feb 6, 2022 to May 1, 2022",Winter 2022,Sundays at 14,Wave Master,"None found, add some",Telecom Animation Film,Game,"ActionAction,         AdventureAdventure",,,23 min. per ep.,R - 17+ (violence & profanity),"6.641 (scored by 74607,460 users)
      


1
          indicates a weighted score.","#62252

2
    based on the top anime page. Please note that 'Not yet aired' and 'R18+' titles are excluded.",#4797,"23,509",153,,,Martial ArtsMartial Arts,,,,
62,2022,spring,Delicious Party♡Precure,Delicious Party Pretty Cure,https://cdn.myanimelist.net/images/anime/1332/120430.jpg,デリシャスパーティ♡プリキュア,TV,45,Finished Airing,"Feb 6, 2022 to Jan 29, 2023",Winter 2022,Sundays at 08,"TV Asahi,       Asatsu DK,       Asahi Broadcasting,       ABC Animation,       ADK Emotions","None found, add some",Toei Animation,Original,,,,24 min. per ep.,G - All Ages,"6.861 (scored by 34183,418 users)
      


1
          indicates a weighted score.","#50312

2
    based on the top anime page. Please note that 'Not yet aired' and 'R18+' titles are excluded.",#6465,"11,064",121,,Delicious Party Pretty Cure,Mahou ShoujoMahou Shoujo,ActionAction,,,
63,2022,spring,Atasha Kawashiri Kodama da yo: Dangerous Lifehacker no Tadareta Seikatsu,I'm Kodama Kawashiri,https://cdn.myanimelist.net/images/anime/1996/120580.jpg,あたしゃ川尻こだまだよ～デンジャラスライフハッカーのただれた生活～,TV,24,Finished Airing,"Jan 14, 2022 to Aug 12, 2022",Winter 2022,Fridays at 01,"None found, add some","None found, add some",Lapin Track,Web manga,,,,2 min. per ep.,PG-13 - Teens 13 or older,"5.721 (scored by 37383,738 users)
      


1
          indicates a weighted score.","#112802

2
    based on the top anime page. Please note that 'Not yet aired' and 'R18+' titles are excluded.",#7051,"8,998",31,The Kodama's Lazy Life,I'm Kodama Kawashiri,,ComedyComedy,,,
64,2022,spring,Sazae-san,Mrs. Sazae,https://cdn.myanimelist.net/images/anime/1008/98996.jpg,サザエさん,TV,Unknown,Currently Airing,"Oct 5, 1969 to ?",Fall 1969,Sundays at 18,Fuji TV,"None found, add some",Eiken,4-koma manga,"ComedyComedy,         Slice of LifeSlice of Life",,,24 min.,G - All Ages,"6.141 (scored by 19341,934 users)
      


1
          indicates a weighted score.","#91842

2
    based on the top anime page. Please note that 'Not yet aired' and 'R18+' titles are excluded.",#7123,"8,791",39,,Mrs. Sazae,,,,,
65,2022,spring,Chibi Maruko-chan (1995),Little Miss Maruko,https://cdn.myanimelist.net/images/anime/1108/100604.jpg,ちびまる子ちゃん,TV,Unknown,Currently Airing,"Jan 8, 1995 to ?",Winter 1995,Sundays at 18,"Ajia-do,       Fuji TV,       Sakura Production","None found, add some",Nippon Animation,Manga,,,ShoujoShoujo,23 min.,G - All Ages,"7.341 (scored by 21732,173 users)
      


1
          indicates a weighted score.","#26382

2
    based on the top anime page. Please note that 'Not yet aired' and 'R18+' titles are excluded.",#7913,"6,749",61,Maruko-chan,Little Miss Maruko,SchoolSchool,ComedyComedy,,Chibi Maruko-chan,
66,2022,spring,Waccha PriMagi!,,https://cdn.myanimelist.net/images/anime/1522/117595.jpg,ワッチャプリマジ！,TV,51,Finished Airing,"Oct 3, 2021 to Oct 9, 2022",Fall 2021,Sundays at 10,"TV Tokyo,       Takara Tomy A.R.T.S",Sentai Filmworks,"Tatsunoko Production,       Dongwoo A&E",Original,,"Idols (Female)Idols (Female),         Mahou ShoujoMahou Shoujo,         MusicMusic",,24 min. per ep.,G - All Ages,"7.031 (scored by 12421,242 users)
      


1
          indicates a weighted score.","#42392

2
    based on the top anime page. Please note that 'Not yet aired' and 'R18+' titles are excluded.",#8331,"5,939",57,,Waccha PriMagi!,,,,,
67,2022,spring,Bonobono (TV 2016),Bono Bono,https://cdn.myanimelist.net/images/anime/13/77617.jpg,ぼのぼの,TV,Unknown,Currently Airing,"Apr 2, 2016 to ?",Spring 2016,Saturdays at 04,"Fuji TV,       Glovision","None found, add some",Eiken,4-koma manga,"ComedyComedy,         Slice of LifeSlice of Life",,,5 min.,G - All Ages,"6.371 (scored by 759759 users)
      


1
          indicates a weighted score.","#78892

2
    based on the top anime page. Please note that 'Not yet aired' and 'R18+' titles are excluded.",#10226,"3,275",19,,Bono Bono,AnthropomorphicAnthropomorphic,,Bono Bono,Bono Bono,Bono Bono
68,2022,spring,Ninjala (TV),,https://cdn.myanimelist.net/images/anime/1552/119871.jpg,ニンジャラ,TV,Unknown,Currently Airing,"Jan 8, 2022 to ?",Winter 2022,Saturdays at 07,TV Tokyo,Sentai Filmworks,OLM,Game,,,,23 min.,PG - Children,"5.571 (scored by 424424 users)
      


1
          indicates a weighted score.","#119002

2
    based on the top anime page. Please note that 'Not yet aired' and 'R18+' titles are excluded.",#10490,"3,039",24,,,,ActionAction,,,
69,2022,spring,Shikaru Neko,,https://cdn.myanimelist.net/images/anime/1008/113384.jpg,しかるねこ,TV,Unknown,Currently Airing,"Mar 22, 2021 to ?",Spring 2021,Unknown,"None found, add some","None found, add some","None found, add some",Manga,,,,30 sec.,G - All Ages,"N/A1 (scored by - users)
      
1
          indicates a weighted score.","#141872

2
    based on the top anime page. Please note that 'Not yet aired' and 'R18+' titles are excluded.",#11244,"2,432",17,,,,Slice of LifeSlice of Life,,,
70,2022,spring,Kamiusagi Rope: Warau Asa ni wa Fukuraitaru tte Maji ssuka!?,,https://cdn.myanimelist.net/images/anime/6/72182.jpg,紙兎ロペ 〜笑う朝には福来たるってマジっすか!?,TV,Unknown,Currently Airing,"Nov 16, 2012 to ?",Fall 2012,Not scheduled once per week,"None found, add some","None found, add some","None found, add some",Original,"ComedyComedy,         Slice of LifeSlice of Life",,,2 min.,G - All Ages,"N/A1 (scored by - users)
      
1
          indicates a weighted score.","#167992

2
    based on the top anime page. Please note that 'Not yet aired' and 'R18+' titles are excluded.",#13282,"1,294",0,Kamiusagi Rope 4,,,,,,
71,2022,spring,Shiawase Haitatsu Taneko,,https://cdn.myanimelist.net/images/anime/2/28900.jpg,しあわせ配達おみくじタネコ,TV,Unknown,Currently Airing,"Mar 26, 2011 to ?",Spring 2011,Not scheduled once per week,"None found, add some","None found, add some",Kachidoki Studio,Original,,,,Unknown,None,"N/A1 (scored by - users)
      
1
          indicates a weighted score.","#141742

2
    based on the top anime page. Please note that 'Not yet aired' and 'R18+' titles are excluded.",#14312,980,4,,,,ComedyComedy,,,
72,2022,spring,Uchuu Nanchara Kotetsu-kun,Space Academy,https://cdn.myanimelist.net/images/anime/1226/112286.jpg,宇宙なんちゃらこてつくん,TV,64,Finished Airing,"Apr 7, 2021 to Feb 23, 2023",Spring 2021,Thursdays at 18,"None found, add some","None found, add some",Fanworks,Web manga,"ComedyComedy,         Sci-FiSci-Fi",,,9 min. per ep.,G - All Ages,"N/A1 (scored by - users)
      
1
          indicates a weighted score.","#150872

2
    based on the top anime page. Please note that 'Not yet aired' and 'R18+' titles are excluded.",#14749,873,3,,Space Academy,SpaceSpace,,,,
73,2022,spring,Manul no Yuube,,https://cdn.myanimelist.net/images/anime/1980/96936.jpg,マヌ～ルのゆうべ,TV,Unknown,Currently Airing,"Nov 11, 2018 to ?",Fall 2018,Sundays at Unknown,NHK,"None found, add some","None found, add some",Web manga,,,,1 min.,PG-13 - Teens 13 or older,"N/A1 (scored by - users)
      
1
          indicates a weighted score.","#175272

2
    based on the top anime page. Please note that 'Not yet aired' and 'R18+' titles are excluded.",#15779,654,1,,,,Slice of LifeSlice of Life,,,
74,2022,spring,Shin Nippon History,,https://cdn.myanimelist.net/images/anime/1433/134811.jpg,新ニッポンヒストリー,TV,Unknown,Currently Airing,"Jan 6, 2020 to ?",Winter 2020,Mondays at 01,"None found, add some","None found, add some","None found, add some",Original,,,,23 min.,G - All Ages,"N/A1 (scored by - users)
      
1
          indicates a weighted score.","#142292

2
    based on the top anime page. Please note that 'Not yet aired' and 'R18+' titles are excluded.",#18532,377,0,Shin Nippon History,,HistoricalHistorical,ComedyComedy,,,
75,2022,spring,Baempaieosonyeo Dalja,,https://cdn.myanimelist.net/images/anime/1779/135378.jpg,뱀파이어소녀 달자,TV,26,Finished Airing,"Jan 4, 2022 to Jun 7, 2022",Winter 2022,Unknown,"None found, add some","None found, add some","None found, add some",Original,,,,12 min. per ep.,G - All Ages,"N/A1 (scored by - users)
      
1
          indicates a weighted score.","#193372

2
    based on the top anime page. Please note that 'Not yet aired' and 'R18+' titles are excluded.",#21949,175,0,,,VampireVampire,ComedyComedy,,,
