,year,season,jp_title,en_title,img,Japanese,English,Type,Episodes,Status,Aired,Premiered,Broadcast,Producers,Licensors,Studios,Source,Genres,Themes,Duration,Rating,Score,Ranked,Popularity,Members,Favorites,Synonyms,Genre,Theme,Demographic,Spanish,German,French
0,2021,fall,Mushoku Tensei: Isekai Ittara Honki Dasu Part 2,Mushoku Tensei: Jobless Reincarnation Part 2,https://cdn.myanimelist.net/images/anime/1028/117777.jpg,無職転生 ～異世界行ったら本気だす～ 第2クール,Mushoku Tensei,TV,12,Finished Airing,"Oct 4, 2021 to Dec 20, 2021",Fall 2021,Mondays at 00,"Frontier Works,       TOHO,       TOHO animation,       Tokyo MX,       Hakuhodo DY Music & Pictures,       BS11,       Egg Firm,       Kadokawa,       GREE Entertainment",Funimation,Studio Bind,Light novel,"AdventureAdventure,         DramaDrama,         FantasyFantasy,         EcchiEcchi","IsekaiIsekai,         ReincarnationReincarnation",23 min. per ep.,R - 17+ (violence & profanity),"8.641 (scored by 636950636,950 users)
      


1
          indicates a weighted score.","#802

2
    based on the top anime page. Please note that 'Not yet aired' and 'R18+' titles are excluded.",#165,"1,016,877","18,964",,,,,,,
1,2021,fall,"Komi-san wa, Comyushou desu.",Komi Can't Communicate,https://cdn.myanimelist.net/images/anime/1899/117237.jpg,古見さんは、コミュ症です。,Komi Can't Communicate,TV,12,Finished Airing,"Oct 7, 2021 to Dec 23, 2021",Fall 2021,Thursdays at 00,"TV Tokyo,       Dentsu,       Shogakukan-Shueisha Productions,       Half H.P Studio,       Nippon Columbia","None found, add some",OLM,Manga,,,23 min. per ep.,PG-13 - Teens 13 or older,"7.831 (scored by 500668500,668 users)
      


1
          indicates a weighted score.","#9722

2
    based on the top anime page. Please note that 'Not yet aired' and 'R18+' titles are excluded.",#191,"945,170","12,198","Komi-san wa, Communication Shougai desu.",ComedyComedy,SchoolSchool,ShounenShounen,,,
2,2021,fall,Kimetsu no Yaiba: Mugen Ressha-hen,Demon Slayer: Kimetsu no Yaiba Mugen Train Arc,https://cdn.myanimelist.net/images/anime/1065/118763.jpg,鬼滅の刃 無限列車編,Demon Slayer,TV,7,Finished Airing,"Oct 10, 2021 to Nov 28, 2021",Fall 2021,Sundays at 23,"Aniplex,       Shueisha","None found, add some",ufotable,Manga,"ActionAction,         SupernaturalSupernatural",,24 min. per ep.,R - 17+ (violence & profanity),"8.351 (scored by 514157514,157 users)
      


1
          indicates a weighted score.","#2372

2
    based on the top anime page. Please note that 'Not yet aired' and 'R18+' titles are excluded.",#228,"854,437","4,457",Kimetsu no Yaiba Movie,,HistoricalHistorical,ShounenShounen,,,
3,2021,fall,Ousama Ranking,Ranking of Kings,https://cdn.myanimelist.net/images/anime/1347/117616.jpg,王様ランキング,Ranking of Kings,TV,23,Finished Airing,"Oct 15, 2021 to Mar 25, 2022",Fall 2021,Fridays at 00,"Aniplex,       Dentsu,       Fuji TV,       Kadokawa,       Bandai Spirits",Funimation,Wit Studio,Web manga,"AdventureAdventure,         FantasyFantasy",,22 min. per ep.,PG-13 - Teens 13 or older,"8.501 (scored by 366943366,943 users)
      


1
          indicates a weighted score.","#1432

2
    based on the top anime page. Please note that 'Not yet aired' and 'R18+' titles are excluded.",#314,"696,160","13,233",King Ranking,,,,,,
4,2021,fall,"Sekai Saikou no Ansatsusha, Isekai Kizoku ni Tensei suru",The World's Finest Assassin Gets Reincarnated in Another World as an Aristocrat,https://cdn.myanimelist.net/images/anime/1928/117620.jpg,世界最高の暗殺者、異世界貴族に転生する,The World's Finest Assassin Gets Reincarnated in Another World as an Aristocrat,TV,12,Finished Airing,"Oct 6, 2021 to Dec 22, 2021",Fall 2021,Wednesdays at 23,"Lantis,       Movic,       AT-X,       Glovision,       TV Aichi,       Crunchyroll,       Kadokawa Media House,       Kadokawa,       Bandai Namco Arts","None found, add some","SILVER LINK.,       Studio Palette",Light novel,"ActionAction,         DramaDrama,         FantasyFantasy,         MysteryMystery,         RomanceRomance","IsekaiIsekai,         ReincarnationReincarnation",23 min. per ep.,PG-13 - Teens 13 or older,"7.331 (scored by 320283320,283 users)
      


1
          indicates a weighted score.","#26562

2
    based on the top anime page. Please note that 'Not yet aired' and 'R18+' titles are excluded.",#396,"586,008","4,327","The world's best assassin, To reincarnate in a different world aristocrat, Ansatsu Kizoku",,,,,,
5,2021,fall,86 Part 2,86 Eighty-Six Part 2,https://cdn.myanimelist.net/images/anime/1321/117508.jpg,86―エイティシックス―,86 Eighty-Six Part 2,TV,12,Finished Airing,"Oct 3, 2021 to Mar 19, 2022",Fall 2021,Sundays at 00,"Aniplex,       Kadokawa,       Bandai Spirits","None found, add some",A-1 Pictures,Light novel,"ActionAction,         DramaDrama,         Sci-FiSci-Fi","MechaMecha,         MilitaryMilitary",23 min. per ep.,R - 17+ (violence & profanity),"8.711 (scored by 321749321,749 users)
      


1
          indicates a weighted score.","#582

2
    based on the top anime page. Please note that 'Not yet aired' and 'R18+' titles are excluded.",#423,"561,012","16,574",,,,,,,
6,2021,fall,Takt Op. Destiny,,https://cdn.myanimelist.net/images/anime/1449/117797.jpg,takt op.Destiny,Takt Op. Destiny,TV,12,Finished Airing,"Oct 6, 2021 to Dec 22, 2021",Fall 2021,Wednesdays at 00,"DeNA,       Bandai Namco Arts","None found, add some","Madhouse,       MAPPA",Mixed media,"ActionAction,         FantasyFantasy,         Sci-FiSci-Fi","MusicMusic,         Urban FantasyUrban Fantasy",23 min. per ep.,PG-13 - Teens 13 or older,"7.151 (scored by 224744224,744 users)
      


1
          indicates a weighted score.","#36082

2
    based on the top anime page. Please note that 'Not yet aired' and 'R18+' titles are excluded.",#436,"541,297","4,780",,,,,,,
7,2021,fall,Mieruko-chan,,https://cdn.myanimelist.net/images/anime/1277/117155.jpg,見える子ちゃん,,TV,12,Finished Airing,"Oct 3, 2021 to Dec 19, 2021",Fall 2021,Sundays at 22,"AT-X,       Magic Capsule,       Tokyo MX,       Docomo Anime Store,       Kadokawa Media House,       BS NTV,       Kadokawa",Funimation,Passione,Web manga,"ComedyComedy,         HorrorHorror",,23 min. per ep.,PG-13 - Teens 13 or older,"7.391 (scored by 240094240,094 users)
      


1
          indicates a weighted score.","#24102

2
    based on the top anime page. Please note that 'Not yet aired' and 'R18+' titles are excluded.",#449,"525,596","3,379",,,SchoolSchool,,,,
8,2021,fall,Blue Period,,https://cdn.myanimelist.net/images/anime/1757/116931.jpg,ブルーピリオド,Blue Period,TV,12,Finished Airing,"Oct 2, 2021 to Dec 18, 2021",Fall 2021,Saturdays at 01,"Mainichi Broadcasting System,       Kodansha,       DMM pictures,       Bit grooove promotion,       DMM Music","None found, add some",Seven Arcs,Manga,,"SchoolSchool,         Visual ArtsVisual Arts",23 min. per ep.,PG-13 - Teens 13 or older,"7.801 (scored by 227962227,962 users)
      


1
          indicates a weighted score.","#10262

2
    based on the top anime page. Please note that 'Not yet aired' and 'R18+' titles are excluded.",#482,"495,562","6,421",,DramaDrama,,SeinenSeinen,Periodo Azul,,
9,2021,fall,Platinum End,,https://cdn.myanimelist.net/images/anime/1992/116576.jpg,プラチナエンド,Platinum End,TV,24,Finished Airing,"Oct 8, 2021 to Mar 25, 2022",Fall 2021,Fridays at 01,"Pierrot,       Dentsu,       Pony Canyon,       TBS,       Magic Capsule,       Medicos Entertainment,       BS11","None found, add some",Signal.MD,Manga,"DramaDrama,         SupernaturalSupernatural,         SuspenseSuspense","MythologyMythology,         PsychologicalPsychological,         SurvivalSurvival",24 min. per ep.,R - 17+ (violence & profanity),"6.031 (scored by 141517141,517 users)
      


1
          indicates a weighted score.","#98002

2
    based on the top anime page. Please note that 'Not yet aired' and 'R18+' titles are excluded.",#615,"402,105","2,557",,,,ShounenShounen,,,
10,2021,fall,"Shin no Nakama ja Nai to Yuusha no Party wo Oidasareta node, Henkyou de Slow Life suru Koto ni Shimashita","Banished From The Hero's Party, I Decided To Live A Quiet Life In The Countryside",https://cdn.myanimelist.net/images/anime/1723/117854.jpg,真の仲間じゃないと勇者のパーティーを追い出されたので、辺境でスローライフすることにしました,"Banished From The Hero's Party, I Decided To Live A Quiet Life In The Countryside",TV,13,Finished Airing,"Oct 6, 2021 to Dec 29, 2021",Fall 2021,Wednesdays at 22,"AT-X,       Nippon Columbia,       Kadokawa Media House,       BS NTV,       Kadokawa,       Kyoto Broadcasting System",Funimation,"Studio Flad,       Wolfsbane",Light novel,"FantasyFantasy,         RomanceRomance",,23 min. per ep.,PG-13 - Teens 13 or older,"6.931 (scored by 174143174,143 users)
      


1
          indicates a weighted score.","#46772

2
    based on the top anime page. Please note that 'Not yet aired' and 'R18+' titles are excluded.",#704,"359,952","2,081","Banished from the Hero's Party, I Decided to Live a Quiet Life in the Countryside, I Was Kicked out of the Hero's Party Because I Wasn't a True Companion so I Decided to Have a Slow Life at the Frontier",,,,,,
11,2021,fall,Senpai ga Uzai Kouhai no Hanashi,My Senpai is Annoying,https://cdn.myanimelist.net/images/anime/1055/118890.jpg,先輩がうざい後輩の話,My Senpai is Annoying,TV,12,Finished Airing,"Oct 10, 2021 to Dec 26, 2021",Fall 2021,Sundays at 01,"Movic,       KlockWorx,       King Records,       Ichijinsha,       DMM pictures",Funimation,Doga Kobo,Web manga,"ComedyComedy,         RomanceRomance","Adult CastAdult Cast,         Love Status QuoLove Status Quo,         WorkplaceWorkplace",23 min. per ep.,PG-13 - Teens 13 or older,"7.551 (scored by 164682164,682 users)
      


1
          indicates a weighted score.","#17802

2
    based on the top anime page. Please note that 'Not yet aired' and 'R18+' titles are excluded.",#718,"355,066","1,731",,,,,,,
12,2021,fall,Saihate no Paladin,The Faraway Paladin,https://cdn.myanimelist.net/images/anime/1176/118382.jpg,最果てのパラディン,The Faraway Paladin,TV,12,Finished Airing,"Oct 9, 2021 to Jan 3, 2022",Fall 2021,Saturdays at 22,"DAX Production,       Docomo Anime Store,       bilibili,       Overlap,       Good Smile Film","None found, add some",Children's Playground Entertainment,Light novel,"ActionAction,         AdventureAdventure,         FantasyFantasy","IsekaiIsekai,         ReincarnationReincarnation",23 min. per ep.,PG-13 - Teens 13 or older,"6.871 (scored by 150859150,859 users)
      


1
          indicates a weighted score.","#50042

2
    based on the top anime page. Please note that 'Not yet aired' and 'R18+' titles are excluded.",#781,"330,263","1,456","Paladin of the End, Ultimate Paladin",,,,,,
13,2021,fall,Shinka no Mi: Shiranai Uchi ni Kachigumi Jinsei,"The Fruit of Evolution: Before I Knew It, My Life Had It Made",https://cdn.myanimelist.net/images/anime/1537/117590.jpg,進化の実～知らないうちに勝ち組人生～,The Fruit of Evolution,TV,12,Finished Airing,"Oct 5, 2021 to Dec 21, 2021",Fall 2021,Tuesdays at 02,"feel.,       Glovision,       Children's Playground Entertainment","None found, add some",Hotline,Light novel,"AdventureAdventure,         FantasyFantasy,         RomanceRomance","HaremHarem,         IsekaiIsekai",23 min. per ep.,PG-13 - Teens 13 or older,"6.171 (scored by 108735108,735 users)
      


1
          indicates a weighted score.","#90122

2
    based on the top anime page. Please note that 'Not yet aired' and 'R18+' titles are excluded.",#1160,"224,495","1,003",The Evolution Fruit,,,,The Fruit of Evolution,The Fruit of Evolution,The Fruit of Evolution
14,2021,fall,Kaizoku Oujo,Fena: Pirate Princess,https://cdn.myanimelist.net/images/anime/1607/117951.jpg,海賊王女,Fena,TV,12,Finished Airing,"Oct 3, 2021 to Dec 19, 2021",Fall 2021,Sundays at 02,"flying DOG,       Crunchyroll,       DMM pictures","None found, add some",Production I.G,Original,"ActionAction,         AdventureAdventure,         FantasyFantasy",,24 min. per ep.,PG-13 - Teens 13 or older,"7.071 (scored by 7125971,259 users)
      


1
          indicates a weighted score.","#40422

2
    based on the top anime page. Please note that 'Not yet aired' and 'R18+' titles are excluded.",#1218,"211,759","1,251",,,HistoricalHistorical,,,,
15,2021,fall,Tsuki to Laika to Nosferatu,Irina: The Vampire Cosmonaut,https://cdn.myanimelist.net/images/anime/1393/118374.jpg,月とライカと吸血姫,Irina,TV,12,Finished Airing,"Oct 4, 2021 to Dec 20, 2021",Fall 2021,Sundays at 01,"Shogakukan,       BS TV Tokyo,       Bandai Namco Arts,       ADK Marketing Solutions",Funimation,Arvo Animation,Light novel,,"HistoricalHistorical,         MilitaryMilitary,         SpaceSpace,         Urban FantasyUrban Fantasy,         VampireVampire",23 min. per ep.,PG-13 - Teens 13 or older,"7.321 (scored by 5651456,514 users)
      


1
          indicates a weighted score.","#27402

2
    based on the top anime page. Please note that 'Not yet aired' and 'R18+' titles are excluded.",#1548,"162,519",776,"Moon, Laika, and the Bloodsucking Princess",FantasyFantasy,,,,,
16,2021,fall,Taishou Otome Otogibanashi,Taisho Otome Fairy Tale,https://cdn.myanimelist.net/images/anime/1662/118849.jpg,大正オトメ御伽話,Taisho Otome Fairy Tale,TV,12,Finished Airing,"Oct 9, 2021 to Dec 25, 2021",Fall 2021,Saturdays at 01,"Pony Canyon,       Bit grooove promotion",Funimation,SynergySP,Manga,"ComedyComedy,         DramaDrama,         RomanceRomance",,23 min. per ep.,PG-13 - Teens 13 or older,"7.791 (scored by 6699966,999 users)
      


1
          indicates a weighted score.","#10742

2
    based on the top anime page. Please note that 'Not yet aired' and 'R18+' titles are excluded.",#1575,"158,833","1,205",Taishou Maiden Fairytale,,HistoricalHistorical,ShounenShounen,,,
17,2021,fall,World Trigger 3rd Season,,https://cdn.myanimelist.net/images/anime/1617/117474.jpg,ワールドトリガー,,TV,14,Finished Airing,"Oct 10, 2021 to Jan 23, 2022",Fall 2021,Sundays at 01,TV Asahi,"None found, add some",Toei Animation,Manga,"ActionAction,         Sci-FiSci-Fi",,23 min. per ep.,PG-13 - Teens 13 or older,"8.251 (scored by 4961749,617 users)
      


1
          indicates a weighted score.","#3352

2
    based on the top anime page. Please note that 'Not yet aired' and 'R18+' titles are excluded.",#1849,"128,481","1,216",,,,ShounenShounen,Word Trigger Temporada 3,,
18,2021,fall,Isekai Shokudou 2,Restaurant to Another World 2,https://cdn.myanimelist.net/images/anime/1777/117885.jpg,異世界食堂 2,Restaurant to Another World 2,TV,12,Finished Airing,"Oct 2, 2021 to Dec 18, 2021",Fall 2021,Saturdays at 01,"TV Tokyo,       Nippon Animation,       TV Osaka,       AT-X,       KlockWorx,       flying DOG,       DMM pictures,       Shufunotomo,       Polygon Magic,       MAGNET",Crunchyroll,OLM,Light novel,"FantasyFantasy,         GourmetGourmet,         Slice of LifeSlice of Life","IsekaiIsekai,         WorkplaceWorkplace",23 min. per ep.,PG-13 - Teens 13 or older,"7.691 (scored by 4584845,848 users)
      


1
          indicates a weighted score.","#13322

2
    based on the top anime page. Please note that 'Not yet aired' and 'R18+' titles are excluded.",#2126,"106,049",444,,,,,,,
19,2021,fall,Sakugan,,https://cdn.myanimelist.net/images/anime/1431/118413.jpg,サクガン,Sakugan,TV,12,Finished Airing,"Oct 7, 2021 to Dec 23, 2021",Fall 2021,Thursdays at 23,"VAP,       Sotsu,       Mainichi Broadcasting System,       Bandai,       Asmik Ace,       Tohokushinsha Film Corporation,       Sammy,       DeNA,       Nippon Cultural Broadcasting,       Bandai Namco Arts,       Bandai Spirits,       NetEase,       Fosun Entertainment Japan","None found, add some",Satelight,Novel,"ActionAction,         AdventureAdventure,         Sci-FiSci-Fi","ChildcareChildcare,         MechaMecha",23 min. per ep.,PG-13 - Teens 13 or older,"6.511 (scored by 3338833,388 users)
      


1
          indicates a weighted score.","#70442

2
    based on the top anime page. Please note that 'Not yet aired' and 'R18+' titles are excluded.",#2148,"104,922",274,"Sacks&Guns!!, Sakugan Labyrinth Marker, Project ANIMA, 削岩ラビリンスマーカー",,,,,,
20,2021,fall,Kyuuketsuki Sugu Shinu,The Vampire Dies in No Time,https://cdn.myanimelist.net/images/anime/1892/117151.jpg,吸血鬼すぐ死ぬ,The Vampire Dies in No Time,TV,12,Finished Airing,"Oct 4, 2021 to Dec 20, 2021",Fall 2021,Mondays at 23,"Frontier Works,       Marvelous Entertainment,       Pony Canyon,       Studio Mausu,       Hakuhodo DY Music & Pictures,       Akita Shoten,       BS11,       Kadokawa Media House",Funimation,Madhouse,Manga,"ComedyComedy,         FantasyFantasy","Adult CastAdult Cast,         Gag HumorGag Humor,         Urban FantasyUrban Fantasy,         VampireVampire",23 min. per ep.,PG-13 - Teens 13 or older,"7.271 (scored by 3542935,429 users)
      


1
          indicates a weighted score.","#29792

2
    based on the top anime page. Please note that 'Not yet aired' and 'R18+' titles are excluded.",#2267,"96,971",604,KyuuShi,,,ShounenShounen,,,
21,2021,fall,Build Divide: Code Black,Build-Divide -#000000- Code Black,https://cdn.myanimelist.net/images/anime/1014/117452.jpg,ビルディバイド -#000000(コードブラック)-,Build-Divide -#000000- Code Black,TV,12,Finished Airing,"Oct 10, 2021 to Dec 26, 2021",Fall 2021,Sundays at 00,Aniplex,Aniplex of America,LIDENFILMS,Mixed media,,,23 min. per ep.,PG-13 - Teens 13 or older,"6.391 (scored by 1588315,883 users)
      


1
          indicates a weighted score.","#77252

2
    based on the top anime page. Please note that 'Not yet aired' and 'R18+' titles are excluded.",#3024,"59,470",317,Build Divide,FantasyFantasy,Strategy GameStrategy Game,,,,
22,2021,fall,Sankaku Mado no Sotogawa wa Yoru,The Night Beyond the Tricornered Window,https://cdn.myanimelist.net/images/anime/1869/118766.jpg,さんかく窓の外側は夜,The Night Beyond the Tricornered Window,TV,12,Finished Airing,"Oct 3, 2021 to Dec 19, 2021",Fall 2021,Sundays at 22,"MediaNet,       Avex Pictures,       bilibili,       Crunchyroll,       Yomiuri TV Enterprise,       A-Sketch,       Libre,       animate","None found, add some",Zero-G,Manga,"Boys LoveBoys Love,         DramaDrama,         HorrorHorror,         MysteryMystery,         SupernaturalSupernatural",,23 min. per ep.,R - 17+ (violence & profanity),"6.751 (scored by 1655816,558 users)
      


1
          indicates a weighted score.","#56102

2
    based on the top anime page. Please note that 'Not yet aired' and 'R18+' titles are excluded.",#3284,"50,888",356,,,Adult CastAdult Cast,,The Night Beyond the Tricornered Window,The Night Beyond the Tricornered Window,The Night Beyond the Tricornered Window
23,2021,fall,Selection Project,,https://cdn.myanimelist.net/images/anime/1174/113554.jpg,SELECTION PROJECT,,TV,13,Finished Airing,"Oct 1, 2021 to Dec 24, 2021",Fall 2021,Fridays at 22,Kadokawa,Funimation,Doga Kobo,Mixed media,,"Idols (Female)Idols (Female),         MusicMusic",23 min. per ep.,PG-13 - Teens 13 or older,"7.261 (scored by 1671316,713 users)
      


1
          indicates a weighted score.","#30412

2
    based on the top anime page. Please note that 'Not yet aired' and 'R18+' titles are excluded.",#3432,"46,866",385,Selepro,,,,,,
24,2021,fall,Hanyou no Yashahime: Sengoku Otogizoushi - Ni no Shou,Yashahime: Princess Half-Demon: The Second Act,https://cdn.myanimelist.net/images/anime/1415/118635.jpg,半妖の夜叉姫 -戦国御伽草子- 弐の章,Yashahime,TV,24,Finished Airing,"Oct 2, 2021 to Mar 26, 2022",Fall 2021,Saturdays at 17,"Yomiuri Telecasting,       Shogakukan",VIZ Media,Sunrise,Original,"ActionAction,         AdventureAdventure,         FantasyFantasy","HistoricalHistorical,         MythologyMythology,         Time TravelTime Travel",24 min. per ep.,PG-13 - Teens 13 or older,"7.071 (scored by 1465614,656 users)
      


1
          indicates a weighted score.","#40722

2
    based on the top anime page. Please note that 'Not yet aired' and 'R18+' titles are excluded.",#3442,"46,606",323,Hanyou no Yashahime,,,,,,
25,2021,fall,Deep Insanity: The Lost Child,,https://cdn.myanimelist.net/images/anime/1652/118466.jpg,Deep Insanity THE LOST CHILD,Deep Insanity,TV,12,Finished Airing,"Oct 13, 2021 to Dec 29, 2021",Fall 2021,Wednesdays at 00,"Square Enix,       Kadokawa,       Bit grooove promotion",Funimation,SILVER LINK.,Mixed media,"ActionAction,         Sci-FiSci-Fi",,23 min. per ep.,PG-13 - Teens 13 or older,"5.601 (scored by 1283112,831 users)
      


1
          indicates a weighted score.","#117942

2
    based on the top anime page. Please note that 'Not yet aired' and 'R18+' titles are excluded.",#3478,"45,861",243,,,,,,,
26,2021,fall,Muv-Luv Alternative,,https://cdn.myanimelist.net/images/anime/1916/118439.jpg,マブラヴ オルタネイティヴ,,TV,12,Finished Airing,"Oct 7, 2021 to Dec 23, 2021",Fall 2021,Thursdays at 00,"Dentsu,       Fuji TV,       BS Fuji,       Avex Pictures,       Crunchyroll,       Tencent Japan,       Bandai Namco Arts,       aNCHOR","None found, add some","Yumeta Company,       Graphinica,       Flagship Line",Visual novel,"ActionAction,         DramaDrama,         Sci-FiSci-Fi","MechaMecha,         MilitaryMilitary",22 min. per ep.,R+ - Mild Nudity,"5.841 (scored by 1349713,497 users)
      


1
          indicates a weighted score.","#107172

2
    based on the top anime page. Please note that 'Not yet aired' and 'R18+' titles are excluded.",#3544,"44,532",183,,,,,,,
27,2021,fall,Visual Prison,,https://cdn.myanimelist.net/images/anime/1143/117924.jpg,ヴィジュアルプリズン,Visual Prison,TV,12,Finished Airing,"Oct 9, 2021 to Dec 25, 2021",Fall 2021,Saturdays at 00,"Aniplex,       ABC Animation,       CMI","None found, add some",A-1 Pictures,Original,,"MusicMusic,         VampireVampire",24 min. per ep.,PG-13 - Teens 13 or older,"6.721 (scored by 1011910,119 users)
      


1
          indicates a weighted score.","#57862

2
    based on the top anime page. Please note that 'Not yet aired' and 'R18+' titles are excluded.",#3617,"42,845",501,,SupernaturalSupernatural,,,,,
28,2021,fall,180-byou de Kimi no Mimi wo Shiawase ni Dekiru ka?,Can I Make Your Ears Happy in 180 Seconds?,https://cdn.myanimelist.net/images/anime/1904/118821.jpg,180秒で君の耳を幸せにできるか?,Can I Make Your Ears Happy in 180 Seconds?,TV,12,Finished Airing,"Oct 15, 2021 to Dec 31, 2021",Fall 2021,Fridays at 01,"None found, add some","None found, add some","EKACHI EPILKA,       Indivision",Original,,,3 min. per ep.,PG-13 - Teens 13 or older,"5.311 (scored by 1191911,919 users)
      


1
          indicates a weighted score.","#126412

2
    based on the top anime page. Please note that 'Not yet aired' and 'R18+' titles are excluded.",#3826,"38,607",211,,Slice of LifeSlice of Life,,,,,
29,2021,fall,Kyoukai Senki,AMAIM Warrior at the Borderline,https://cdn.myanimelist.net/images/anime/1772/116668.jpg,境界戦機,AMAIM Warrior at the Borderline,TV,13,Finished Airing,"Oct 5, 2021 to Dec 28, 2021",Fall 2021,Tuesdays at 01,Bandai Spirits,Funimation,Sunrise Beyond,Original,"ActionAction,         Sci-FiSci-Fi",,24 min. per ep.,PG-13 - Teens 13 or older,"6.321 (scored by 1122411,224 users)
      


1
          indicates a weighted score.","#81362

2
    based on the top anime page. Please note that 'Not yet aired' and 'R18+' titles are excluded.",#4000,"34,905",134,,,MechaMecha,,,,
30,2021,fall,Deji Meets Girl,"""Deji"" Meets Girl",https://cdn.myanimelist.net/images/anime/1411/116829.jpg,でーじミーツガール,"""Deji"" Meets Girl",TV,12,Finished Airing,"Oct 2, 2021 to Dec 18, 2021",Fall 2021,Saturdays at 01,Studio Mausu,GKIDS,LIDENFILMS,Original,"Slice of LifeSlice of Life,         SupernaturalSupernatural",,2 min. per ep.,PG-13 - Teens 13 or older,"6.171 (scored by 1097910,979 users)
      


1
          indicates a weighted score.","#89942

2
    based on the top anime page. Please note that 'Not yet aired' and 'R18+' titles are excluded.",#4028,"34,593",154,,,,,,,
31,2021,fall,Kaginado,,https://cdn.myanimelist.net/images/anime/1558/118634.jpg,かぎなど,Kaginado,TV,12,Finished Airing,"Oct 13, 2021 to Dec 29, 2021",Fall 2021,Wednesdays at 01,"Visual Arts,       Tohokushinsha Film Corporation","None found, add some",LIDENFILMS Kyoto Studio,Original,"ComedyComedy,         Slice of LifeSlice of Life",,4 min. per ep.,PG-13 - Teens 13 or older,"7.121 (scored by 93029,302 users)
      


1
          indicates a weighted score.","#37952

2
    based on the top anime page. Please note that 'Not yet aired' and 'R18+' titles are excluded.",#4234,"30,935",133,,,,,,,
32,2021,fall,Puraore! Pride of Orange,PuraOra! PRIDE OF ORANGE,https://cdn.myanimelist.net/images/anime/1420/118569.jpg,プラオレ！～PRIDE OF ORANGE～,PuraOra! PRIDE OF ORANGE,TV,12,Finished Airing,"Oct 6, 2021 to Dec 22, 2021",Fall 2021,Wednesdays at 22,CyberAgent,Funimation,C2C,Mixed media,,,23 min. per ep.,PG-13 - Teens 13 or older,"6.241 (scored by 92729,272 users)
      


1
          indicates a weighted score.","#86442

2
    based on the top anime page. Please note that 'Not yet aired' and 'R18+' titles are excluded.",#4418,"28,433",96,,SportsSports,Team SportsTeam Sports,,PuraOra! Pride of Orange,PuraOra! Pride of Orange,PuraOra! Pride of Orange
33,2021,fall,Blade Runner: Black Lotus,,https://cdn.myanimelist.net/images/anime/1657/120783.jpg,BLADE RUNNER – BLACK LOTUS,,TV,13,Finished Airing,"Nov 14, 2021 to Feb 5, 2022",Fall 2021,Sundays at 14,"None found, add some",Crunchyroll,Sola Digital Arts,Other,"Sci-FiSci-Fi,         SuspenseSuspense",,23 min. per ep.,R - 17+ (violence & profanity),"6.291 (scored by 52225,222 users)
      


1
          indicates a weighted score.","#83422

2
    based on the top anime page. Please note that 'Not yet aired' and 'R18+' titles are excluded.",#4547,"26,863",98,,,,,,,
34,2021,fall,Yuuki Yuuna wa Yuusha de Aru: Dai Mankai no Shou,Yuki Yuna is a Hero: The Great Mankai Chapter,https://cdn.myanimelist.net/images/anime/1657/118480.jpg,結城友奈は勇者である 大満開の章,Yuki Yuna is a Hero,TV,12,Finished Airing,"Oct 2, 2021 to Dec 18, 2021",Fall 2021,Saturdays at 01,Mainichi Broadcasting System,Sentai Filmworks,Studio Gokumi,Original,,,24 min. per ep.,PG-13 - Teens 13 or older,"7.301 (scored by 75127,512 users)
      


1
          indicates a weighted score.","#28252

2
    based on the top anime page. Please note that 'Not yet aired' and 'R18+' titles are excluded.",#4597,"26,154",154,Yuki Yuna is a Hero,DramaDrama,Mahou ShoujoMahou Shoujo,,,,
35,2021,fall,Tesla Note,,https://cdn.myanimelist.net/images/anime/1511/116890.jpg,テスラノート,Tesla Note,TV,13,Finished Airing,"Oct 3, 2021 to Dec 26, 2021",Fall 2021,Sundays at 23,"Kodansha,       Movic,       BS11,       JR East Marketing & Communications,       Bandai Namco Arts",Funimation,Gambit,Manga,"ActionAction,         SuspenseSuspense",,24 min. per ep.,PG-13 - Teens 13 or older,"4.671 (scored by 67006,700 users)
      


1
          indicates a weighted score.","#135302

2
    based on the top anime page. Please note that 'Not yet aired' and 'R18+' titles are excluded.",#4655,"25,226",91,,,,ShounenShounen,,,
36,2021,fall,Digimon Ghost Game,,https://cdn.myanimelist.net/images/anime/1907/118797.jpg,デジモンゴーストゲーム,Digimon Ghost Game,TV,67,Finished Airing,"Oct 3, 2021 to Mar 26, 2023",Fall 2021,Sundays at 09,"Yomiko Advertising,       Fuji TV","None found, add some",Toei Animation,Other,"ActionAction,         AdventureAdventure,         ComedyComedy,         FantasyFantasy",,23 min. per ep.,PG-13 - Teens 13 or older,"6.741 (scored by 72627,262 users)
      


1
          indicates a weighted score.","#56692

2
    based on the top anime page. Please note that 'Not yet aired' and 'R18+' titles are excluded.",#4694,"24,776",165,,,,,,,
37,2021,fall,Lupin III: Part 6,Lupin the Third Part 6,https://cdn.myanimelist.net/images/anime/1976/118542.jpg,ルパン三世 PART6,Lupin the Third Part 6,TV,24,Finished Airing,"Oct 17, 2021 to Mar 27, 2022",Fall 2021,Sundays at 00,Maruga Factory,Sentai Filmworks,TMS Entertainment,Manga,"ActionAction,         AdventureAdventure,         ComedyComedy,         MysteryMystery",,23 min. per ep.,PG-13 - Teens 13 or older,"7.201 (scored by 63576,357 users)
      


1
          indicates a weighted score.","#33802

2
    based on the top anime page. Please note that 'Not yet aired' and 'R18+' titles are excluded.",#4767,"23,963",144,Lupin III,,Adult CastAdult Cast,SeinenSeinen,,,
38,2021,fall,Gyakuten Sekai no Denchi Shoujo,Rumble Garanndoll,https://cdn.myanimelist.net/images/anime/1836/117774.jpg,逆転世界ノ電池少女,Rumble Garanndoll,TV,12,Finished Airing,"Oct 11, 2021 to Dec 27, 2021",Fall 2021,Mondays at 23,"Studio Hibari,       Lantis,       AT-X,       Tokyo MX,       BS11,       Egg Firm,       Quaras,       Kadokawa,       Bandai Namco Arts,       MAGNET,       Scarlett",Funimation,Lerche,Original,"ActionAction,         ComedyComedy,         Sci-FiSci-Fi",,23 min. per ep.,PG-13 - Teens 13 or older,"6.301 (scored by 71947,194 users)
      


1
          indicates a weighted score.","#82682

2
    based on the top anime page. Please note that 'Not yet aired' and 'R18+' titles are excluded.",#4881,"22,557",52,,,MechaMecha,,,,
39,2021,fall,Yaku nara Mug Cup mo: Niban Gama,Let's Make a Mug Too 2,https://cdn.myanimelist.net/images/anime/1541/118798.jpg,やくならマグカップも 二番窯,Let's Make a Mug Too 2,TV,12,Finished Airing,"Oct 2, 2021 to Dec 18, 2021",Fall 2021,Saturdays at 01,"None found, add some","None found, add some",Nippon Animation,Manga,,"CGDCTCGDCT,         IyashikeiIyashikei,         SchoolSchool,         Visual ArtsVisual Arts",14 min. per ep.,PG-13 - Teens 13 or older,"6.831 (scored by 77317,731 users)
      


1
          indicates a weighted score.","#52072

2
    based on the top anime page. Please note that 'Not yet aired' and 'R18+' titles are excluded.",#5149,"19,814",46,"Yakunara Mug Cup mo 2nd Season, Let's Make a Mug Too",Slice of LifeSlice of Life,,,,,
40,2021,fall,Shikizakura,,https://cdn.myanimelist.net/images/anime/1175/116578.jpg,シキザクラ,Shikizakura,TV,12,Finished Airing,"Oct 10, 2021 to Dec 26, 2021",Fall 2021,Sundays at 01,Chukyo TV Broadcasting,Sentai Filmworks,Sublimation,Original,"ActionAction,         DramaDrama,         Sci-FiSci-Fi",,24 min. per ep.,PG-13 - Teens 13 or older,"5.841 (scored by 34033,403 users)
      


1
          indicates a weighted score.","#107442

2
    based on the top anime page. Please note that 'Not yet aired' and 'R18+' titles are excluded.",#5360,"17,848",50,,,,,,,
41,2021,fall,Megaton-kyuu Musashi,Megaton Musashi,https://cdn.myanimelist.net/images/anime/1317/116693.jpg,メガトン級ムサシ,Megaton Musashi,TV,13,Finished Airing,"Oct 1, 2021 to Dec 24, 2021",Fall 2021,Fridays at 22,"Dentsu,       Tokyo MX,       Level-5","None found, add some",OLM,Mixed media,"ActionAction,         Sci-FiSci-Fi","MechaMecha,         SchoolSchool",25 min. per ep.,PG-13 - Teens 13 or older,"6.291 (scored by 31363,136 users)
      


1
          indicates a weighted score.","#83242

2
    based on the top anime page. Please note that 'Not yet aired' and 'R18+' titles are excluded.",#5495,"16,755",63,,,,,,,
42,2021,fall,Cardfight!! Vanguard: overDress Season 2,,https://cdn.myanimelist.net/images/anime/1263/117945.jpg,カードファイト!! ヴァンガード overDress,,TV,13,Finished Airing,"Oct 5, 2021 to Dec 28, 2021",Fall 2021,Tuesdays at 00,Bushiroad,"None found, add some","Kinema Citrus,       GIFTanimation,       Studio Jemi",Original,"ActionAction,         DramaDrama",,24 min. per ep.,PG-13 - Teens 13 or older,"6.701 (scored by 26682,668 users)
      


1
          indicates a weighted score.","#59172

2
    based on the top anime page. Please note that 'Not yet aired' and 'R18+' titles are excluded.",#7293,"8,287",45,Cardfight!! Vanguard,,Strategy GameStrategy Game,,,,
43,2021,fall,Muteking the Dancing Hero,,https://cdn.myanimelist.net/images/anime/1402/118465.jpg,MUTEKING THE Dancing HERO,,TV,12,Finished Airing,"Oct 3, 2021 to Dec 19, 2021",Fall 2021,Sundays at 01,"Victor Entertainment,       Smile Company",Funimation,"Tatsunoko Production,       Tezuka Productions",Original,"ActionAction,         ComedyComedy,         Sci-FiSci-Fi",,23 min. per ep.,PG-13 - Teens 13 or older,"5.841 (scored by 26772,677 users)
      


1
          indicates a weighted score.","#107162

2
    based on the top anime page. Please note that 'Not yet aired' and 'R18+' titles are excluded.",#7846,"6,871",22,,,MusicMusic,,,,
44,2021,fall,Waccha PriMagi!,,https://cdn.myanimelist.net/images/anime/1522/117595.jpg,ワッチャプリマジ！,Waccha PriMagi!,TV,51,Finished Airing,"Oct 3, 2021 to Oct 9, 2022",Fall 2021,Sundays at 10,"TV Tokyo,       Takara Tomy A.R.T.S",Sentai Filmworks,"Tatsunoko Production,       Dongwoo A&E",Original,,"Idols (Female)Idols (Female),         Mahou ShoujoMahou Shoujo,         MusicMusic",24 min. per ep.,G - All Ages,"7.031 (scored by 12421,242 users)
      


1
          indicates a weighted score.","#42392

2
    based on the top anime page. Please note that 'Not yet aired' and 'R18+' titles are excluded.",#8331,"5,939",57,,,,,,,
45,2021,fall,Kanashiki Debu Neko-chan,,https://cdn.myanimelist.net/images/anime/1626/116549.jpg,かなしきデブ猫ちゃん,,TV,10,Finished Airing,"Dec 6, 2021 to Dec 17, 2021",Fall 2021,Mondays at 00,"NHK,       NHK Enterprises","None found, add some",Cyclone Graphics,Other,,,3 min. per ep.,G - All Ages,"6.321 (scored by 211211 users)
      


1
          indicates a weighted score.","#81322

2
    based on the top anime page. Please note that 'Not yet aired' and 'R18+' titles are excluded.",#10238,"3,262",40,The Sad and Fat Cat,Slice of LifeSlice of Life,PetsPets,,,,
46,2021,fall,Kimi to Fit Boxing,,https://cdn.myanimelist.net/images/anime/1422/118482.jpg,キミとフィットボクシング,,TV,12,Finished Airing,"Oct 1, 2021 to Dec 17, 2021",Fall 2021,Fridays at 21,"None found, add some","None found, add some","Imagineer,       Story Effect",Game,,,3 min. per ep.,PG-13 - Teens 13 or older,"5.601 (scored by 144144 users)
      


1
          indicates a weighted score.","#117772

2
    based on the top anime page. Please note that 'Not yet aired' and 'R18+' titles are excluded.",#13340,"1,275",7,"Fitness Boxing, Fit Boxing",SportsSports,,,,,
47,2021,fall,Chickip Dancers,,https://cdn.myanimelist.net/images/anime/1306/120067.jpg,チキップダンサーズ,,TV,26,Finished Airing,"Oct 5, 2021 to Mar 29, 2022",Fall 2021,Tuesdays at 17,San-X,"None found, add some",Fanworks,Other,,,5 min. per ep.,G - All Ages,"N/A1 (scored by - users)
      
1
          indicates a weighted score.","#198992

2
    based on the top anime page. Please note that 'Not yet aired' and 'R18+' titles are excluded.",#14036,"1,062",6,,Slice of LifeSlice of Life,,,,,
48,2021,fall,Gunma-chan,,https://cdn.myanimelist.net/images/anime/1641/118985.jpg,ぐんまちゃん,,TV,13,Finished Airing,"Oct 3, 2021 to Dec 26, 2021",Fall 2021,Sundays at 08,"None found, add some","None found, add some",Ascension,Other,,,24 min. per ep.,G - All Ages,"5.961 (scored by 178178 users)
      


1
          indicates a weighted score.","#101332

2
    based on the top anime page. Please note that 'Not yet aired' and 'R18+' titles are excluded.",#14319,979,2,,Slice of LifeSlice of Life,,,,,
49,2021,fall,Shuumatsu no Walküre Mini Anime (Cartoon Network Nite),Record of Ragnarok Mini Anime (Cartoon Network Nite),https://cdn.myanimelist.net/images/anime/1489/137121.jpg,,Record of Ragnarok Mini Anime (Cartoon Network Nite),TV,12,Finished Airing,"Oct 3, 2021 to Dec 19, 2021",Fall 2021,Saturdays at 22,"None found, add some","None found, add some",AQUA ARIS,Manga,"ActionAction,         ComedyComedy",,2 min. per ep.,PG-13 - Teens 13 or older,"6.011 (scored by 134134 users)
      


1
          indicates a weighted score.","#98582

2
    based on the top anime page. Please note that 'Not yet aired' and 'R18+' titles are excluded.",#15915,634,2,,,,SeinenSeinen,,,
50,2021,fall,Yoshida Katsuko no Yabai wa! SDGs: Araburu! Trouble! Sustainable!,,https://cdn.myanimelist.net/images/anime/1996/118831.jpg,吉田勝子のヤバイわ! SDGs ~荒ぶる! トラブル! サステナブル!~,,TV,13,Finished Airing,"Oct 4, 2021 to Dec 27, 2021",Fall 2021,Unknown,"None found, add some","None found, add some",DLE,Original,,"ParodyParody,         WorkplaceWorkplace",2 min. per ep.,PG-13 - Teens 13 or older,"N/A1 (scored by - users)
      
1
          indicates a weighted score.","#160792

2
    based on the top anime page. Please note that 'Not yet aired' and 'R18+' titles are excluded.",#18053,414,0,,ComedyComedy,,,,,
51,2021,fall,Banjjagbanjjag Catch! Tiniping,Twinkle Catch! Tiniping,https://cdn.myanimelist.net/images/anime/1751/136467.jpg,반짝반짝 캐치! 티니핑,Twinkle Catch! Tiniping,TV,26,Finished Airing,"Sep 22, 2021 to Mar 16, 2022",Fall 2021,Unknown,"None found, add some","None found, add some",SAMG Entertainment,Original,,"Mahou ShoujoMahou Shoujo,         SchoolSchool",11 min. per ep.,PG - Children,"N/A1 (scored by - users)
      
1
          indicates a weighted score.","#194372

2
    based on the top anime page. Please note that 'Not yet aired' and 'R18+' titles are excluded.",#20031,281,0,Sparkle Sparkle Catch! Teenieping,FantasyFantasy,,,,,
52,2021,fall,One Piece,,https://cdn.myanimelist.net/images/anime/1244/138851.jpg,ONE PIECE,One Piece,TV,Unknown,Currently Airing,"Oct 20, 1999 to ?",Fall 1999,Sundays at 09,"Fuji TV,       TAP,       Shueisha","Funimation,       4Kids Entertainment",Toei Animation,Manga,"ActionAction,         AdventureAdventure,         FantasyFantasy",,24 min.,PG-13 - Teens 13 or older,"8.731 (scored by 14167921,416,792 users)
      


1
          indicates a weighted score.","#502

2
    based on the top anime page. Please note that 'Not yet aired' and 'R18+' titles are excluded.",#17,"2,491,961","234,235",OP,,,ShounenShounen,,,
53,2021,fall,Boruto: Naruto Next Generations,,https://cdn.myanimelist.net/images/anime/1091/99847.jpg,BORUTO -NARUTO NEXT GENERATIONS-,Boruto,TV,293,Finished Airing,"Apr 5, 2017 to Mar 26, 2023",Spring 2017,Sundays at 17,"TV Tokyo,       Aniplex,       Rakuonsha,       Shueisha",VIZ Media,Pierrot,Manga,"ActionAction,         AdventureAdventure,         FantasyFantasy",,23 min. per ep.,PG-13 - Teens 13 or older,"6.001 (scored by 456508456,508 users)
      


1
          indicates a weighted score.","#99122

2
    based on the top anime page. Please note that 'Not yet aired' and 'R18+' titles are excluded.",#208,"894,492","7,375",,,Martial ArtsMartial Arts,ShounenShounen,,,
54,2021,fall,Meitantei Conan,Case Closed,https://cdn.myanimelist.net/images/anime/7/75199.jpg,名探偵コナン,Case Closed,TV,Unknown,Currently Airing,"Jan 8, 1996 to ?",Winter 1996,Saturdays at 18,"Yomiuri Telecasting,       Shogakukan,       Audio Planning U,       Tokyo Movie,       Polydor Records","Funimation,       Crunchyroll",TMS Entertainment,Manga,"AdventureAdventure,         ComedyComedy,         MysteryMystery",,24 min.,PG-13 - Teens 13 or older,"8.171 (scored by 164197164,197 users)
      


1
          indicates a weighted score.","#4352

2
    based on the top anime page. Please note that 'Not yet aired' and 'R18+' titles are excluded.",#703,"360,470","15,311",Detective Conan,,DetectiveDetective,ShounenShounen,,Case Closed,
55,2021,fall,Shaman King (2021),,https://cdn.myanimelist.net/images/anime/1416/113270.jpg,SHAMAN KING,,TV,52,Finished Airing,"Apr 1, 2021 to Apr 21, 2022",Spring 2021,Thursdays at 17,TV Tokyo,"None found, add some",Bridge,Manga,"ActionAction,         AdventureAdventure,         SupernaturalSupernatural",,23 min. per ep.,PG-13 - Teens 13 or older,"6.901 (scored by 7711877,118 users)
      


1
          indicates a weighted score.","#48272

2
    based on the top anime page. Please note that 'Not yet aired' and 'R18+' titles are excluded.",#946,"271,882","1,735",,,,ShounenShounen,Shaman King,Shaman King,Shaman King
56,2021,fall,Jahy-sama wa Kujikenai!,The Great Jahy Will Not Be Defeated!,https://cdn.myanimelist.net/images/anime/1154/115599.jpg,ジャヒー様はくじけない！,The Great Jahy Will Not Be Defeated!,TV,20,Finished Airing,"Aug 1, 2021 to Dec 19, 2021",Summer 2021,Sundays at 02,"Square Enix,       Medicos Entertainment,       King Records,       Nagoya Broadcasting Network,       ABC Animation,       DMM pictures","None found, add some",SILVER LINK.,Manga,"ComedyComedy,         SupernaturalSupernatural",,23 min. per ep.,PG-13 - Teens 13 or older,"7.011 (scored by 8955889,558 users)
      


1
          indicates a weighted score.","#43252

2
    based on the top anime page. Please note that 'Not yet aired' and 'R18+' titles are excluded.",#1006,"258,555","1,443",Jahy-sama Won't Be Discouraged!,,,ShounenShounen,,,
57,2021,fall,Shiroi Suna no Aquatope,The Aquatope on White Sand,https://cdn.myanimelist.net/images/anime/1932/114952.jpg,白い砂のアクアトープ,The Aquatope on White Sand,TV,24,Finished Airing,"Jul 9, 2021 to Dec 17, 2021",Summer 2021,Fridays at 00,"BS Fuji,       Tokyo MX,       Infinite,       Forecast Communications,       Kadokawa Media House,       DMM pictures,       Bandai Namco Arts,       AQUA ARIS","None found, add some",P.A. Works,Original,,,23 min. per ep.,PG-13 - Teens 13 or older,"7.511 (scored by 5331953,319 users)
      


1
          indicates a weighted score.","#19032

2
    based on the top anime page. Please note that 'Not yet aired' and 'R18+' titles are excluded.",#1435,"175,827","1,409",Aquatope of White Sand,DramaDrama,WorkplaceWorkplace,,The Aquatope on White Sand,The Aquatope On The White Sand,The Aquatope On White Sand
58,2021,fall,Scarlet Nexus,,https://cdn.myanimelist.net/images/anime/1314/116004.jpg,SCARLET NEXUS,Scarlet Nexus,TV,26,Finished Airing,"Jul 1, 2021 to Dec 23, 2021",Summer 2021,Thursdays at 22,"Sunrise Music,       Bandai Namco Arts",Funimation,Sunrise,Game,"ActionAction,         Sci-FiSci-Fi","MilitaryMilitary,         Super PowerSuper Power",24 min. per ep.,PG-13 - Teens 13 or older,"5.711 (scored by 2763427,634 users)
      


1
          indicates a weighted score.","#113012

2
    based on the top anime page. Please note that 'Not yet aired' and 'R18+' titles are excluded.",#2199,"101,733",501,,,,,,,
59,2021,fall,Crayon Shin-chan,Shin Chan,https://cdn.myanimelist.net/images/anime/10/59897.jpg,クレヨンしんちゃん,Shin Chan,TV,Unknown,Currently Airing,"Apr 13, 1992 to ?",Spring 1992,Fridays at 19,TV Asahi,Funimation,Shin-Ei Animation,Manga,"ComedyComedy,         EcchiEcchi",,21 min.,G - All Ages,"7.801 (scored by 4214242,142 users)
      


1
          indicates a weighted score.","#10282

2
    based on the top anime page. Please note that 'Not yet aired' and 'R18+' titles are excluded.",#2398,"87,938","1,329",,,SchoolSchool,SeinenSeinen,Shin Chan,Shin Chan,
60,2021,fall,Dragon Quest: Dai no Daibouken (2020),Dragon Quest: The Adventure of Dai,https://cdn.myanimelist.net/images/anime/1499/109126.jpg,ドラゴンクエスト ダイの大冒険,Dragon Quest,TV,100,Finished Airing,"Oct 3, 2020 to Oct 22, 2022",Fall 2020,Saturdays at 09,"TV Tokyo,       Square Enix,       Shueisha","None found, add some",Toei Animation,Manga,"ActionAction,         AdventureAdventure,         FantasyFantasy",,24 min. per ep.,PG-13 - Teens 13 or older,"7.731 (scored by 2596225,962 users)
      


1
          indicates a weighted score.","#12182

2
    based on the top anime page. Please note that 'Not yet aired' and 'R18+' titles are excluded.",#2613,"76,566",644,Dragon Quest,,,ShounenShounen,Dragon Quest,Dragon Quest,Dragon Quest
61,2021,fall,Maiko-san Chi no Makanai-san,Kiyo in Kyoto: From the Maiko House,https://cdn.myanimelist.net/images/anime/1355/111545.jpg,舞妓さんちのまかないさん,Kiyo in Kyoto,TV,12,Finished Airing,"Feb 25, 2021 to Jan 27, 2022",Winter 2021,Thursdays at 08,"NHK,       NHK Enterprises","None found, add some",J.C.Staff,Manga,"GourmetGourmet,         Slice of LifeSlice of Life","EducationalEducational,         IyashikeiIyashikei,         WorkplaceWorkplace",25 min. per ep.,PG-13 - Teens 13 or older,"7.031 (scored by 47014,701 users)
      


1
          indicates a weighted score.","#42532

2
    based on the top anime page. Please note that 'Not yet aired' and 'R18+' titles are excluded.",#5166,"19,674",68,The caterer at the Maiko Manor,,,ShounenShounen,Kiyo in Kyoto,Kiyo in Kyoto,Kiyo in Kyoto
62,2021,fall,Yu☆Gi☆Oh! Sevens,Yu-Gi-Oh! Sevens,https://cdn.myanimelist.net/images/anime/1148/106883.jpg,遊☆戯☆王 SEVENS,Yu-Gi-Oh! Sevens,TV,92,Finished Airing,"Apr 4, 2020 to Mar 27, 2022",Spring 2020,Saturdays at 07,"TV Tokyo,       Konami,       Shueisha,       Konami Cross Media NY","None found, add some",Bridge,Card game,"ActionAction,         FantasyFantasy",,24 min. per ep.,PG-13 - Teens 13 or older,"6.201 (scored by 49084,908 users)
      


1
          indicates a weighted score.","#88642

2
    based on the top anime page. Please note that 'Not yet aired' and 'R18+' titles are excluded.",#5260,"18,794",88,Yuu Gi Ou!,,Strategy GameStrategy Game,ShounenShounen,,,
63,2021,fall,Tropical-Rouge! Precure,Tropical-Rouge! Pretty Cure,https://cdn.myanimelist.net/images/anime/1184/110907.jpg,トロピカル～ジュ！プリキュア,Tropical-Rouge! Pretty Cure,TV,46,Finished Airing,"Feb 28, 2021 to Jan 30, 2022",Winter 2021,Sundays at 08,"ABC Animation,       ADK Emotions","None found, add some",Toei Animation,Original,,,24 min. per ep.,G - All Ages,"7.391 (scored by 45434,543 users)
      


1
          indicates a weighted score.","#23982

2
    based on the top anime page. Please note that 'Not yet aired' and 'R18+' titles are excluded.",#5864,"14,126",147,,ActionAction,Mahou ShoujoMahou Shoujo,,TROPICAL-ROUGE! PRETTY CURE,TROPICAL-ROUGE! PRETTY CURE,TROPICAL-ROUGE! PRETTY CURE
64,2021,fall,Sazae-san,Mrs. Sazae,https://cdn.myanimelist.net/images/anime/1008/98996.jpg,サザエさん,Mrs. Sazae,TV,Unknown,Currently Airing,"Oct 5, 1969 to ?",Fall 1969,Sundays at 18,Fuji TV,"None found, add some",Eiken,4-koma manga,"ComedyComedy,         Slice of LifeSlice of Life",,24 min.,G - All Ages,"6.141 (scored by 19341,934 users)
      


1
          indicates a weighted score.","#91842

2
    based on the top anime page. Please note that 'Not yet aired' and 'R18+' titles are excluded.",#7123,"8,791",39,,,,,,,
65,2021,fall,Tsukipro The Animation 2,,https://cdn.myanimelist.net/images/anime/1651/116291.jpg,TSUKIPRO THE ANIMATION 2,,TV,13,Finished Airing,"Jul 7, 2021 to Dec 29, 2021",Summer 2021,Wednesdays at 22,AZ Creative,Sentai Filmworks,PRA,Mixed media,,"Idols (Male)Idols (Male),         MusicMusic",23 min. per ep.,PG-13 - Teens 13 or older,"6.401 (scored by 13381,338 users)
      


1
          indicates a weighted score.","#76822

2
    based on the top anime page. Please note that 'Not yet aired' and 'R18+' titles are excluded.",#7390,"7,965",49,,,,,,,
66,2021,fall,Chibi Maruko-chan (1995),Little Miss Maruko,https://cdn.myanimelist.net/images/anime/1108/100604.jpg,ちびまる子ちゃん,Little Miss Maruko,TV,Unknown,Currently Airing,"Jan 8, 1995 to ?",Winter 1995,Sundays at 18,"Ajia-do,       Fuji TV,       Sakura Production","None found, add some",Nippon Animation,Manga,,,23 min.,G - All Ages,"7.341 (scored by 21732,173 users)
      


1
          indicates a weighted score.","#26382

2
    based on the top anime page. Please note that 'Not yet aired' and 'R18+' titles are excluded.",#7913,"6,749",61,Maruko-chan,ComedyComedy,SchoolSchool,ShoujoShoujo,Chibi Maruko-chan,,
67,2021,fall,Bonobono (TV 2016),Bono Bono,https://cdn.myanimelist.net/images/anime/13/77617.jpg,ぼのぼの,Bono Bono,TV,Unknown,Currently Airing,"Apr 2, 2016 to ?",Spring 2016,Saturdays at 04,"Fuji TV,       Glovision","None found, add some",Eiken,4-koma manga,"ComedyComedy,         Slice of LifeSlice of Life",,5 min.,G - All Ages,"6.371 (scored by 759759 users)
      


1
          indicates a weighted score.","#78892

2
    based on the top anime page. Please note that 'Not yet aired' and 'R18+' titles are excluded.",#10226,"3,275",19,,,AnthropomorphicAnthropomorphic,,Bono Bono,Bono Bono,Bono Bono
68,2021,fall,Shikaru Neko,,https://cdn.myanimelist.net/images/anime/1008/113384.jpg,しかるねこ,,TV,Unknown,Currently Airing,"Mar 22, 2021 to ?",Spring 2021,Unknown,"None found, add some","None found, add some","None found, add some",Manga,,,30 sec.,G - All Ages,"N/A1 (scored by - users)
      
1
          indicates a weighted score.","#141872

2
    based on the top anime page. Please note that 'Not yet aired' and 'R18+' titles are excluded.",#11244,"2,432",17,,Slice of LifeSlice of Life,,,,,
69,2021,fall,Mazica Party,,https://cdn.myanimelist.net/images/anime/1740/113501.jpg,マジカパーティ,,TV,51,Finished Airing,"Apr 4, 2021 to Mar 27, 2022",Spring 2021,Sundays at 09,"Dentsu,       TV Osaka","None found, add some",OLM,Original,,,24 min. per ep.,G - All Ages,"5.891 (scored by 263263 users)
      


1
          indicates a weighted score.","#104902

2
    based on the top anime page. Please note that 'Not yet aired' and 'R18+' titles are excluded.",#12206,"1,805",10,,FantasyFantasy,Strategy GameStrategy Game,,,,
70,2021,fall,Okashi na Sabaku no Suna to Manu,,https://cdn.myanimelist.net/images/anime/1208/111257.jpg,おかしなさばくのスナとマヌ,,TV,50,Finished Airing,"Feb 14, 2021 to Feb 2, 2022",Winter 2021,Sundays at 03,CHANCE iN,"None found, add some",Kachidoki Studio,Manga,,,1 min. per ep.,PG - Children,"5.711 (scored by 227227 users)
      


1
          indicates a weighted score.","#113232

2
    based on the top anime page. Please note that 'Not yet aired' and 'R18+' titles are excluded.",#12330,"1,729",6,,ComedyComedy,,,,,
71,2021,fall,Kamiusagi Rope: Warau Asa ni wa Fukuraitaru tte Maji ssuka!?,,https://cdn.myanimelist.net/images/anime/6/72182.jpg,紙兎ロペ 〜笑う朝には福来たるってマジっすか!?,,TV,Unknown,Currently Airing,"Nov 16, 2012 to ?",Fall 2012,Not scheduled once per week,"None found, add some","None found, add some","None found, add some",Original,"ComedyComedy,         Slice of LifeSlice of Life",,2 min.,G - All Ages,"N/A1 (scored by - users)
      
1
          indicates a weighted score.","#167992

2
    based on the top anime page. Please note that 'Not yet aired' and 'R18+' titles are excluded.",#13282,"1,294",0,Kamiusagi Rope 4,,,,,,
72,2021,fall,Shiawase Haitatsu Taneko,,https://cdn.myanimelist.net/images/anime/2/28900.jpg,しあわせ配達おみくじタネコ,,TV,Unknown,Currently Airing,"Mar 26, 2011 to ?",Spring 2011,Not scheduled once per week,"None found, add some","None found, add some",Kachidoki Studio,Original,,,Unknown,None,"N/A1 (scored by - users)
      
1
          indicates a weighted score.","#141742

2
    based on the top anime page. Please note that 'Not yet aired' and 'R18+' titles are excluded.",#14312,980,4,,ComedyComedy,,,,,
73,2021,fall,Uchuu Nanchara Kotetsu-kun,Space Academy,https://cdn.myanimelist.net/images/anime/1226/112286.jpg,宇宙なんちゃらこてつくん,Space Academy,TV,64,Finished Airing,"Apr 7, 2021 to Feb 23, 2023",Spring 2021,Thursdays at 18,"None found, add some","None found, add some",Fanworks,Web manga,"ComedyComedy,         Sci-FiSci-Fi",,9 min. per ep.,G - All Ages,"N/A1 (scored by - users)
      
1
          indicates a weighted score.","#150872

2
    based on the top anime page. Please note that 'Not yet aired' and 'R18+' titles are excluded.",#14749,873,3,,,SpaceSpace,,,,
74,2021,fall,Manul no Yuube,,https://cdn.myanimelist.net/images/anime/1980/96936.jpg,マヌ～ルのゆうべ,,TV,Unknown,Currently Airing,"Nov 11, 2018 to ?",Fall 2018,Sundays at Unknown,NHK,"None found, add some","None found, add some",Web manga,,,1 min.,PG-13 - Teens 13 or older,"N/A1 (scored by - users)
      
1
          indicates a weighted score.","#175272

2
    based on the top anime page. Please note that 'Not yet aired' and 'R18+' titles are excluded.",#15779,654,1,,Slice of LifeSlice of Life,,,,,
75,2021,fall,Shin Nippon History,,https://cdn.myanimelist.net/images/anime/1433/134811.jpg,新ニッポンヒストリー,,TV,Unknown,Currently Airing,"Jan 6, 2020 to ?",Winter 2020,Mondays at 01,"None found, add some","None found, add some","None found, add some",Original,,,23 min.,G - All Ages,"N/A1 (scored by - users)
      
1
          indicates a weighted score.","#142292

2
    based on the top anime page. Please note that 'Not yet aired' and 'R18+' titles are excluded.",#18532,377,0,Shin Nippon History,ComedyComedy,HistoricalHistorical,,,,
76,2021,fall,Kintamani Dog,,https://cdn.myanimelist.net/images/anime/1815/120757.jpg,キンタマーニドッグ,,TV,50,Finished Airing,"Jan 14, 2021 to Dec 26, 2021",Winter 2021,Unknown,"None found, add some","None found, add some",Kachidoki Studio,Original,,,1 min. per ep.,G - All Ages,"N/A1 (scored by - users)
      
1
          indicates a weighted score.","#169512

2
    based on the top anime page. Please note that 'Not yet aired' and 'R18+' titles are excluded.",#20666,245,0,,Slice of LifeSlice of Life,,,,,
77,2021,fall,In:App,,https://cdn.myanimelist.net/images/anime/1671/139079.jpg,인앱,,TV,56,Finished Airing,"Nov 21, 2020 to Dec 18, 2021",Fall 2020,Unknown,"None found, add some","None found, add some",ANYZAC,Original,"ActionAction,         ComedyComedy",,7 min. per ep.,G - All Ages,"N/A1 (scored by - users)
      
1
          indicates a weighted score.","#214802

2
    based on the top anime page. Please note that 'Not yet aired' and 'R18+' titles are excluded.",#23685,117,0,,,AnthropomorphicAnthropomorphic,,,,
