,year,season,jp_title,en_title,img,Synonyms,Japanese,English,German,Spanish,French,Type,Episodes,Status,Aired,Premiered,Broadcast,Producers,Licensors,Studios,Source,Genres,Themes,Demographic,Duration,Rating,Score,Ranked,Popularity,Members,Favorites,Theme,Genre
0,2021,summer,Tensei shitara Slime Datta Ken 2nd Season Part 2,That Time I Got Reincarnated as a Slime Season 2 Part 2,https://cdn.myanimelist.net/images/anime/1033/118296.jpg,Tensura 2,転生したらスライムだった件,That Time I Got Reincarnated as a Slime Season 2 Part 2,Meine Wiedergeburt als Schleim in einer anderen Welt Staffel 2 Teil 2,That Time I Got Reincarnated as a Slime Temporada 2 Parte 2,"Moi, Quand Je Me Réincarne en Slime Saison 2 Partie 2",TV,12,Finished Airing,"Jul 6, 2021 to Sep 21, 2021",Summer 2021,Tuesdays at 23,"Kodansha,       BS11,       Bandai Namco Arts,       Micro Magazine Publishing,       Bandai Spirits,       Sony Music Solutions,       ADK Marketing Solutions",Crunchyroll,8bit,Manga,"ActionAction,         ComedyComedy,         FantasyFantasy","IsekaiIsekai,         ReincarnationReincarnation",ShounenShounen,23 min. per ep.,PG-13 - Teens 13 or older,"8.311 (scored by 482445482,445 users)
      


1
          indicates a weighted score.","#2692

2
    based on the top anime page. Please note that 'Not yet aired' and 'R18+' titles are excluded.",#240,"835,843","10,975",,
1,2021,summer,Kobayashi-san Chi no Maid Dragon S,Miss Kobayashi's Dragon Maid S,https://cdn.myanimelist.net/images/anime/1252/115539.jpg,"Kobayashi-san Chi no Maid Dragon 2nd Season, Miss Kobayashi's Dragon Maid 2nd Season",小林さんちのメイドラゴンS,Miss Kobayashi's Dragon Maid S,Miss Kobayashi's Dragon Maid S,Miss Kobayashi's Dragon Maid S,Miss Kobayashi's Dragon Maid S,TV,12,Finished Airing,"Jul 8, 2021 to Sep 23, 2021",Summer 2021,Thursdays at 00,"Lantis,       ABC Animation,       Heart Company","None found, add some",Kyoto Animation,Manga,"Slice of LifeSlice of Life,         SupernaturalSupernatural",,,23 min. per ep.,PG-13 - Teens 13 or older,"8.231 (scored by 291186291,186 users)
      


1
          indicates a weighted score.","#3592

2
    based on the top anime page. Please note that 'Not yet aired' and 'R18+' titles are excluded.",#399,"582,231","5,788",,
2,2021,summer,Vanitas no Karte,The Case Study of Vanitas,https://cdn.myanimelist.net/images/anime/1401/118483.jpg,"Vanitas no Shuki, Memoir of Vanitas, Vanitas no Carte",ヴァニタスの手記,The Case Study of Vanitas,,,,TV,12,Finished Airing,"Jul 3, 2021 to Sep 18, 2021",Summer 2021,Saturdays at 00,"Aniplex,       Square Enix,       Hakuhodo DY Music & Pictures,       Contents Seed",Funimation,Bones,Manga,"ActionAction,         FantasyFantasy,         MysteryMystery","HistoricalHistorical,         Urban FantasyUrban Fantasy,         VampireVampire",ShounenShounen,23 min. per ep.,R - 17+ (violence & profanity),"7.901 (scored by 234788234,788 users)
      


1
          indicates a weighted score.","#8172

2
    based on the top anime page. Please note that 'Not yet aired' and 'R18+' titles are excluded.",#404,"576,940","7,877",,
3,2021,summer,Tsuki ga Michibiku Isekai Douchuu,Tsukimichi -Moonlit Fantasy-,https://cdn.myanimelist.net/images/anime/1950/116474.jpg,Moon-led Journey Across Another World,月が導く異世界道中,Tsukimichi -Moonlit Fantasy-,Tsukimichi,Tsukimichi,Tsukimichi,TV,12,Finished Airing,"Jul 7, 2021 to Sep 22, 2021",Summer 2021,Wednesdays at 23,"Mainichi Broadcasting System,       Nippon Television Network,       Tokyo MX,       Medicos Entertainment,       Nichion,       A-Sketch,       DMM pictures,       BS NTV,       AQUA ARIS,       NetEase,       AlphaPolis","None found, add some",C2C,Light novel,"ActionAction,         AdventureAdventure,         ComedyComedy,         FantasyFantasy",,,23 min. per ep.,PG-13 - Teens 13 or older,"7.711 (scored by 266166266,166 users)
      


1
          indicates a weighted score.","#12692

2
    based on the top anime page. Please note that 'Not yet aired' and 'R18+' titles are excluded.",#477,"500,510","4,451",IsekaiIsekai,
4,2021,summer,Genjitsu Shugi Yuusha no Oukoku Saikenki,How a Realist Hero Rebuilt the Kingdom,https://cdn.myanimelist.net/images/anime/1297/118764.jpg,Re,現実主義勇者の王国再建記,How a Realist Hero Rebuilt the Kingdom,How a Realist Hero Rebuilt the Kingdom,How a Realist Hero Rebuilt the Kingdom,How a Realist Hero Rebuilt the Kingdom,TV,13,Finished Airing,"Jul 4, 2021 to Sep 26, 2021",Summer 2021,Sundays at 01,"KlockWorx,       King Records,       Overlap,       WOWMAX,       Yostar,       MIGHTY MEDIA",Funimation,J.C.Staff,Light novel,"ActionAction,         FantasyFantasy,         RomanceRomance","HaremHarem,         IsekaiIsekai,         MilitaryMilitary",,24 min. per ep.,PG-13 - Teens 13 or older,"7.251 (scored by 217128217,128 users)
      


1
          indicates a weighted score.","#31042

2
    based on the top anime page. Please note that 'Not yet aired' and 'R18+' titles are excluded.",#576,"424,570","2,685",,
5,2021,summer,Seirei Gensouki,Seirei Gensouki: Spirit Chronicles,https://cdn.myanimelist.net/images/anime/1836/116060.jpg,Spirit Chronicles,精霊幻想記,Seirei Gensouki,Seirei Gensouki,Seirei Gensouki,Seirei Gensouki,TV,12,Finished Airing,"Jul 6, 2021 to Sep 21, 2021",Summer 2021,Tuesdays at 02,"MediaNet,       Nippon Columbia,       KlockWorx,       Asmik Ace,       Hobby Japan,       BS Fuji,       Strawberry Meets Pictures,       Crunchyroll,       Kanon Sound,       NichiNare,       Melonbooks,       TMS Music,       CTW","None found, add some",TMS Entertainment,Light novel,"ActionAction,         AdventureAdventure,         FantasyFantasy,         RomanceRomance","HaremHarem,         IsekaiIsekai,         ReincarnationReincarnation",,23 min. per ep.,PG-13 - Teens 13 or older,"7.071 (scored by 213498213,498 users)
      


1
          indicates a weighted score.","#40792

2
    based on the top anime page. Please note that 'Not yet aired' and 'R18+' titles are excluded.",#588,"417,026","3,393",,
6,2021,summer,Kanojo mo Kanojo,"Girlfriend, Girlfriend",https://cdn.myanimelist.net/images/anime/1713/117119.jpg,Kanokano,カノジョも彼女,"Girlfriend, Girlfriend","Girlfriend, Girlfriend","Girlfriend, Girlfriend","Girlfriend, Girlfriend",TV,12,Finished Airing,"Jul 3, 2021 to Sep 18, 2021",Summer 2021,Saturdays at 02,"Mainichi Broadcasting System,       Kodansha,       Half H.P Studio,       Nikkatsu,       NBCUniversal Entertainment Japan,       Forecast Communications,       Myrica Music","None found, add some",Tezuka Productions,Manga,"ComedyComedy,         RomanceRomance","HaremHarem,         SchoolSchool",ShounenShounen,24 min. per ep.,PG-13 - Teens 13 or older,"6.521 (scored by 193932193,932 users)
      


1
          indicates a weighted score.","#69402

2
    based on the top anime page. Please note that 'Not yet aired' and 'R18+' titles are excluded.",#625,"397,835","2,517",,
7,2021,summer,"Tantei wa Mou, Shindeiru.",The Detective Is Already Dead,https://cdn.myanimelist.net/images/anime/1843/115815.jpg,Tanmoshi,探偵はもう、死んでいる。,The Detective Is Already Dead,,,,TV,12,Finished Airing,"Jul 4, 2021 to Sep 19, 2021",Summer 2021,Sundays at 21,"AT-X,       Kadokawa Media House,       Kadokawa,       INCS toenter",Funimation,ENGI,Light novel,"ComedyComedy,         MysteryMystery,         RomanceRomance",,,25 min. per ep.,PG-13 - Teens 13 or older,"6.411 (scored by 148784148,784 users)
      


1
          indicates a weighted score.","#76682

2
    based on the top anime page. Please note that 'Not yet aired' and 'R18+' titles are excluded.",#643,"390,257","3,194",DetectiveDetective,
8,2021,summer,Bokutachi no Remake,Remake Our Life!,https://cdn.myanimelist.net/images/anime/1871/118309.jpg,Bokurema,ぼくたちのリメイク,Remake Our Life!,Remake Our Life!,Remake our Life!,Remake Our Life!,TV,12,Finished Airing,"Jul 3, 2021 to Sep 25, 2021",Summer 2021,Saturdays at 21,"Studio Mausu,       bilibili,       Bushiroad Music,       DMM pictures,       Front Wing,       Bushiroad Move","None found, add some",feel.,Light novel,"DramaDrama,         RomanceRomance","Adult CastAdult Cast,         Time TravelTime Travel",,25 min. per ep.,PG-13 - Teens 13 or older,"7.391 (scored by 167473167,473 users)
      


1
          indicates a weighted score.","#24212

2
    based on the top anime page. Please note that 'Not yet aired' and 'R18+' titles are excluded.",#697,"361,603","2,456",,
9,2021,summer,Sonny Boy,,https://cdn.myanimelist.net/images/anime/1509/117149.jpg,,Sonny Boy (サニーボーイ),Sonny Boy,,,,TV,12,Finished Airing,"Jul 16, 2021 to Oct 1, 2021",Summer 2021,Fridays at 00,"Shochiku,       Marui Group,       BS Asahi",Funimation,Madhouse,Original,"Award WinningAward Winning,         MysteryMystery","IsekaiIsekai,         Super PowerSuper Power",,24 min. per ep.,PG-13 - Teens 13 or older,"7.821 (scored by 121516121,516 users)
      


1
          indicates a weighted score.","#10002

2
    based on the top anime page. Please note that 'Not yet aired' and 'R18+' titles are excluded.",#755,"339,214","7,654",,
10,2021,summer,Shinigami Bocchan to Kuro Maid,The Duke of Death and His Maid,https://cdn.myanimelist.net/images/anime/1471/115593.jpg,Young Master the Grim Reaper and the Black Maid,死神坊ちゃんと黒メイド,The Duke of Death and His Maid,,,,TV,12,Finished Airing,"Jul 4, 2021 to Sep 19, 2021",Summer 2021,Sundays at 22,"Shogakukan-Shueisha Productions,       Shogakukan Music & Digital Entertainment,       NBCUniversal Entertainment Japan,       BS11,       Shogakukan,       Yomiuri TV Enterprise,       Bandai Spirits",Funimation,J.C.Staff,Web manga,"ComedyComedy,         FantasyFantasy,         RomanceRomance","Love Status QuoLove Status Quo,         Urban FantasyUrban Fantasy",,24 min. per ep.,PG-13 - Teens 13 or older,"7.591 (scored by 101770101,770 users)
      


1
          indicates a weighted score.","#16162

2
    based on the top anime page. Please note that 'Not yet aired' and 'R18+' titles are excluded.",#982,"264,981","1,738",,
11,2021,summer,Jahy-sama wa Kujikenai!,The Great Jahy Will Not Be Defeated!,https://cdn.myanimelist.net/images/anime/1154/115599.jpg,Jahy-sama Won't Be Discouraged!,ジャヒー様はくじけない！,The Great Jahy Will Not Be Defeated!,,,,TV,20,Finished Airing,"Aug 1, 2021 to Dec 19, 2021",Summer 2021,Sundays at 02,"Square Enix,       Medicos Entertainment,       King Records,       Nagoya Broadcasting Network,       ABC Animation,       DMM pictures","None found, add some",SILVER LINK.,Manga,"ComedyComedy,         SupernaturalSupernatural",,ShounenShounen,23 min. per ep.,PG-13 - Teens 13 or older,"7.011 (scored by 8955889,558 users)
      


1
          indicates a weighted score.","#43252

2
    based on the top anime page. Please note that 'Not yet aired' and 'R18+' titles are excluded.",#1006,"258,555","1,443",,
12,2021,summer,Otome Game no Hametsu Flag shika Nai Akuyaku Reijou ni Tensei shiteshimatta... X,My Next Life as a Villainess: All Routes Lead to Doom! X,https://cdn.myanimelist.net/images/anime/1088/116439.jpg,"Hamefura X, I Reincarnated into an Otome Game as a Villainess With Only Destruction Flags…, Destruction Flag Otome",乙女ゲームの破滅フラグしかない悪役令嬢に転生してしまった…X,My Next Life as a Villainess,My Next Life as a Villainess,My Next Life as a Villainess,My Next Life as a Villainess,TV,12,Finished Airing,"Jul 3, 2021 to Sep 18, 2021",Summer 2021,Saturdays at 01,Nichion,"None found, add some",SILVER LINK.,Light novel,"ComedyComedy,         FantasyFantasy,         RomanceRomance","IsekaiIsekai,         Reverse HaremReverse Harem,         SchoolSchool,         VillainessVillainess",ShoujoShoujo,23 min. per ep.,PG-13 - Teens 13 or older,"7.261 (scored by 111912111,912 users)
      


1
          indicates a weighted score.","#30702

2
    based on the top anime page. Please note that 'Not yet aired' and 'R18+' titles are excluded.",#1018,"256,322","1,078",,
13,2021,summer,Uramichi Oniisan,Life Lessons with Uramichi-Oniisan,https://cdn.myanimelist.net/images/anime/1126/115635.jpg,,うらみちお兄さん,Life Lessons with Uramichi-Oniisan,,,,TV,13,Finished Airing,"Jul 6, 2021 to Sep 28, 2021",Summer 2021,Tuesdays at 01,"WOWOW,       Movic,       KlockWorx,       King Records,       Ichijinsha,       Marui Group,       Bit grooove promotion",Funimation,Studio Blanc.,Web manga,,"Adult CastAdult Cast,         Gag HumorGag Humor,         ShowbizShowbiz,         WorkplaceWorkplace",,23 min. per ep.,PG-13 - Teens 13 or older,"7.701 (scored by 9728897,288 users)
      


1
          indicates a weighted score.","#13072

2
    based on the top anime page. Please note that 'Not yet aired' and 'R18+' titles are excluded.",#1030,"251,243","2,536",,ComedyComedy
14,2021,summer,Meikyuu Black Company,The Dungeon of Black Company,https://cdn.myanimelist.net/images/anime/1753/116290.jpg,,迷宮ブラックカンパニー,The Dungeon of Black Company,,,,TV,12,Finished Airing,"Jul 9, 2021 to Sep 24, 2021",Summer 2021,Fridays at 22,"Toy's Factory,       ABC Animation,       Jinnan Studio,       Kadokawa",Funimation,SILVER LINK.,Web manga,"ComedyComedy,         FantasyFantasy",,,23 min. per ep.,PG-13 - Teens 13 or older,"7.221 (scored by 107437107,437 users)
      


1
          indicates a weighted score.","#32392

2
    based on the top anime page. Please note that 'Not yet aired' and 'R18+' titles are excluded.",#1082,"239,767",863,IsekaiIsekai,
15,2021,summer,Deatte 5-byou de Battle,Battle Game in 5 Seconds,https://cdn.myanimelist.net/images/anime/1145/115565.jpg,"Dea5, Battle in 5 seconds after meeting.",出会って5秒でバトル,Battle Game in 5 Seconds,Battle Game in 5 Seconds,Battle Game in 5 Seconds,Battle Game in 5 Seconds,TV,12,Finished Airing,"Jul 13, 2021 to Sep 28, 2021",Summer 2021,Tuesdays at 00,"Shogakukan-Shueisha Productions,       Pony Canyon,       Bushiroad,       Studio A-CAT,       Tokyo MX,       Fields,       Kansai Telecasting,       BS11,       Bandai Spirits","None found, add some","SynergySP,       Vega Entertainment",Web manga,"ActionAction,         SuspenseSuspense","High Stakes GameHigh Stakes Game,         Strategy GameStrategy Game,         Super PowerSuper Power,         SurvivalSurvival",,23 min. per ep.,R - 17+ (violence & profanity),"6.751 (scored by 105227105,227 users)
      


1
          indicates a weighted score.","#55972

2
    based on the top anime page. Please note that 'Not yet aired' and 'R18+' titles are excluded.",#1171,"222,346",934,,
16,2021,summer,Megami-ryou no Ryoubo-kun.,Mother of the Goddess' Dormitory,https://cdn.myanimelist.net/images/anime/1436/116410.jpg,,女神寮の寮母くん。,Mother of the Goddess' Dormitory,,,,TV,10,Finished Airing,"Jul 14, 2021 to Sep 15, 2021",Summer 2021,Wednesdays at 23,"AT-X,       Kadokawa Media House,       Kadokawa",Sentai Filmworks,asread.,Manga,"ComedyComedy,         RomanceRomance,         EcchiEcchi",,ShounenShounen,24 min. per ep.,R+ - Mild Nudity,"6.501 (scored by 8458784,587 users)
      


1
          indicates a weighted score.","#70532

2
    based on the top anime page. Please note that 'Not yet aired' and 'R18+' titles are excluded.",#1217,"211,747","1,285",HaremHarem,
17,2021,summer,Heion Sedai no Idaten-tachi,The Idaten Deities Know Only Peace,https://cdn.myanimelist.net/images/anime/1293/115173.jpg,Idaten Deities in the Peaceful Generation,平穏世代の韋駄天達,The Idaten Deities Know Only Peace,The Idaten Deities Know Only Peace,The Idaten Deities Know Only Peace,The Idaten Deities Know Only Peace,TV,11,Finished Airing,"Jul 23, 2021 to Sep 28, 2021",Summer 2021,Fridays at 00,"Aniplex,       Dentsu,       Hakusensha,       Fuji TV,       GREE Entertainment","None found, add some",MAPPA,Manga,"ActionAction,         AdventureAdventure,         FantasyFantasy",,SeinenSeinen,22 min. per ep.,R - 17+ (violence & profanity),"7.611 (scored by 8040080,400 users)
      


1
          indicates a weighted score.","#15532

2
    based on the top anime page. Please note that 'Not yet aired' and 'R18+' titles are excluded.",#1278,"199,939","1,630",MythologyMythology,
18,2021,summer,Peach Boy Riverside,,https://cdn.myanimelist.net/images/anime/1535/115023.jpg,,ピーチボーイリバーサイド,Peach Boy Riverside,,,,TV,12,Finished Airing,"Jul 1, 2021 to Sep 16, 2021",Summer 2021,Thursdays at 22,"VAP,       Sotsu,       Kodansha,       KlockWorx,       Tokyo MX,       Toy's Factory,       Exa International,       BS NTV,       AQUA ARIS,       Bit grooove promotion,       GREE Entertainment,       A3,       jeux d'eau,       Toei Advertising","None found, add some",Asahi Production,Manga,"ActionAction,         AdventureAdventure,         FantasyFantasy",,ShounenShounen,23 min. per ep.,R - 17+ (violence & profanity),"6.241 (scored by 7298672,986 users)
      


1
          indicates a weighted score.","#86412

2
    based on the top anime page. Please note that 'Not yet aired' and 'R18+' titles are excluded.",#1330,"192,019",681,GoreGore,
19,2021,summer,100-man no Inochi no Ue ni Ore wa Tatteiru 2nd Season,I’m Standing on a Million Lives Season 2,https://cdn.myanimelist.net/images/anime/1424/117718.jpg,"I'm standing on 1,000,000 lives. Season 2",100万の命の上に俺は立っている,I’m Standing on a Million Lives Season 2,I'm Standing On A Million Lives Staffel 2,I'm Standing On A Million Lives Temporada 2,I'm Standing On A Million Lives Saison 2,TV,12,Finished Airing,"Jul 10, 2021 to Sep 25, 2021",Summer 2021,Saturdays at 00,Warner Bros. Japan,"None found, add some",Maho Film,Manga,"ActionAction,         AdventureAdventure,         DramaDrama,         FantasyFantasy",,ShounenShounen,23 min. per ep.,PG-13 - Teens 13 or older,"6.791 (scored by 8253682,536 users)
      


1
          indicates a weighted score.","#53982

2
    based on the top anime page. Please note that 'Not yet aired' and 'R18+' titles are excluded.",#1431,"176,078",636,IsekaiIsekai,
20,2021,summer,Shiroi Suna no Aquatope,The Aquatope on White Sand,https://cdn.myanimelist.net/images/anime/1932/114952.jpg,Aquatope of White Sand,白い砂のアクアトープ,The Aquatope on White Sand,The Aquatope On The White Sand,The Aquatope on White Sand,The Aquatope On White Sand,TV,24,Finished Airing,"Jul 9, 2021 to Dec 17, 2021",Summer 2021,Fridays at 00,"BS Fuji,       Tokyo MX,       Infinite,       Forecast Communications,       Kadokawa Media House,       DMM pictures,       Bandai Namco Arts,       AQUA ARIS","None found, add some",P.A. Works,Original,,,,23 min. per ep.,PG-13 - Teens 13 or older,"7.511 (scored by 5331953,319 users)
      


1
          indicates a weighted score.","#19032

2
    based on the top anime page. Please note that 'Not yet aired' and 'R18+' titles are excluded.",#1435,"175,827","1,409",WorkplaceWorkplace,DramaDrama
21,2021,summer,Cheat Kusushi no Slow Life: Isekai ni Tsukurou Drugstore,Drug Store in Another World: The Slow Life of a Cheat Pharmacist,https://cdn.myanimelist.net/images/anime/1787/115817.jpg,Cheat Pharmacist's Slow Life,チート薬師のスローライフ～異世界に作ろうドラッグストア～,Drug Store in Another World,Drug Store in Another World,Drug Store in Another World,Drug Store in Another World,TV,12,Finished Airing,"Jul 7, 2021 to Sep 22, 2021",Summer 2021,Wednesdays at 22,"Studio Mausu,       BS11,       Crunchyroll,       Yomiuri TV Enterprise,       NichiNare,       Live Viewing Japan,       Bandai Namco Arts,       Video Market,       MediaNet Pictures,       Tohjak,       Hifumi Shobo","None found, add some",EMT Squared,Light novel,"ComedyComedy,         FantasyFantasy","IsekaiIsekai,         MedicalMedical",,23 min. per ep.,PG-13 - Teens 13 or older,"6.451 (scored by 6030760,307 users)
      


1
          indicates a weighted score.","#73712

2
    based on the top anime page. Please note that 'Not yet aired' and 'R18+' titles are excluded.",#1600,"155,721",623,,
22,2021,summer,Re-Main,,https://cdn.myanimelist.net/images/anime/1838/114857.jpg,,RE-MAIN（リメイン）,Re-Main,,,,TV,12,Finished Airing,"Jul 4, 2021 to Oct 3, 2021",Summer 2021,Sundays at 01,Bandai Namco Arts,Funimation,MAPPA,Original,,"SchoolSchool,         Team SportsTeam Sports",,23 min. per ep.,PG-13 - Teens 13 or older,"7.191 (scored by 5376153,761 users)
      


1
          indicates a weighted score.","#34112

2
    based on the top anime page. Please note that 'Not yet aired' and 'R18+' titles are excluded.",#1709,"142,296",873,,SportsSports
23,2021,summer,Mahouka Koukou no Yuutousei,The Honor Student at Magic High School,https://cdn.myanimelist.net/images/anime/1719/116262.jpg,,魔法科高校の優等生,The Honor Student at Magic High School,,,,TV,13,Finished Airing,"Jul 3, 2021 to Sep 25, 2021",Summer 2021,Saturdays at 23,Aniplex,Aniplex of America,Connect,Manga,"FantasyFantasy,         Sci-FiSci-Fi","SchoolSchool,         Urban FantasyUrban Fantasy",,23 min. per ep.,PG-13 - Teens 13 or older,"6.681 (scored by 4463544,635 users)
      


1
          indicates a weighted score.","#60102

2
    based on the top anime page. Please note that 'Not yet aired' and 'R18+' titles are excluded.",#1731,"139,797",734,,
24,2021,summer,Higurashi no Naku Koro ni Sotsu,Higurashi: When They Cry – SOTSU,https://cdn.myanimelist.net/images/anime/1083/115046.jpg,"When the Cicadas Cry, The Moment the Cicadas Cry",ひぐらしのなく頃に卒,Higurashi,,,,TV,15,Finished Airing,"Jul 1, 2021 to Sep 30, 2021",Summer 2021,Thursdays at 23,"None found, add some",Funimation,Passione,Visual novel,"HorrorHorror,         MysteryMystery,         SuspenseSuspense","GoreGore,         PsychologicalPsychological",,23 min. per ep.,R - 17+ (violence & profanity),"6.731 (scored by 4876448,764 users)
      


1
          indicates a weighted score.","#57522

2
    based on the top anime page. Please note that 'Not yet aired' and 'R18+' titles are excluded.",#1958,"118,917",787,,
25,2021,summer,Scarlet Nexus,,https://cdn.myanimelist.net/images/anime/1314/116004.jpg,,SCARLET NEXUS,Scarlet Nexus,,,,TV,26,Finished Airing,"Jul 1, 2021 to Dec 23, 2021",Summer 2021,Thursdays at 22,"Sunrise Music,       Bandai Namco Arts",Funimation,Sunrise,Game,"ActionAction,         Sci-FiSci-Fi","MilitaryMilitary,         Super PowerSuper Power",,24 min. per ep.,PG-13 - Teens 13 or older,"5.711 (scored by 2763427,634 users)
      


1
          indicates a weighted score.","#113012

2
    based on the top anime page. Please note that 'Not yet aired' and 'R18+' titles are excluded.",#2199,"101,733",501,,
26,2021,summer,Kageki Shoujo!!,Kageki Shojo!!,https://cdn.myanimelist.net/images/anime/1944/114427.jpg,"The Curtain Rises, Opera Girl!",かげきしょうじょ!!,Kageki Shojo!!,,,,TV,13,Finished Airing,"Jul 4, 2021 to Sep 26, 2021",Summer 2021,Sundays at 00,"Hakusensha,       King Records",Funimation,PINE JAM,Manga,,"Performing ArtsPerforming Arts,         SchoolSchool",ShoujoShoujo,24 min. per ep.,PG-13 - Teens 13 or older,"7.721 (scored by 2803028,030 users)
      


1
          indicates a weighted score.","#12372

2
    based on the top anime page. Please note that 'Not yet aired' and 'R18+' titles are excluded.",#2396,"88,045",511,,DramaDrama
27,2021,summer,Love Live! Superstar!!,,https://cdn.myanimelist.net/images/anime/1758/115692.jpg,,ラブライブ！スーパースター!!,Love Live! SuperStar!!,,,,TV,12,Finished Airing,"Jul 11, 2021 to Oct 17, 2021",Summer 2021,Sundays at 19,"Kadokawa,       Bandai Namco Arts",Funimation,Sunrise,Other,,"Idols (Female)Idols (Female),         MusicMusic,         SchoolSchool",,23 min. per ep.,PG-13 - Teens 13 or older,"7.921 (scored by 2865928,659 users)
      


1
          indicates a weighted score.","#7892

2
    based on the top anime page. Please note that 'Not yet aired' and 'R18+' titles are excluded.",#2673,"73,961","1,123",,Slice of LifeSlice of Life
28,2021,summer,Magia Record: Mahou Shoujo Madoka☆Magica Gaiden 2nd Season - Kakusei Zenya,Magia Record: Puella Magi Madoka Magica Side Story Season 2 - The Eve of Awakening,https://cdn.myanimelist.net/images/anime/1919/116424.jpg,,マギアレコード 魔法少女まどか☆マギカ外伝 2nd SEASON -覚醒前夜-,Magia Record,Magia Record,Magia Record,Magia Record,TV,8,Finished Airing,"Aug 1, 2021 to Sep 26, 2021",Summer 2021,Sundays at 00,"Aniplex,       Houbunsha,       f4samurai",Aniplex of America,Shaft,Game,"DramaDrama,         SuspenseSuspense","Mahou ShoujoMahou Shoujo,         PsychologicalPsychological",,23 min. per ep.,PG-13 - Teens 13 or older,"7.001 (scored by 2136221,362 users)
      


1
          indicates a weighted score.","#43922

2
    based on the top anime page. Please note that 'Not yet aired' and 'R18+' titles are excluded.",#2785,"69,348",448,,
29,2021,summer,Night Head 2041,,https://cdn.myanimelist.net/images/anime/1819/116662.jpg,,NIGHT HEAD 2041,Night Head 2041,,,,TV,12,Finished Airing,"Jul 15, 2021 to Sep 30, 2021",Summer 2021,Thursdays at 00,"Fuji TV,       Slow Curve,       BS Fuji,       Hakuhodo DY Media Partners,       Office ENDLESS","None found, add some",Shirogumi,Other,"DramaDrama,         MysteryMystery,         Sci-FiSci-Fi,         SuspenseSuspense","PsychologicalPsychological,         Super PowerSuper Power",,22 min. per ep.,R - 17+ (violence & profanity),"6.501 (scored by 1047910,479 users)
      


1
          indicates a weighted score.","#70572

2
    based on the top anime page. Please note that 'Not yet aired' and 'R18+' titles are excluded.",#3453,"46,512",313,,
30,2021,summer,D_Cide Traumerei the Animation,,https://cdn.myanimelist.net/images/anime/1635/117200.jpg,"DCTM, Toromera",D_CIDE TRAUMEREI（ディーサイドトロイメライ）,D_Cide Traumerei the Animation,,,,TV,13,Finished Airing,"Jul 10, 2021 to Oct 2, 2021",Summer 2021,Saturdays at 22,"Bushiroad,       Bit grooove promotion","None found, add some",SANZIGEN,Mixed media,"ActionAction,         DramaDrama,         FantasyFantasy",,,23 min. per ep.,PG-13 - Teens 13 or older,"5.811 (scored by 66856,685 users)
      


1
          indicates a weighted score.","#108972

2
    based on the top anime page. Please note that 'Not yet aired' and 'R18+' titles are excluded.",#4637,"25,511",107,,
31,2021,summer,IDOLiSH7 Third Beat!,,https://cdn.myanimelist.net/images/anime/1646/115723.jpg,"IDOLiSH7 3rd Season, Idolish Seven 3rd Season",アイドリッシュセブン Third BEAT!,IDOLISH7 Third BEAT!,,IDOLiSH7,,TV,13,Finished Airing,"Jul 4, 2021 to Sep 26, 2021",Summer 2021,Sundays at 22,Lantis,"None found, add some",TROYCA,Game,,"Idols (Male)Idols (Male),         MusicMusic",,24 min. per ep.,PG-13 - Teens 13 or older,"8.231 (scored by 83508,350 users)
      


1
          indicates a weighted score.","#3652

2
    based on the top anime page. Please note that 'Not yet aired' and 'R18+' titles are excluded.",#4708,"24,625",391,,DramaDrama
32,2021,summer,"Ore, Tsushima","I, Tsushima",https://cdn.myanimelist.net/images/anime/1916/112514.jpg,I am Tsushima,俺、つしま,"I, Tsushima",,,,TV,12,Finished Airing,"Jul 2, 2021 to Sep 18, 2021",Summer 2021,Saturdays at 01,Asmik Ace,"None found, add some","Fanworks,       Space Neko Company",Manga,"ComedyComedy,         Slice of LifeSlice of Life",,SeinenSeinen,1 min. per ep.,PG-13 - Teens 13 or older,"6.941 (scored by 83778,377 users)
      


1
          indicates a weighted score.","#46372

2
    based on the top anime page. Please note that 'Not yet aired' and 'R18+' titles are excluded.",#5151,"19,772",172,PetsPets,
33,2021,summer,Yami Shibai 9,Theatre of Darkness: Yamishibai 9,https://cdn.myanimelist.net/images/anime/1880/115566.jpg,Yamishibai,闇芝居 九期,Theatre of Darkness,,,,TV,13,Finished Airing,"Jul 12, 2021 to Oct 4, 2021",Summer 2021,Unknown,"None found, add some","None found, add some","ILCA,       DRAWIZ,       yell",Original,"Avant GardeAvant Garde,         HorrorHorror,         SupernaturalSupernatural",,,4 min. per ep.,PG-13 - Teens 13 or older,"5.911 (scored by 52665,266 users)
      


1
          indicates a weighted score.","#104102

2
    based on the top anime page. Please note that 'Not yet aired' and 'R18+' titles are excluded.",#6012,"13,302",40,,
34,2021,summer,Tsukipro The Animation 2,,https://cdn.myanimelist.net/images/anime/1651/116291.jpg,,TSUKIPRO THE ANIMATION 2,,,,,TV,13,Finished Airing,"Jul 7, 2021 to Dec 29, 2021",Summer 2021,Wednesdays at 22,AZ Creative,Sentai Filmworks,PRA,Mixed media,,"Idols (Male)Idols (Male),         MusicMusic",,23 min. per ep.,PG-13 - Teens 13 or older,"6.401 (scored by 13381,338 users)
      


1
          indicates a weighted score.","#76822

2
    based on the top anime page. Please note that 'Not yet aired' and 'R18+' titles are excluded.",#7390,"7,965",49,,
35,2021,summer,Getter Robo Arc,,https://cdn.myanimelist.net/images/anime/1805/116661.jpg,"Getter Robo Āḥ, Getter Robo Ah, Getter Robo Ark",ゲッターロボ アーク,,,,,TV,13,Finished Airing,"Jul 4, 2021 to Sep 26, 2021",Summer 2021,Sundays at 21,"Lantis,       Bandai Namco Arts",Sentai Filmworks,"Bee Media,       Studio A-CAT",Manga,"ActionAction,         Sci-FiSci-Fi",,ShounenShounen,24 min. per ep.,PG-13 - Teens 13 or older,"6.191 (scored by 23722,372 users)
      


1
          indicates a weighted score.","#89062

2
    based on the top anime page. Please note that 'Not yet aired' and 'R18+' titles are excluded.",#8090,"6,380",26,MechaMecha,
36,2021,summer,Pretty All Friends Selection,,https://cdn.myanimelist.net/images/anime/1968/114657.jpg,,プリティーオールフレンズセレクション,,,,,TV,16,Finished Airing,"Jun 6, 2021 to Sep 19, 2021",Summer 2021,Unknown,"None found, add some","None found, add some","None found, add some",Game,"ComedyComedy,         Slice of LifeSlice of Life","Idols (Female)Idols (Female),         MusicMusic",,24 min. per ep.,PG - Children,"6.761 (scored by 218218 users)
      


1
          indicates a weighted score.","#55572

2
    based on the top anime page. Please note that 'Not yet aired' and 'R18+' titles are excluded.",#11620,"2,176",18,,
37,2021,summer,One Piece,,https://cdn.myanimelist.net/images/anime/1244/138851.jpg,OP,ONE PIECE,One Piece,,,,TV,Unknown,Currently Airing,"Oct 20, 1999 to ?",Fall 1999,Sundays at 09,"Fuji TV,       TAP,       Shueisha","Funimation,       4Kids Entertainment",Toei Animation,Manga,"ActionAction,         AdventureAdventure,         FantasyFantasy",,ShounenShounen,24 min.,PG-13 - Teens 13 or older,"8.731 (scored by 14167901,416,790 users)
      


1
          indicates a weighted score.","#502

2
    based on the top anime page. Please note that 'Not yet aired' and 'R18+' titles are excluded.",#17,"2,491,944","234,235",,
38,2021,summer,Tokyo Revengers,,https://cdn.myanimelist.net/images/anime/1839/122012.jpg,,東京リベンジャーズ,Tokyo Revengers,,,,TV,24,Finished Airing,"Apr 11, 2021 to Sep 19, 2021",Spring 2021,Sundays at 02,"Mainichi Broadcasting System,       Pony Canyon,       Kodansha,       AT-X,       Ultra Super Pictures,       Studio Mausu,       Sammy",VIZ Media,LIDENFILMS,Manga,"ActionAction,         DramaDrama","DelinquentsDelinquents,         Time TravelTime Travel",ShounenShounen,23 min. per ep.,R - 17+ (violence & profanity),"7.871 (scored by 731284731,284 users)
      


1
          indicates a weighted score.","#8772

2
    based on the top anime page. Please note that 'Not yet aired' and 'R18+' titles are excluded.",#105,"1,323,564","25,255",,
39,2021,summer,Boku no Hero Academia 5th Season,My Hero Academia Season 5,https://cdn.myanimelist.net/images/anime/1911/113611.jpg,My Hero Academia 5,僕のヒーローアカデミア,My Hero Academia Season 5,My Hero Academia Staffel 5,My Hero Academia Temporada 5,My Hero Academia Saison 5,TV,25,Finished Airing,"Mar 27, 2021 to Sep 25, 2021",Spring 2021,Saturdays at 17,"Dentsu,       Movic,       Sony Music Entertainment,       TOHO animation,       Shueisha",Funimation,Bones,Manga,,"SchoolSchool,         Super PowerSuper Power",ShounenShounen,23 min. per ep.,PG-13 - Teens 13 or older,"7.361 (scored by 647705647,705 users)
      


1
          indicates a weighted score.","#25432

2
    based on the top anime page. Please note that 'Not yet aired' and 'R18+' titles are excluded.",#115,"1,259,149","10,226",,ActionAction
40,2021,summer,Fumetsu no Anata e,To Your Eternity,https://cdn.myanimelist.net/images/anime/1880/118484.jpg,"To You, the Immortal",不滅のあなたへ,To Your Eternity,To Your Eternity,To Your Eternity,To Your Eternity,TV,20,Finished Airing,"Apr 12, 2021 to Aug 30, 2021",Spring 2021,Mondays at 22,"NHK,       Kodansha,       NHK Enterprises",VIZ Media,Brain's Base,Manga,"AdventureAdventure,         DramaDrama,         SupernaturalSupernatural",,ShounenShounen,25 min. per ep.,R - 17+ (violence & profanity),"8.341 (scored by 390320390,320 users)
      


1
          indicates a weighted score.","#2442

2
    based on the top anime page. Please note that 'Not yet aired' and 'R18+' titles are excluded.",#199,"922,273","15,100",,
41,2021,summer,Boruto: Naruto Next Generations,,https://cdn.myanimelist.net/images/anime/1091/99847.jpg,,BORUTO -NARUTO NEXT GENERATIONS-,Boruto,,,,TV,293,Finished Airing,"Apr 5, 2017 to Mar 26, 2023",Spring 2017,Sundays at 17,"TV Tokyo,       Aniplex,       Rakuonsha,       Shueisha",VIZ Media,Pierrot,Manga,"ActionAction,         AdventureAdventure,         FantasyFantasy",,ShounenShounen,23 min. per ep.,PG-13 - Teens 13 or older,"6.001 (scored by 456508456,508 users)
      


1
          indicates a weighted score.","#99122

2
    based on the top anime page. Please note that 'Not yet aired' and 'R18+' titles are excluded.",#208,"894,492","7,375",Martial ArtsMartial Arts,
42,2021,summer,Meitantei Conan,Case Closed,https://cdn.myanimelist.net/images/anime/7/75199.jpg,Detective Conan,名探偵コナン,Case Closed,Case Closed,,,TV,Unknown,Currently Airing,"Jan 8, 1996 to ?",Winter 1996,Saturdays at 18,"Yomiuri Telecasting,       Shogakukan,       Audio Planning U,       Tokyo Movie,       Polydor Records","Funimation,       Crunchyroll",TMS Entertainment,Manga,"AdventureAdventure,         ComedyComedy,         MysteryMystery",,ShounenShounen,24 min.,PG-13 - Teens 13 or older,"8.171 (scored by 164197164,197 users)
      


1
          indicates a weighted score.","#4352

2
    based on the top anime page. Please note that 'Not yet aired' and 'R18+' titles are excluded.",#703,"360,470","15,311",DetectiveDetective,
43,2021,summer,Mairimashita! Iruma-kun 2nd Season,Welcome to Demon School! Iruma-kun Season 2,https://cdn.myanimelist.net/images/anime/1527/113656.jpg,Welcome to Demon School! Iruma-kun 2nd Season,魔入りました！入間くん,Welcome to Demon School! Iruma-kun Season 2,Welcome to Demon School! Iruma-kun Staffel 2,Welcome to Demon School! Iruma-kun Temporada 2,Welcome to Demon School! Iruma-kun Saison 2,TV,21,Finished Airing,"Apr 17, 2021 to Sep 11, 2021",Spring 2021,Saturdays at 17,"NHK,       NHK Enterprises","None found, add some",Bandai Namco Pictures,Manga,"ComedyComedy,         FantasyFantasy",,ShounenShounen,24 min. per ep.,PG-13 - Teens 13 or older,"8.031 (scored by 171851171,851 users)
      


1
          indicates a weighted score.","#6212

2
    based on the top anime page. Please note that 'Not yet aired' and 'R18+' titles are excluded.",#735,"345,236","2,431",SchoolSchool,
44,2021,summer,Shaman King (2021),,https://cdn.myanimelist.net/images/anime/1416/113270.jpg,,SHAMAN KING,,Shaman King,Shaman King,Shaman King,TV,52,Finished Airing,"Apr 1, 2021 to Apr 21, 2022",Spring 2021,Thursdays at 17,TV Tokyo,"None found, add some",Bridge,Manga,"ActionAction,         AdventureAdventure,         SupernaturalSupernatural",,ShounenShounen,23 min. per ep.,PG-13 - Teens 13 or older,"6.901 (scored by 7711877,118 users)
      


1
          indicates a weighted score.","#48272

2
    based on the top anime page. Please note that 'Not yet aired' and 'R18+' titles are excluded.",#946,"271,882","1,735",,
45,2021,summer,Edens Zero,,https://cdn.myanimelist.net/images/anime/1011/111811.jpg,,EDENS ZERO,Edens Zero,,,,TV,25,Finished Airing,"Apr 11, 2021 to Oct 3, 2021",Spring 2021,Sundays at 00,"Kodansha,       Magic Capsule,       Nippon Television Music","None found, add some",J.C.Staff,Manga,"ActionAction,         AdventureAdventure,         FantasyFantasy,         Sci-FiSci-Fi",,ShounenShounen,23 min. per ep.,PG-13 - Teens 13 or older,"7.261 (scored by 101148101,148 users)
      


1
          indicates a weighted score.","#30292

2
    based on the top anime page. Please note that 'Not yet aired' and 'R18+' titles are excluded.",#953,"270,775","1,961",SpaceSpace,
46,2021,summer,Kingdom 3rd Season,Kingdom: Season 3,https://cdn.myanimelist.net/images/anime/1443/111830.jpg,,キングダム 第3シリーズ,Kingdom,,,,TV,26,Finished Airing,"Apr 6, 2020 to Oct 17, 2021",Spring 2020,Mondays at 00,Shueisha,Funimation,"Pierrot,       Studio Signpost",Manga,,"HistoricalHistorical,         MilitaryMilitary",SeinenSeinen,25 min. per ep.,R - 17+ (violence & profanity),"8.831 (scored by 4576645,766 users)
      


1
          indicates a weighted score.","#302

2
    based on the top anime page. Please note that 'Not yet aired' and 'R18+' titles are excluded.",#2033,"113,997","2,347",,ActionAction
47,2021,summer,Crayon Shin-chan,Shin Chan,https://cdn.myanimelist.net/images/anime/10/59897.jpg,,クレヨンしんちゃん,Shin Chan,Shin Chan,Shin Chan,,TV,Unknown,Currently Airing,"Apr 13, 1992 to ?",Spring 1992,Fridays at 19,TV Asahi,Funimation,Shin-Ei Animation,Manga,"ComedyComedy,         EcchiEcchi",,SeinenSeinen,21 min.,G - All Ages,"7.801 (scored by 4214242,142 users)
      


1
          indicates a weighted score.","#10282

2
    based on the top anime page. Please note that 'Not yet aired' and 'R18+' titles are excluded.",#2398,"87,938","1,329",SchoolSchool,
48,2021,summer,Dragon Quest: Dai no Daibouken (2020),Dragon Quest: The Adventure of Dai,https://cdn.myanimelist.net/images/anime/1499/109126.jpg,Dragon Quest,ドラゴンクエスト ダイの大冒険,Dragon Quest,Dragon Quest,Dragon Quest,Dragon Quest,TV,100,Finished Airing,"Oct 3, 2020 to Oct 22, 2022",Fall 2020,Saturdays at 09,"TV Tokyo,       Square Enix,       Shueisha","None found, add some",Toei Animation,Manga,"ActionAction,         AdventureAdventure,         FantasyFantasy",,ShounenShounen,24 min. per ep.,PG-13 - Teens 13 or older,"7.731 (scored by 2596225,962 users)
      


1
          indicates a weighted score.","#12182

2
    based on the top anime page. Please note that 'Not yet aired' and 'R18+' titles are excluded.",#2613,"76,566",644,,
49,2021,summer,Blue Reflection Ray,,https://cdn.myanimelist.net/images/anime/1634/114551.jpg,,BLUE REFLECTION RAY/澪,Blue Reflection Ray,,,,TV,24,Finished Airing,"Apr 10, 2021 to Sep 25, 2021",Spring 2021,Saturdays at 01,"Mainichi Broadcasting System,       Magic Capsule,       DMM pictures",Funimation,J.C.Staff,Game,,"Mahou ShoujoMahou Shoujo,         SchoolSchool",,24 min. per ep.,PG-13 - Teens 13 or older,"5.861 (scored by 71507,150 users)
      


1
          indicates a weighted score.","#106432

2
    based on the top anime page. Please note that 'Not yet aired' and 'R18+' titles are excluded.",#4198,"31,502",106,,FantasyFantasy
50,2021,summer,Maiko-san Chi no Makanai-san,Kiyo in Kyoto: From the Maiko House,https://cdn.myanimelist.net/images/anime/1355/111545.jpg,The caterer at the Maiko Manor,舞妓さんちのまかないさん,Kiyo in Kyoto,Kiyo in Kyoto,Kiyo in Kyoto,Kiyo in Kyoto,TV,12,Finished Airing,"Feb 25, 2021 to Jan 27, 2022",Winter 2021,Thursdays at 08,"NHK,       NHK Enterprises","None found, add some",J.C.Staff,Manga,"GourmetGourmet,         Slice of LifeSlice of Life","EducationalEducational,         IyashikeiIyashikei,         WorkplaceWorkplace",ShounenShounen,25 min. per ep.,PG-13 - Teens 13 or older,"7.031 (scored by 47014,701 users)
      


1
          indicates a weighted score.","#42532

2
    based on the top anime page. Please note that 'Not yet aired' and 'R18+' titles are excluded.",#5166,"19,674",68,,
51,2021,summer,Yu☆Gi☆Oh! Sevens,Yu-Gi-Oh! Sevens,https://cdn.myanimelist.net/images/anime/1148/106883.jpg,Yuu Gi Ou!,遊☆戯☆王 SEVENS,Yu-Gi-Oh! Sevens,,,,TV,92,Finished Airing,"Apr 4, 2020 to Mar 27, 2022",Spring 2020,Saturdays at 07,"TV Tokyo,       Konami,       Shueisha,       Konami Cross Media NY","None found, add some",Bridge,Card game,"ActionAction,         FantasyFantasy",,ShounenShounen,24 min. per ep.,PG-13 - Teens 13 or older,"6.201 (scored by 49084,908 users)
      


1
          indicates a weighted score.","#88642

2
    based on the top anime page. Please note that 'Not yet aired' and 'R18+' titles are excluded.",#5260,"18,794",88,Strategy GameStrategy Game,
52,2021,summer,Tropical-Rouge! Precure,Tropical-Rouge! Pretty Cure,https://cdn.myanimelist.net/images/anime/1184/110907.jpg,,トロピカル～ジュ！プリキュア,Tropical-Rouge! Pretty Cure,TROPICAL-ROUGE! PRETTY CURE,TROPICAL-ROUGE! PRETTY CURE,TROPICAL-ROUGE! PRETTY CURE,TV,46,Finished Airing,"Feb 28, 2021 to Jan 30, 2022",Winter 2021,Sundays at 08,"ABC Animation,       ADK Emotions","None found, add some",Toei Animation,Original,,,,24 min. per ep.,G - All Ages,"7.391 (scored by 45434,543 users)
      


1
          indicates a weighted score.","#23982

2
    based on the top anime page. Please note that 'Not yet aired' and 'R18+' titles are excluded.",#5864,"14,126",147,Mahou ShoujoMahou Shoujo,ActionAction
53,2021,summer,Sazae-san,Mrs. Sazae,https://cdn.myanimelist.net/images/anime/1008/98996.jpg,,サザエさん,Mrs. Sazae,,,,TV,Unknown,Currently Airing,"Oct 5, 1969 to ?",Fall 1969,Sundays at 18,Fuji TV,"None found, add some",Eiken,4-koma manga,"ComedyComedy,         Slice of LifeSlice of Life",,,24 min.,G - All Ages,"6.141 (scored by 19341,934 users)
      


1
          indicates a weighted score.","#91842

2
    based on the top anime page. Please note that 'Not yet aired' and 'R18+' titles are excluded.",#7123,"8,791",39,,
54,2021,summer,Chibi Maruko-chan (1995),Little Miss Maruko,https://cdn.myanimelist.net/images/anime/1108/100604.jpg,Maruko-chan,ちびまる子ちゃん,Little Miss Maruko,,Chibi Maruko-chan,,TV,Unknown,Currently Airing,"Jan 8, 1995 to ?",Winter 1995,Sundays at 18,"Ajia-do,       Fuji TV,       Sakura Production","None found, add some",Nippon Animation,Manga,,,ShoujoShoujo,23 min.,G - All Ages,"7.341 (scored by 21732,173 users)
      


1
          indicates a weighted score.","#26382

2
    based on the top anime page. Please note that 'Not yet aired' and 'R18+' titles are excluded.",#7913,"6,750",61,SchoolSchool,ComedyComedy
55,2021,summer,Bonobono (TV 2016),Bono Bono,https://cdn.myanimelist.net/images/anime/13/77617.jpg,,ぼのぼの,Bono Bono,Bono Bono,Bono Bono,Bono Bono,TV,Unknown,Currently Airing,"Apr 2, 2016 to ?",Spring 2016,Saturdays at 04,"Fuji TV,       Glovision","None found, add some",Eiken,4-koma manga,"ComedyComedy,         Slice of LifeSlice of Life",,,5 min.,G - All Ages,"6.371 (scored by 759759 users)
      


1
          indicates a weighted score.","#78892

2
    based on the top anime page. Please note that 'Not yet aired' and 'R18+' titles are excluded.",#10226,"3,275",19,AnthropomorphicAnthropomorphic,
56,2021,summer,Shikaru Neko,,https://cdn.myanimelist.net/images/anime/1008/113384.jpg,,しかるねこ,,,,,TV,Unknown,Currently Airing,"Mar 22, 2021 to ?",Spring 2021,Unknown,"None found, add some","None found, add some","None found, add some",Manga,,,,30 sec.,G - All Ages,"N/A1 (scored by - users)
      
1
          indicates a weighted score.","#141872

2
    based on the top anime page. Please note that 'Not yet aired' and 'R18+' titles are excluded.",#11244,"2,432",17,,Slice of LifeSlice of Life
57,2021,summer,Dinosaur Biyori,,https://cdn.myanimelist.net/images/anime/1382/116139.jpg,,ダイナ荘びより,,,,,TV,26,Finished Airing,"Apr 4, 2021 to Sep 26, 2021",Spring 2021,Sundays at 00,"Aniplex,       Sony Music Entertainment,       Sony Creative Products","None found, add some",Fanworks,Original,,,,1 min. per ep.,G - All Ages,"5.971 (scored by 323323 users)
      


1
          indicates a weighted score.","#100492

2
    based on the top anime page. Please note that 'Not yet aired' and 'R18+' titles are excluded.",#11633,"2,166",16,,Slice of LifeSlice of Life
58,2021,summer,Mazica Party,,https://cdn.myanimelist.net/images/anime/1740/113501.jpg,,マジカパーティ,,,,,TV,51,Finished Airing,"Apr 4, 2021 to Mar 27, 2022",Spring 2021,Sundays at 09,"Dentsu,       TV Osaka","None found, add some",OLM,Original,,,,24 min. per ep.,G - All Ages,"5.891 (scored by 263263 users)
      


1
          indicates a weighted score.","#104902

2
    based on the top anime page. Please note that 'Not yet aired' and 'R18+' titles are excluded.",#12206,"1,805",10,Strategy GameStrategy Game,FantasyFantasy
59,2021,summer,Okashi na Sabaku no Suna to Manu,,https://cdn.myanimelist.net/images/anime/1208/111257.jpg,,おかしなさばくのスナとマヌ,,,,,TV,50,Finished Airing,"Feb 14, 2021 to Feb 2, 2022",Winter 2021,Sundays at 03,CHANCE iN,"None found, add some",Kachidoki Studio,Manga,,,,1 min. per ep.,PG - Children,"5.711 (scored by 227227 users)
      


1
          indicates a weighted score.","#113232

2
    based on the top anime page. Please note that 'Not yet aired' and 'R18+' titles are excluded.",#12330,"1,729",6,,ComedyComedy
60,2021,summer,Seizei Ganbare! Mahou Shoujo Kurumi 3rd Season,,https://cdn.myanimelist.net/images/anime/1097/108552.jpg,,せいぜいがんばれ！魔法少女くるみ,,,,,TV,25,Finished Airing,"Oct 7, 2020 to Sep 29, 2021",Fall 2020,Wednesdays at 23,Lantis,"None found, add some",Pie in the sky,Original,,"Mahou ShoujoMahou Shoujo,         ParodyParody",,4 min. per ep.,G - All Ages,"6.301 (scored by 153153 users)
      


1
          indicates a weighted score.","#82712

2
    based on the top anime page. Please note that 'Not yet aired' and 'R18+' titles are excluded.",#13185,"1,333",2,,
61,2021,summer,Kamiusagi Rope: Warau Asa ni wa Fukuraitaru tte Maji ssuka!?,,https://cdn.myanimelist.net/images/anime/6/72182.jpg,Kamiusagi Rope 4,紙兎ロペ 〜笑う朝には福来たるってマジっすか!?,,,,,TV,Unknown,Currently Airing,"Nov 16, 2012 to ?",Fall 2012,Not scheduled once per week,"None found, add some","None found, add some","None found, add some",Original,"ComedyComedy,         Slice of LifeSlice of Life",,,2 min.,G - All Ages,"N/A1 (scored by - users)
      
1
          indicates a weighted score.","#167992

2
    based on the top anime page. Please note that 'Not yet aired' and 'R18+' titles are excluded.",#13282,"1,294",0,,
62,2021,summer,Shiawase Haitatsu Taneko,,https://cdn.myanimelist.net/images/anime/2/28900.jpg,,しあわせ配達おみくじタネコ,,,,,TV,Unknown,Currently Airing,"Mar 26, 2011 to ?",Spring 2011,Not scheduled once per week,"None found, add some","None found, add some",Kachidoki Studio,Original,,,,Unknown,None,"N/A1 (scored by - users)
      
1
          indicates a weighted score.","#141742

2
    based on the top anime page. Please note that 'Not yet aired' and 'R18+' titles are excluded.",#14312,980,4,,ComedyComedy
63,2021,summer,Uchuu Nanchara Kotetsu-kun,Space Academy,https://cdn.myanimelist.net/images/anime/1226/112286.jpg,,宇宙なんちゃらこてつくん,Space Academy,,,,TV,64,Finished Airing,"Apr 7, 2021 to Feb 23, 2023",Spring 2021,Thursdays at 18,"None found, add some","None found, add some",Fanworks,Web manga,"ComedyComedy,         Sci-FiSci-Fi",,,9 min. per ep.,G - All Ages,"N/A1 (scored by - users)
      
1
          indicates a weighted score.","#150872

2
    based on the top anime page. Please note that 'Not yet aired' and 'R18+' titles are excluded.",#14749,873,3,SpaceSpace,
64,2021,summer,Kaoru no Taisetsu na Mono,,https://cdn.myanimelist.net/images/anime/1352/109736.jpg,,カオルの大切なモノ,,,,,TV,50,Finished Airing,"Nov 18, 2020 to Oct 27, 2021",Fall 2020,Wednesdays at 23,CHANCE iN,"None found, add some",Kachidoki Studio,Original,,,,1 min. per ep.,G - All Ages,"N/A1 (scored by - users)
      
1
          indicates a weighted score.","#168212

2
    based on the top anime page. Please note that 'Not yet aired' and 'R18+' titles are excluded.",#15752,658,0,,ComedyComedy
65,2021,summer,Manul no Yuube,,https://cdn.myanimelist.net/images/anime/1980/96936.jpg,,マヌ～ルのゆうべ,,,,,TV,Unknown,Currently Airing,"Nov 11, 2018 to ?",Fall 2018,Sundays at Unknown,NHK,"None found, add some","None found, add some",Web manga,,,,1 min.,PG-13 - Teens 13 or older,"N/A1 (scored by - users)
      
1
          indicates a weighted score.","#175272

2
    based on the top anime page. Please note that 'Not yet aired' and 'R18+' titles are excluded.",#15779,654,1,,Slice of LifeSlice of Life
66,2021,summer,Utau Soccer Panda Mifanda,,https://cdn.myanimelist.net/images/anime/1296/108533.jpg,,歌うサッカーパンダ ミファンダ,,,,,TV,12,Finished Airing,"Apr 2, 2021 to Sep 9, 2021",Spring 2021,Fridays at 03,"None found, add some","None found, add some","None found, add some",Other,,,,7 min. per ep.,G - All Ages,"N/A1 (scored by - users)
      
1
          indicates a weighted score.","#151532

2
    based on the top anime page. Please note that 'Not yet aired' and 'R18+' titles are excluded.",#16976,505,1,MusicMusic,Slice of LifeSlice of Life
67,2021,summer,Shin Nippon History,,https://cdn.myanimelist.net/images/anime/1433/134811.jpg,Shin Nippon History,新ニッポンヒストリー,,,,,TV,Unknown,Currently Airing,"Jan 6, 2020 to ?",Winter 2020,Mondays at 01,"None found, add some","None found, add some","None found, add some",Original,,,,23 min.,G - All Ages,"N/A1 (scored by - users)
      
1
          indicates a weighted score.","#142292

2
    based on the top anime page. Please note that 'Not yet aired' and 'R18+' titles are excluded.",#18532,377,0,HistoricalHistorical,ComedyComedy
68,2021,summer,Kintamani Dog,,https://cdn.myanimelist.net/images/anime/1815/120757.jpg,,キンタマーニドッグ,,,,,TV,50,Finished Airing,"Jan 14, 2021 to Dec 26, 2021",Winter 2021,Unknown,"None found, add some","None found, add some",Kachidoki Studio,Original,,,,1 min. per ep.,G - All Ages,"N/A1 (scored by - users)
      
1
          indicates a weighted score.","#169512

2
    based on the top anime page. Please note that 'Not yet aired' and 'R18+' titles are excluded.",#20666,245,0,,Slice of LifeSlice of Life
69,2021,summer,Ma-eum-uisoli Season 3,The Sound of Your Heart: Season 3,https://cdn.myanimelist.net/images/anime/1655/120892.jpg,,마음의 소리 시즌 3,The Sound of Your Heart,,,,TV,22,Finished Airing,"May 5, 2021 to Sep 29, 2021",Spring 2021,Wednesdays at Unknown,"None found, add some","None found, add some","None found, add some",Web manga,"ComedyComedy,         Slice of LifeSlice of Life",,,Unknown,PG-13 - Teens 13 or older,"N/A1 (scored by - users)
      
1
          indicates a weighted score.","#174272

2
    based on the top anime page. Please note that 'Not yet aired' and 'R18+' titles are excluded.",#20689,244,2,,
70,2021,summer,In:App,,https://cdn.myanimelist.net/images/anime/1671/139079.jpg,,인앱,,,,,TV,56,Finished Airing,"Nov 21, 2020 to Dec 18, 2021",Fall 2020,Unknown,"None found, add some","None found, add some",ANYZAC,Original,"ActionAction,         ComedyComedy",,,7 min. per ep.,G - All Ages,"N/A1 (scored by - users)
      
1
          indicates a weighted score.","#214802

2
    based on the top anime page. Please note that 'Not yet aired' and 'R18+' titles are excluded.",#23685,117,0,AnthropomorphicAnthropomorphic,
