,year,season,jp_title,en_title,img,Japanese,English,Type,Episodes,Status,Aired,Premiered,Broadcast,Producers,Licensors,Studios,Source,Genres,Themes,Demographic,Duration,Rating,Score,Ranked,Popularity,Members,Favorites,Synonyms,German,Spanish,French,Genre,Theme
0,2021,spring,Tokyo Revengers,,https://cdn.myanimelist.net/images/anime/1839/122012.jpg,東京リベンジャーズ,Tokyo Revengers,TV,24,Finished Airing,"Apr 11, 2021 to Sep 19, 2021",Spring 2021,Sundays at 02,"Mainichi Broadcasting System,       Pony Canyon,       Kodansha,       AT-X,       Ultra Super Pictures,       Studio Mausu,       Sammy",VIZ Media,LIDENFILMS,Manga,"ActionAction,         DramaDrama","DelinquentsDelinquents,         Time TravelTime Travel",ShounenShounen,23 min. per ep.,R - 17+ (violence & profanity),"7.871 (scored by 731284731,284 users)
      


1
          indicates a weighted score.","#8772

2
    based on the top anime page. Please note that 'Not yet aired' and 'R18+' titles are excluded.",#105,"1,323,564","25,254",,,,,,
1,2021,spring,Boku no Hero Academia 5th Season,My Hero Academia Season 5,https://cdn.myanimelist.net/images/anime/1911/113611.jpg,僕のヒーローアカデミア,My Hero Academia Season 5,TV,25,Finished Airing,"Mar 27, 2021 to Sep 25, 2021",Spring 2021,Saturdays at 17,"Dentsu,       Movic,       Sony Music Entertainment,       TOHO animation,       Shueisha",Funimation,Bones,Manga,,"SchoolSchool,         Super PowerSuper Power",ShounenShounen,23 min. per ep.,PG-13 - Teens 13 or older,"7.361 (scored by 647705647,705 users)
      


1
          indicates a weighted score.","#25432

2
    based on the top anime page. Please note that 'Not yet aired' and 'R18+' titles are excluded.",#115,"1,259,149","10,226",My Hero Academia 5,My Hero Academia Staffel 5,My Hero Academia Temporada 5,My Hero Academia Saison 5,ActionAction,
2,2021,spring,Fumetsu no Anata e,To Your Eternity,https://cdn.myanimelist.net/images/anime/1880/118484.jpg,不滅のあなたへ,To Your Eternity,TV,20,Finished Airing,"Apr 12, 2021 to Aug 30, 2021",Spring 2021,Mondays at 22,"NHK,       Kodansha,       NHK Enterprises",VIZ Media,Brain's Base,Manga,"AdventureAdventure,         DramaDrama,         SupernaturalSupernatural",,ShounenShounen,25 min. per ep.,R - 17+ (violence & profanity),"8.341 (scored by 390320390,320 users)
      


1
          indicates a weighted score.","#2442

2
    based on the top anime page. Please note that 'Not yet aired' and 'R18+' titles are excluded.",#199,"922,273","15,100","To You, the Immortal",To Your Eternity,To Your Eternity,To Your Eternity,,
3,2021,spring,86,86 Eighty-Six,https://cdn.myanimelist.net/images/anime/1987/117507.jpg,86―エイティシックス―,86 Eighty-Six,TV,11,Finished Airing,"Apr 11, 2021 to Jun 20, 2021",Spring 2021,Sundays at 00,"Aniplex,       Kadokawa,       Bandai Spirits","None found, add some",A-1 Pictures,Light novel,"ActionAction,         DramaDrama,         Sci-FiSci-Fi","MechaMecha,         MilitaryMilitary",,23 min. per ep.,R - 17+ (violence & profanity),"8.321 (scored by 446396446,396 users)
      


1
          indicates a weighted score.","#2582

2
    based on the top anime page. Please note that 'Not yet aired' and 'R18+' titles are excluded.",#224,"860,299","23,174",Eighty Six,86 Eighty-Six,86 Eighty-Six,86 Eighty-Six,,
4,2021,spring,"Ijiranaide, Nagatoro-san","Don't Toy with Me, Miss Nagatoro",https://cdn.myanimelist.net/images/anime/1900/110097.jpg,イジらないで、長瀞さん,"Don't Toy with Me, Miss Nagatoro",TV,12,Finished Airing,"Apr 11, 2021 to Jun 27, 2021",Spring 2021,Sundays at 01,"TMS Entertainment,       Mainichi Broadcasting System,       Kodansha,       King Records","None found, add some",Telecom Animation Film,Web manga,"ComedyComedy,         RomanceRomance","Love Status QuoLove Status Quo,         SchoolSchool",,23 min. per ep.,PG-13 - Teens 13 or older,"7.221 (scored by 455946455,946 users)
      


1
          indicates a weighted score.","#32742

2
    based on the top anime page. Please note that 'Not yet aired' and 'R18+' titles are excluded.",#238,"840,873","8,953","Please don't bully me, Nagatoro","Don´t Toy with Me, Miss Nagatoro","Don´t Toy with Me, Miss Nagatoro","Arrête de me chauffer, Nagatoro",,
5,2021,spring,Hige wo Soru. Soshite Joshikousei wo Hirou.,"Higehiro: After Being Rejected, I Shaved and Took in a High School Runaway",https://cdn.myanimelist.net/images/anime/1146/113477.jpg,ひげを剃る。そして女子高生を拾う。,Higehiro,TV,13,Finished Airing,"Apr 5, 2021 to Jun 28, 2021",Spring 2021,Mondays at 22,"Toei Video,       Pony Canyon,       AT-X,       Magic Capsule,       KlockWorx,       Hakuhodo DY Music & Pictures,       BS11,       Kadokawa,       Yomiuri Shimbun,       APDREAM,       Dream Shift,       Bergamo","None found, add some",Project No.9,Light novel,"DramaDrama,         RomanceRomance",,,23 min. per ep.,PG-13 - Teens 13 or older,"7.271 (scored by 343249343,249 users)
      


1
          indicates a weighted score.","#30172

2
    based on the top anime page. Please note that 'Not yet aired' and 'R18+' titles are excluded.",#357,"641,172","6,287","I Shaved. Then I Brought a High School Girl Home., Higehiro",Higehiro,Higehiro,Higehiro,,
6,2021,spring,Vivy: Fluorite Eye's Song,Vivy -Fluorite Eye's Song-,https://cdn.myanimelist.net/images/anime/1551/128960.jpg,Vivy -Fluorite Eye's Song- (ヴィヴィ -フローライトアイズソング-),Vivy -Fluorite Eye's Song-,TV,13,Finished Airing,"Apr 3, 2021 to Jun 19, 2021",Spring 2021,Saturdays at 23,Aniplex,Aniplex of America,Wit Studio,Original,"ActionAction,         Sci-FiSci-Fi,         SuspenseSuspense","MusicMusic,         Time TravelTime Travel",,24 min. per ep.,R - 17+ (violence & profanity),"8.391 (scored by 256981256,981 users)
      


1
          indicates a weighted score.","#2052

2
    based on the top anime page. Please note that 'Not yet aired' and 'R18+' titles are excluded.",#412,"570,600","11,140",,Vivy - Fluorite Eye´s Song -,,Vivy - Fluorite Eye´s Song -,,
7,2021,spring,Fruits Basket: The Final,Fruits Basket: The Final Season,https://cdn.myanimelist.net/images/anime/1085/114792.jpg,フルーツバスケット The Final,Fruits Basket,TV,13,Finished Airing,"Apr 6, 2021 to Jun 29, 2021",Spring 2021,Tuesdays at 01,"TV Tokyo,       TV Osaka,       Nihon Ad Systems,       Hakusensha,       Avex Pictures,       TMS Music,       8PAN",Funimation,TMS Entertainment,Manga,"DramaDrama,         RomanceRomance,         SupernaturalSupernatural",,ShoujoShoujo,23 min. per ep.,PG-13 - Teens 13 or older,"8.961 (scored by 255908255,908 users)
      


1
          indicates a weighted score.","#152

2
    based on the top anime page. Please note that 'Not yet aired' and 'R18+' titles are excluded.",#460,"514,864","20,749","Fruits Basket 3rd Season, Fruits Basket (2019) 3rd Season, Furuba",Fruits Basket Staffel 3,Fruits Basket,Fruits Basket Saison 3,,
8,2021,spring,Odd Taxi,,https://cdn.myanimelist.net/images/anime/1981/113348.jpg,オッドタクシー,Odd Taxi,TV,13,Finished Airing,"Apr 6, 2021 to Jun 29, 2021",Spring 2021,Tuesdays at 02,"TV Tokyo,       Dentsu,       Pony Canyon,       AT-X,       Crunchyroll,       Pony Canyon Enterprises,       Mimoid,       Yoshimoto Kogyo","None found, add some","OLM,       P.I.C.S.",Original,"Award WinningAward Winning,         DramaDrama,         MysteryMystery,         SuspenseSuspense","Adult CastAdult Cast,         AnthropomorphicAnthropomorphic,         Organized CrimeOrganized Crime",,23 min. per ep.,PG-13 - Teens 13 or older,"8.651 (scored by 230957230,957 users)
      


1
          indicates a weighted score.","#782

2
    based on the top anime page. Please note that 'Not yet aired' and 'R18+' titles are excluded.",#515,"466,997","8,716",,,,,,
9,2021,spring,Isekai Maou to Shoukan Shoujo no Dorei Majutsu Ω,How Not to Summon a Demon Lord Ω,https://cdn.myanimelist.net/images/anime/1011/113703.jpg,異世界魔王と召喚少女の奴隷魔術Ω,How Not to Summon a Demon Lord Ω,TV,10,Finished Airing,"Apr 9, 2021 to Jun 11, 2021",Spring 2021,Fridays at 01,"TBS,       Kodansha,       Half H.P Studio,       KlockWorx,       81 Produce,       Avex Pictures,       Crunchyroll,       GREE",Funimation,"Tezuka Productions,       Okuruto Noboru",Light novel,"ActionAction,         ComedyComedy,         FantasyFantasy,         RomanceRomance,         EcchiEcchi","HaremHarem,         IsekaiIsekai",,24 min. per ep.,PG-13 - Teens 13 or older,"6.691 (scored by 198414198,414 users)
      


1
          indicates a weighted score.","#59582

2
    based on the top anime page. Please note that 'Not yet aired' and 'R18+' titles are excluded.",#559,"439,633","2,750","How Not to Summon a Demon Lord 2nd Season, Isekai Maou to Shoukan Shoujo no Dorei Majutsu 2nd Season, The Otherworldly Demon King and the Summoner Girls' Slave Magic 2nd Season, Isekai Maou to Shoukan Shoujo no Dorei Majutsu Omega",How Not to Summon a Demon Lord Ω,How Not to Summon a Demon Lord Ω,How Not to Summon a Demon Lord Ω,,
10,2021,spring,"Slime Taoshite 300-nen, Shiranai Uchi ni Level Max ni Nattemashita",I've Been Killing Slimes for 300 Years and Maxed Out My Level,https://cdn.myanimelist.net/images/anime/1888/133089.jpg,スライム倒して300年、知らないうちにレベルMAXになってました,I've Been Killing Slimes for 300 Years and Maxed Out My Level,TV,12,Finished Airing,"Apr 10, 2021 to Jun 26, 2021",Spring 2021,Saturdays at 21,"Square Enix,       Movic,       AT-X,       Nippon Columbia,       KlockWorx,       Studio Mausu,       Bushiroad,       Hakuhodo DY Music & Pictures,       Medicos Entertainment,       BS11,       DMM.com,       SB Creative","None found, add some",Revoroot,Light novel,"ComedyComedy,         FantasyFantasy","CGDCTCGDCT,         IsekaiIsekai",,23 min. per ep.,PG-13 - Teens 13 or older,"6.911 (scored by 198342198,342 users)
      


1
          indicates a weighted score.","#47652

2
    based on the top anime page. Please note that 'Not yet aired' and 'R18+' titles are excluded.",#603,"411,542","2,225",Slime 300,I've Been Killing Slimes For 300 Years And Maxed Out My Level,I've Been Killing Slimes For 300 Years And Maxed Out My Level,La Sorcière invincible tueuse de Slime depuis 300 ans,,
11,2021,spring,"Sentouin, Haken shimasu!",Combatants Will Be Dispatched!,https://cdn.myanimelist.net/images/anime/1444/115118.jpg,戦闘員、派遣します！,Combatants Will Be Dispatched!,TV,12,Finished Airing,"Apr 4, 2021 to Jun 20, 2021",Spring 2021,Sundays at 21,"Nippon Columbia,       Kadokawa",Funimation,J.C.Staff,Light novel,"ActionAction,         ComedyComedy,         FantasyFantasy",,,24 min. per ep.,PG-13 - Teens 13 or older,"7.141 (scored by 186661186,661 users)
      


1
          indicates a weighted score.","#36882

2
    based on the top anime page. Please note that 'Not yet aired' and 'R18+' titles are excluded.",#623,"398,127","2,050",,Kombattanten Werden Entsandt!,,,,IsekaiIsekai
12,2021,spring,Tensura Nikki: Tensei shitara Slime Datta Ken,The Slime Diaries,https://cdn.myanimelist.net/images/anime/1458/117607.jpg,転スラ日記 転生したらスライムだった件,The Slime Diaries,TV,12,Finished Airing,"Apr 6, 2021 to Jun 22, 2021",Spring 2021,Tuesdays at 23,"Lantis,       Kodansha,       BS11,       Bandai Namco Arts,       Micro Magazine Publishing,       Bandai Spirits,       Sony Music Solutions,       ADK Marketing Solutions","None found, add some",8bit,Manga,"ComedyComedy,         FantasyFantasy","IsekaiIsekai,         ReincarnationReincarnation",ShounenShounen,23 min. per ep.,PG-13 - Teens 13 or older,"7.591 (scored by 161920161,920 users)
      


1
          indicates a weighted score.","#16172

2
    based on the top anime page. Please note that 'Not yet aired' and 'R18+' titles are excluded.",#699,"360,897","2,111",,The Slime Diaries,The Slime Diaries,The Slime Diaries,,
13,2021,spring,Mairimashita! Iruma-kun 2nd Season,Welcome to Demon School! Iruma-kun Season 2,https://cdn.myanimelist.net/images/anime/1527/113656.jpg,魔入りました！入間くん,Welcome to Demon School! Iruma-kun Season 2,TV,21,Finished Airing,"Apr 17, 2021 to Sep 11, 2021",Spring 2021,Saturdays at 17,"NHK,       NHK Enterprises","None found, add some",Bandai Namco Pictures,Manga,"ComedyComedy,         FantasyFantasy",,ShounenShounen,24 min. per ep.,PG-13 - Teens 13 or older,"8.031 (scored by 171851171,851 users)
      


1
          indicates a weighted score.","#6212

2
    based on the top anime page. Please note that 'Not yet aired' and 'R18+' titles are excluded.",#735,"345,236","2,431",Welcome to Demon School! Iruma-kun 2nd Season,Welcome to Demon School! Iruma-kun Staffel 2,Welcome to Demon School! Iruma-kun Temporada 2,Welcome to Demon School! Iruma-kun Saison 2,,SchoolSchool
14,2021,spring,Osananajimi ga Zettai ni Makenai Love Comedy,Osamake: Romcom Where The Childhood Friend Won't Lose,https://cdn.myanimelist.net/images/anime/1111/113327.jpg,幼なじみが絶対に負けないラブコメ,Osamake,TV,12,Finished Airing,"Apr 14, 2021 to Jun 30, 2021",Spring 2021,Wednesdays at 21,"AT-X,       Delfi Sound,       Sun TV,       Kadokawa","None found, add some",Doga Kobo,Light novel,"ComedyComedy,         RomanceRomance","HaremHarem,         SchoolSchool",,23 min. per ep.,PG-13 - Teens 13 or older,"6.071 (scored by 123521123,521 users)
      


1
          indicates a weighted score.","#95742

2
    based on the top anime page. Please note that 'Not yet aired' and 'R18+' titles are excluded.",#922,"279,689","1,658","The Romcom Where The Childhood Friend Won't Lose!, Osamake",Osamake,Osamake,Osamake,,
15,2021,spring,Shaman King (2021),,https://cdn.myanimelist.net/images/anime/1416/113270.jpg,SHAMAN KING,,TV,52,Finished Airing,"Apr 1, 2021 to Apr 21, 2022",Spring 2021,Thursdays at 17,TV Tokyo,"None found, add some",Bridge,Manga,"ActionAction,         AdventureAdventure,         SupernaturalSupernatural",,ShounenShounen,23 min. per ep.,PG-13 - Teens 13 or older,"6.901 (scored by 7711877,118 users)
      


1
          indicates a weighted score.","#48272

2
    based on the top anime page. Please note that 'Not yet aired' and 'R18+' titles are excluded.",#946,"271,882","1,735",,Shaman King,Shaman King,Shaman King,,
16,2021,spring,Edens Zero,,https://cdn.myanimelist.net/images/anime/1011/111811.jpg,EDENS ZERO,Edens Zero,TV,25,Finished Airing,"Apr 11, 2021 to Oct 3, 2021",Spring 2021,Sundays at 00,"Kodansha,       Magic Capsule,       Nippon Television Music","None found, add some",J.C.Staff,Manga,"ActionAction,         AdventureAdventure,         FantasyFantasy,         Sci-FiSci-Fi",,ShounenShounen,23 min. per ep.,PG-13 - Teens 13 or older,"7.261 (scored by 101148101,148 users)
      


1
          indicates a weighted score.","#30292

2
    based on the top anime page. Please note that 'Not yet aired' and 'R18+' titles are excluded.",#953,"270,775","1,961",,,,,,SpaceSpace
17,2021,spring,Yuukoku no Moriarty Part 2,Moriarty the Patriot Part 2,https://cdn.myanimelist.net/images/anime/1200/111522.jpg,憂国のモリアーティ,Moriarty the Patriot Part 2,TV,13,Finished Airing,"Apr 4, 2021 to Jun 27, 2021",Spring 2021,Sundays at 22,"Mainichi Broadcasting System,       Shueisha,       Yomiuri TV Enterprise,       Bandai Namco Arts,       Bandai Spirits",Funimation,Production I.G,Manga,"MysteryMystery,         SuspenseSuspense","Adult CastAdult Cast,         HistoricalHistorical,         Organized CrimeOrganized Crime,         PsychologicalPsychological",ShounenShounen,23 min. per ep.,R - 17+ (violence & profanity),"8.281 (scored by 125968125,968 users)
      


1
          indicates a weighted score.","#3022

2
    based on the top anime page. Please note that 'Not yet aired' and 'R18+' titles are excluded.",#954,"270,556","3,217","Moriarty's Patriotism Part 2, Moriarty the Patriot 2",Moriarty the Patriot Staffel 2,,Moriarty the Patriot Saison 2,,
18,2021,spring,Shadows House,,https://cdn.myanimelist.net/images/anime/1424/113342.jpg,シャドーハウス,Shadows House,TV,13,Finished Airing,"Apr 11, 2021 to Jul 4, 2021",Spring 2021,Sundays at 00,"Aniplex,       WOWOW,       Tokyo MX,       Shueisha,       BS Asahi",Funimation,CloverWorks,Manga,"FantasyFantasy,         MysteryMystery",,SeinenSeinen,23 min. per ep.,PG-13 - Teens 13 or older,"7.801 (scored by 106469106,469 users)
      


1
          indicates a weighted score.","#10362

2
    based on the top anime page. Please note that 'Not yet aired' and 'R18+' titles are excluded.",#986,"264,266","2,196",,,,,,
19,2021,spring,Kyuukyoku Shinka shita Full Dive RPG ga Genjitsu yori mo Kusoge Dattara,Full Dive: The Ultimate Next-Gen Full Dive RPG Is Even Shittier than Real Life!,https://cdn.myanimelist.net/images/anime/1357/113277.jpg,究極進化したフルダイブRPGが現実よりもクソゲーだったら,Full Dive,TV,12,Finished Airing,"Apr 7, 2021 to Jun 23, 2021",Spring 2021,Wednesdays at 22,"AT-X,       Sammy,       Kadokawa Media House,       Kadokawa,       Bit grooove promotion",Funimation,ENGI,Light novel,"ActionAction,         ComedyComedy,         FantasyFantasy",,,23 min. per ep.,PG-13 - Teens 13 or older,"6.471 (scored by 121291121,291 users)
      


1
          indicates a weighted score.","#72552

2
    based on the top anime page. Please note that 'Not yet aired' and 'R18+' titles are excluded.",#988,"263,716","1,146",What If the Ultimately Evolved Full Dive RPG was a Crappier Game than Reality,Full Dive,,,,Video GameVideo Game
20,2021,spring,Koi to Yobu ni wa Kimochi Warui,Koikimo,https://cdn.myanimelist.net/images/anime/1519/110527.jpg,恋と呼ぶには気持ち悪い,Koikimo,TV,12,Finished Airing,"Apr 5, 2021 to Jun 14, 2021",Spring 2021,Mondays at 22,"BS Fuji,       Hokkaido Cultural Broadcasting,       Amusement Media Academy,       Ichijinsha,       Kanetsu Investment,       Sonilude,       Toyo Recording,       BloomZ,       AMG Entertainment,       MediaNet Pictures,       Christmas Holly,       Miyazaki Broadcasting,       C-one","None found, add some",Nomad,Web manga,"ComedyComedy,         RomanceRomance",,,23 min. per ep.,PG-13 - Teens 13 or older,"7.121 (scored by 114254114,254 users)
      


1
          indicates a weighted score.","#38002

2
    based on the top anime page. Please note that 'Not yet aired' and 'R18+' titles are excluded.",#1038,"248,876","1,709",It's Too Sick to Call this Love,Koikimo,Koikimo,Koikimo,,SchoolSchool
21,2021,spring,Zombieland Saga Revenge,,https://cdn.myanimelist.net/images/anime/1118/115156.jpg,ゾンビランドサガ リベンジ,Zombie Land Saga Revenge,TV,12,Finished Airing,"Apr 8, 2021 to Jun 24, 2021",Spring 2021,Thursdays at 23,"AT-X,       Avex Pictures,       CyberAgent,       dugout",Funimation,MAPPA,Original,"ComedyComedy,         SupernaturalSupernatural","Idols (Female)Idols (Female),         MusicMusic,         ParodyParody",,23 min. per ep.,R - 17+ (violence & profanity),"7.991 (scored by 9127691,276 users)
      


1
          indicates a weighted score.","#6762

2
    based on the top anime page. Please note that 'Not yet aired' and 'R18+' titles are excluded.",#1148,"226,562","1,598",Zombieland Saga Second Season,Zombie Land Saga Revenge,Zombieland Saga Revenge,Zombie Land Saga Revenge,,
22,2021,spring,Seijo no Maryoku wa Bannou desu,The Saint's Magic Power is Omnipotent,https://cdn.myanimelist.net/images/anime/1947/114235.jpg,聖女の魔力は万能です,The Saint's Magic Power is Omnipotent,TV,12,Finished Airing,"Apr 6, 2021 to Jun 22, 2021",Spring 2021,Tuesdays at 23,"Lantis,       Kadokawa,       Bit grooove promotion",Funimation,Diomedéa,Light novel,"FantasyFantasy,         RomanceRomance","IsekaiIsekai,         MedicalMedical",,23 min. per ep.,PG-13 - Teens 13 or older,"7.311 (scored by 105419105,419 users)
      


1
          indicates a weighted score.","#27942

2
    based on the top anime page. Please note that 'Not yet aired' and 'R18+' titles are excluded.",#1163,"224,092","1,292",The power of the saint is all around.,The Saint's Magic Power is Omnipotent,The Saint's Magic Power is Omnipotent,The Saint's Magic Power is Omnipotent,,
23,2021,spring,Nomad: Megalo Box 2,Megalobox 2: Nomad,https://cdn.myanimelist.net/images/anime/1190/113352.jpg,NOMAD メガロボクス2,Megalobox 2,TV,13,Finished Airing,"Apr 4, 2021 to Jun 27, 2021",Spring 2021,Sundays at 23,"Kodansha,       Tohokushinsha Film Corporation,       Bandai Namco Arts",Funimation,TMS Entertainment,Original,"Sci-FiSci-Fi,         SportsSports","Adult CastAdult Cast,         Combat SportsCombat Sports",,24 min. per ep.,R - 17+ (violence & profanity),"8.181 (scored by 8709587,095 users)
      


1
          indicates a weighted score.","#4172

2
    based on the top anime page. Please note that 'Not yet aired' and 'R18+' titles are excluded.",#1231,"209,567","2,190",,,,,,
24,2021,spring,Mashiro no Oto,Those Snow White Notes,https://cdn.myanimelist.net/images/anime/1841/111554.jpg,ましろのおと,Those Snow White Notes,TV,12,Finished Airing,"Apr 3, 2021 to Jun 19, 2021",Spring 2021,Saturdays at 02,DMM Music,"None found, add some",Shin-Ei Animation,Manga,,"MusicMusic,         SchoolSchool",ShounenShounen,24 min. per ep.,PG-13 - Teens 13 or older,"7.531 (scored by 6240362,403 users)
      


1
          indicates a weighted score.","#18632

2
    based on the top anime page. Please note that 'Not yet aired' and 'R18+' titles are excluded.",#1605,"155,022",797,,Those Snow White Notes,Those Snow White Notes,Those Snow White Notes,DramaDrama,
25,2021,spring,SSSS.Dynazenon,,https://cdn.myanimelist.net/images/anime/1880/113766.jpg,SSSS.DYNAZENON,SSSS.Dynazenon,TV,12,Finished Airing,"Apr 2, 2021 to Jun 18, 2021",Spring 2021,Fridays at 22,"Mainichi Broadcasting System,       Pony Canyon,       Tsuburaya Productions,       Ultra Super Pictures,       Memory-Tech,       Good Smile Company,       BS11",Funimation,Trigger,Original,"ActionAction,         Sci-FiSci-Fi",,,23 min. per ep.,PG-13 - Teens 13 or older,"7.431 (scored by 4589545,895 users)
      


1
          indicates a weighted score.","#22412

2
    based on the top anime page. Please note that 'Not yet aired' and 'R18+' titles are excluded.",#1732,"139,737",901,,,,,,MechaMecha
26,2021,spring,Mars Red,,https://cdn.myanimelist.net/images/anime/1212/113448.jpg,MARS RED,Mars Red,TV,13,Finished Airing,"Apr 6, 2021 to Jun 29, 2021",Spring 2021,Tuesdays at 01,"VAP,       Yomiuri TV Enterprise,       Pony Canyon Enterprises,       D-techno,       Nihon Keizai Koukokusha",Funimation,Signal.MD,Other,"ActionAction,         SupernaturalSupernatural","Adult CastAdult Cast,         HistoricalHistorical,         MilitaryMilitary,         VampireVampire",,23 min. per ep.,PG-13 - Teens 13 or older,"6.581 (scored by 3730337,303 users)
      


1
          indicates a weighted score.","#65922

2
    based on the top anime page. Please note that 'Not yet aired' and 'R18+' titles are excluded.",#1832,"129,490",597,,,,,,
27,2021,spring,Super Cub,,https://cdn.myanimelist.net/images/anime/1776/111172.jpg,スーパーカブ,Super Cub,TV,12,Finished Airing,"Apr 7, 2021 to Jun 23, 2021",Spring 2021,Wednesdays at 23,"Chiptune,       Kadokawa,       Bandai Namco Arts",Funimation,Studio Kai,Light novel,,"CGDCTCGDCT,         IyashikeiIyashikei,         SchoolSchool",,24 min. per ep.,PG-13 - Teens 13 or older,"7.451 (scored by 4986549,865 users)
      


1
          indicates a weighted score.","#21422

2
    based on the top anime page. Please note that 'Not yet aired' and 'R18+' titles are excluded.",#1916,"122,909","1,043",,,,,Slice of LifeSlice of Life,
28,2021,spring,Bakuten!!,Backflip!!,https://cdn.myanimelist.net/images/anime/1827/113510.jpg,バクテン!!,Backflip!!,TV,12,Finished Airing,"Apr 9, 2021 to Jun 25, 2021",Spring 2021,Fridays at 00,"Aniplex,       Dentsu,       Animax,       Movic,       Fuji TV,       BS Fuji,       Aeon Entertainment","None found, add some",Zexcs,Original,,"Performing ArtsPerforming Arts,         SchoolSchool",,22 min. per ep.,PG-13 - Teens 13 or older,"7.491 (scored by 4052640,526 users)
      


1
          indicates a weighted score.","#19922

2
    based on the top anime page. Please note that 'Not yet aired' and 'R18+' titles are excluded.",#2077,"110,530",924,,Backflip!!,Backflip!!,Backflip!!,SportsSports,
29,2021,spring,Bishounen Tanteidan,Pretty Boy Detective Club,https://cdn.myanimelist.net/images/anime/1693/115133.jpg,美少年探偵団,Pretty Boy Detective Club,TV,12,Finished Airing,"Apr 11, 2021 to Jun 27, 2021",Spring 2021,Sundays at 02,"Aniplex,       Kodansha,       Movic,       Sammy,       ABC Animation",Aniplex of America,Shaft,Novel,,"CrossdressingCrossdressing,         DetectiveDetective,         SchoolSchool,         Visual ArtsVisual Arts",,23 min. per ep.,PG-13 - Teens 13 or older,"7.081 (scored by 3344633,446 users)
      


1
          indicates a weighted score.","#39872

2
    based on the top anime page. Please note that 'Not yet aired' and 'R18+' titles are excluded.",#2128,"105,775",599,Bishounen Series,Pretty Boy Detective Club,,Pretty Boy Detective Club,MysteryMystery,
30,2021,spring,Shakunetsu Kabaddi,Burning Kabaddi,https://cdn.myanimelist.net/images/anime/1936/114022.jpg,灼熱カバディ,Burning Kabaddi,TV,12,Finished Airing,"Apr 3, 2021 to Jun 19, 2021",Spring 2021,Saturdays at 01,TV Tokyo,"None found, add some",TMS Entertainment,Web manga,"ComedyComedy,         SportsSports","SchoolSchool,         Team SportsTeam Sports",,23 min. per ep.,PG-13 - Teens 13 or older,"7.011 (scored by 4201842,018 users)
      


1
          indicates a weighted score.","#43622

2
    based on the top anime page. Please note that 'Not yet aired' and 'R18+' titles are excluded.",#2133,"105,623",749,,Burning Kabaddi,Burning Kabaddi,Burning Kabaddi,,
31,2021,spring,Jouran: The Princess of Snow and Blood,Joran The Princess of Snow and Blood,https://cdn.myanimelist.net/images/anime/1289/115673.jpg,擾乱 THE PRINCESS OF SNOW AND BLOOD,Joran The Princess of Snow and Blood,TV,12,Finished Airing,"Apr 7, 2021 to Jun 23, 2021",Spring 2021,Wednesdays at 01,"Dentsu,       Tatsunoko Production,       Bushiroad,       Nippon Television Network,       Bushiroad Music,       Sonilude,       HJ Holdings,       Bushiroad Move","None found, add some",Bakken Record,Original,"ActionAction,         SupernaturalSupernatural",,,22 min. per ep.,R - 17+ (violence & profanity),"6.111 (scored by 3043330,433 users)
      


1
          indicates a weighted score.","#93102

2
    based on the top anime page. Please note that 'Not yet aired' and 'R18+' titles are excluded.",#2234,"98,823",382,,,,,,HistoricalHistorical
32,2021,spring,Subarashiki Kono Sekai The Animation,The World Ends with You The Animation,https://cdn.myanimelist.net/images/anime/1016/111566.jpg,すばらしきこのせかい The Animation,The World Ends with You The Animation,TV,12,Finished Airing,"Apr 10, 2021 to Jun 26, 2021",Spring 2021,Saturdays at 02,"Dentsu,       Square Enix,       Mainichi Broadcasting System",Funimation,"Shin-Ei Animation,       domerica",Game,"ActionAction,         AdventureAdventure",,,23 min. per ep.,PG-13 - Teens 13 or older,"6.151 (scored by 2322823,228 users)
      


1
          indicates a weighted score.","#91162

2
    based on the top anime page. Please note that 'Not yet aired' and 'R18+' titles are excluded.",#2657,"74,656",329,"It's a Wonderful World, This Wonderful World, Subarashiki Konosekai, Subaseka, TWEWY",The World Ends with You The Animation,,The World Ends with You The Animation,,
33,2021,spring,Godzilla: S.P,Godzilla Singular Point,https://cdn.myanimelist.net/images/anime/1447/114837.jpg,ゴジラ S.P ＜シンギュラポイント＞,Godzilla Singular Point,TV,13,Finished Airing,"Apr 1, 2021 to Jun 24, 2021",Spring 2021,Thursdays at 22,"TOHO animation,       Toho Music","None found, add some","Bones,       Orange",Original,"ActionAction,         Award WinningAward Winning,         MysteryMystery,         Sci-FiSci-Fi",,,23 min. per ep.,PG-13 - Teens 13 or older,"6.651 (scored by 3062730,627 users)
      


1
          indicates a weighted score.","#61952

2
    based on the top anime page. Please note that 'Not yet aired' and 'R18+' titles are excluded.",#2738,"71,439",389,,,Godzilla Singular Point,,,MechaMecha
34,2021,spring,"Dragon, Ie wo Kau.",Dragon Goes House-Hunting,https://cdn.myanimelist.net/images/anime/1876/114021.jpg,ドラゴン、家を買う。,Dragon Goes House-Hunting,TV,12,Finished Airing,"Apr 4, 2021 to Jun 20, 2021",Spring 2021,Sundays at 22,"Pony Canyon,       Studio Mausu",Funimation,Signal.MD,Manga,"ComedyComedy,         FantasyFantasy",,ShounenShounen,23 min. per ep.,PG-13 - Teens 13 or older,"6.421 (scored by 2404924,049 users)
      


1
          indicates a weighted score.","#75722

2
    based on the top anime page. Please note that 'Not yet aired' and 'R18+' titles are excluded.",#2846,"66,488",208,"Dragon's House-Hunting, DoraIe",Ein Drache auf Wohnungsjagd,,Jeune Dragon Recherche Appartement ou Donjon,,
35,2021,spring,Seven Knights Revolution: Eiyuu no Keishousha,Seven Knights Revolution: Hero Successor,https://cdn.myanimelist.net/images/anime/1079/114017.jpg,セブンナイツ レボリューション -英雄の継承者-,Seven Knights Revolution,TV,12,Finished Airing,"Apr 5, 2021 to Jun 21, 2021",Spring 2021,Mondays at 00,"Rakuonsha,       TOHO animation","None found, add some","LIDENFILMS,       domerica",Game,"ActionAction,         AdventureAdventure,         FantasyFantasy",,,23 min. per ep.,R - 17+ (violence & profanity),"6.301 (scored by 2384023,840 users)
      


1
          indicates a weighted score.","#82732

2
    based on the top anime page. Please note that 'Not yet aired' and 'R18+' titles are excluded.",#2993,"60,795",184,,Seven Knights Revolution,Seven Knights Revolution,Seven Knights Revolution,,
36,2021,spring,Yaku nara Mug Cup mo,Let's Make a Mug Too,https://cdn.myanimelist.net/images/anime/1969/113673.jpg,やくならマグカップも,Let's Make a Mug Too,TV,12,Finished Airing,"Apr 3, 2021 to Jun 21, 2021",Spring 2021,Saturdays at 00,"CBC Television,       Planet,       Half H.P Studio,       Nippon Columbia,       81 Produce,       Tokyo MX,       BS11,       Maho Film,       Zipang","None found, add some",Nippon Animation,Manga,,"CGDCTCGDCT,         IyashikeiIyashikei,         SchoolSchool,         Visual ArtsVisual Arts",,14 min. per ep.,PG-13 - Teens 13 or older,"6.541 (scored by 1604716,047 users)
      


1
          indicates a weighted score.","#68402

2
    based on the top anime page. Please note that 'Not yet aired' and 'R18+' titles are excluded.",#3355,"48,798",135,Yakumo,Let’s Make a Mug Too,Let's Make a Mug Too,Let's Make a Mug Too,Slice of LifeSlice of Life,
37,2021,spring,Sayonara Watashi no Cramer,"Farewell, My Dear Cramer",https://cdn.myanimelist.net/images/anime/1155/111437.jpg,さよなら私のクラマー,"Farewell, My Dear Cramer",TV,13,Finished Airing,"Apr 4, 2021 to Jun 27, 2021",Spring 2021,Sundays at 23,"Kodansha,       Toy's Factory,       DMM pictures","None found, add some",LIDENFILMS,Manga,"DramaDrama,         SportsSports",,ShounenShounen,23 min. per ep.,PG-13 - Teens 13 or older,"6.101 (scored by 1602616,026 users)
      


1
          indicates a weighted score.","#93712

2
    based on the top anime page. Please note that 'Not yet aired' and 'R18+' titles are excluded.",#3556,"44,257",134,"Good-bye, Cramer","Farewell, My Dear Cramer","Farewell, My Dear Cramer","Farewell, My Dear Cramer",,Team SportsTeam Sports
38,2021,spring,Blue Reflection Ray,,https://cdn.myanimelist.net/images/anime/1634/114551.jpg,BLUE REFLECTION RAY/澪,Blue Reflection Ray,TV,24,Finished Airing,"Apr 10, 2021 to Sep 25, 2021",Spring 2021,Saturdays at 01,"Mainichi Broadcasting System,       Magic Capsule,       DMM pictures",Funimation,J.C.Staff,Game,,"Mahou ShoujoMahou Shoujo,         SchoolSchool",,24 min. per ep.,PG-13 - Teens 13 or older,"5.861 (scored by 71507,150 users)
      


1
          indicates a weighted score.","#106432

2
    based on the top anime page. Please note that 'Not yet aired' and 'R18+' titles are excluded.",#4198,"31,502",106,,,,,FantasyFantasy,
39,2021,spring,Fairy Ranmaru: Anata no Kokoro Otasuke Shimasu,,https://cdn.myanimelist.net/images/anime/1476/114026.jpg,Fairy蘭丸~あなたの心お助けします~,,TV,12,Finished Airing,"Apr 8, 2021 to Jun 24, 2021",Spring 2021,Thursdays at 23,Pony Canyon,"None found, add some",Studio Comet,Original,"ActionAction,         FantasyFantasy,         Slice of LifeSlice of Life",,,23 min. per ep.,PG-13 - Teens 13 or older,"5.911 (scored by 61316,131 users)
      


1
          indicates a weighted score.","#103832

2
    based on the top anime page. Please note that 'Not yet aired' and 'R18+' titles are excluded.",#4575,"26,451",166,,Fairy Ranmaru,Fairy Ranmaru,Fairy Ranmaru,,
40,2021,spring,Cestvs: The Roman Fighter,,https://cdn.myanimelist.net/images/anime/1291/114014.jpg,セスタス-The Roman Fighter-,,TV,11,Finished Airing,"Apr 15, 2021 to Jun 24, 2021",Spring 2021,Thursdays at 00,"Hakusensha,       Fuji TV,       Bandai,       Bandai Namco Live Creative,       BS Fuji,       Hakuhodo DY Media Partners,       Bandai Spirits","None found, add some",Bandai Namco Pictures,Manga,"ActionAction,         DramaDrama",,SeinenSeinen,22 min. per ep.,PG-13 - Teens 13 or older,"5.951 (scored by 80318,031 users)
      


1
          indicates a weighted score.","#101912

2
    based on the top anime page. Please note that 'Not yet aired' and 'R18+' titles are excluded.",#5002,"21,343",86,"Kentou Ankokuden Cestv, Cestus",,,,,HistoricalHistorical
41,2021,spring,Cardfight!! Vanguard: overDress,,https://cdn.myanimelist.net/images/anime/1520/113748.jpg,カードファイト!! ヴァンガード overDress,,TV,12,Finished Airing,"Apr 3, 2021 to Jun 26, 2021",Spring 2021,Saturdays at 08,Bushiroad,Sentai Filmworks,"Kinema Citrus,       GIFTanimation,       Studio Jemi",Original,,,,24 min. per ep.,PG-13 - Teens 13 or older,"5.971 (scored by 56025,602 users)
      


1
          indicates a weighted score.","#100462

2
    based on the top anime page. Please note that 'Not yet aired' and 'R18+' titles are excluded.",#5482,"16,842",68,Cardfight!! Vanguard,,,,ComedyComedy,Strategy GameStrategy Game
42,2021,spring,Battle Athletess Daiundoukai ReSTART!,Battle Athletes Victory ReSTART!,https://cdn.myanimelist.net/images/anime/1752/113795.jpg,バトルアスリーテス 大運動会ReSTART!,Battle Athletes Victory ReSTART!,TV,12,Finished Airing,"Apr 11, 2021 to Jun 27, 2021",Spring 2021,Sundays at 01,"TV Asahi,       Nippon Columbia,       KlockWorx,       BS Fuji,       Wolfsbane,       SUPA LOVE,       Starry Cube,       TV Asahi Music,       tamakoshi,       CTW,       FUTURE LEAP ,       AIC RIGHTS",Funimation,Seven,Original,"AdventureAdventure,         ComedyComedy,         Sci-FiSci-Fi,         SportsSports",,,23 min. per ep.,PG-13 - Teens 13 or older,"5.111 (scored by 27932,793 users)
      


1
          indicates a weighted score.","#130762

2
    based on the top anime page. Please note that 'Not yet aired' and 'R18+' titles are excluded.",#7115,"8,831",13,,Battle Atheletes Victory ReSTART!,,Battle Atheletes Victory ReSTART!,,SchoolSchool
43,2021,spring,Itazuraguma no Gloomy,GLOOMY The Naughty Grizzly,https://cdn.myanimelist.net/images/anime/1289/113575.jpg,いたずらぐまのグル～ミ～,GLOOMY The Naughty Grizzly,TV,12,Finished Airing,"Apr 12, 2021 to Jun 28, 2021",Spring 2021,Mondays at 23,"Contents Seed,       Mixer","None found, add some",NAZ,Other,,,,1 min. per ep.,R - 17+ (violence & profanity),"5.281 (scored by 40974,097 users)
      


1
          indicates a weighted score.","#127322

2
    based on the top anime page. Please note that 'Not yet aired' and 'R18+' titles are excluded.",#7161,"8,656",44,,,,,ComedyComedy,GoreGore
44,2021,spring,Yuuki Yuuna wa Yuusha de Aru Churutto!,Yuki Yuna is a Hero - Churutto!,https://cdn.myanimelist.net/images/anime/1827/107735.jpg,結城友奈は勇者である ちゅるっと！,Yuki Yuna is a Hero - Churutto!,TV,12,Finished Airing,"Apr 10, 2021 to Jun 26, 2021",Spring 2021,Saturdays at 01,Mainichi Broadcasting System,Sentai Filmworks,"W-Toon Studio,       DMM.futureworks",Game,,,,1 min. per ep.,PG-13 - Teens 13 or older,"6.041 (scored by 16001,600 users)
      


1
          indicates a weighted score.","#97152

2
    based on the top anime page. Please note that 'Not yet aired' and 'R18+' titles are excluded.",#7557,"7,524",22,,,,,ComedyComedy,Mahou ShoujoMahou Shoujo
45,2021,spring,Shikaru Neko,,https://cdn.myanimelist.net/images/anime/1008/113384.jpg,しかるねこ,,TV,Unknown,Currently Airing,"Mar 22, 2021 to ?",Spring 2021,Unknown,"None found, add some","None found, add some","None found, add some",Manga,,,,30 sec.,G - All Ages,"N/A1 (scored by - users)
      
1
          indicates a weighted score.","#141872

2
    based on the top anime page. Please note that 'Not yet aired' and 'R18+' titles are excluded.",#11243,"2,432",17,,,,,Slice of LifeSlice of Life,
46,2021,spring,Dinosaur Biyori,,https://cdn.myanimelist.net/images/anime/1382/116139.jpg,ダイナ荘びより,,TV,26,Finished Airing,"Apr 4, 2021 to Sep 26, 2021",Spring 2021,Sundays at 00,"Aniplex,       Sony Music Entertainment,       Sony Creative Products","None found, add some",Fanworks,Original,,,,1 min. per ep.,G - All Ages,"5.971 (scored by 323323 users)
      


1
          indicates a weighted score.","#100492

2
    based on the top anime page. Please note that 'Not yet aired' and 'R18+' titles are excluded.",#11633,"2,166",16,,,,,Slice of LifeSlice of Life,
47,2021,spring,Mazica Party,,https://cdn.myanimelist.net/images/anime/1740/113501.jpg,マジカパーティ,,TV,51,Finished Airing,"Apr 4, 2021 to Mar 27, 2022",Spring 2021,Sundays at 09,"Dentsu,       TV Osaka","None found, add some",OLM,Original,,,,24 min. per ep.,G - All Ages,"5.891 (scored by 263263 users)
      


1
          indicates a weighted score.","#104902

2
    based on the top anime page. Please note that 'Not yet aired' and 'R18+' titles are excluded.",#12206,"1,805",10,,,,,FantasyFantasy,Strategy GameStrategy Game
48,2021,spring,Uchuu Nanchara Kotetsu-kun,Space Academy,https://cdn.myanimelist.net/images/anime/1226/112286.jpg,宇宙なんちゃらこてつくん,Space Academy,TV,64,Finished Airing,"Apr 7, 2021 to Feb 23, 2023",Spring 2021,Thursdays at 18,"None found, add some","None found, add some",Fanworks,Web manga,"ComedyComedy,         Sci-FiSci-Fi",,,9 min. per ep.,G - All Ages,"N/A1 (scored by - users)
      
1
          indicates a weighted score.","#150872

2
    based on the top anime page. Please note that 'Not yet aired' and 'R18+' titles are excluded.",#14749,873,3,,,,,,SpaceSpace
49,2021,spring,Hyper Positive Yogoremon,,https://cdn.myanimelist.net/images/anime/1395/114474.jpg,ハイパーボジティブよごれモン,,TV,12,Finished Airing,"Apr 18, 2021 to Jul 2, 2021",Spring 2021,Unknown,"Fuji TV,       Bandai","None found, add some",FIREBUG,Original,,,,2 min. per ep.,G - All Ages,"N/A1 (scored by - users)
      
1
          indicates a weighted score.","#214282

2
    based on the top anime page. Please note that 'Not yet aired' and 'R18+' titles are excluded.",#16759,527,3,,,,,ComedyComedy,
50,2021,spring,Utau Soccer Panda Mifanda,,https://cdn.myanimelist.net/images/anime/1296/108533.jpg,歌うサッカーパンダ ミファンダ,,TV,12,Finished Airing,"Apr 2, 2021 to Sep 9, 2021",Spring 2021,Fridays at 03,"None found, add some","None found, add some","None found, add some",Other,,,,7 min. per ep.,G - All Ages,"N/A1 (scored by - users)
      
1
          indicates a weighted score.","#151532

2
    based on the top anime page. Please note that 'Not yet aired' and 'R18+' titles are excluded.",#16976,505,1,,,,,Slice of LifeSlice of Life,MusicMusic
51,2021,spring,Ma-eum-uisoli Season 3,The Sound of Your Heart: Season 3,https://cdn.myanimelist.net/images/anime/1655/120892.jpg,마음의 소리 시즌 3,The Sound of Your Heart,TV,22,Finished Airing,"May 5, 2021 to Sep 29, 2021",Spring 2021,Wednesdays at Unknown,"None found, add some","None found, add some","None found, add some",Web manga,"ComedyComedy,         Slice of LifeSlice of Life",,,Unknown,PG-13 - Teens 13 or older,"N/A1 (scored by - users)
      
1
          indicates a weighted score.","#174272

2
    based on the top anime page. Please note that 'Not yet aired' and 'R18+' titles are excluded.",#20689,244,2,,,,,,
52,2021,spring,One Piece,,https://cdn.myanimelist.net/images/anime/1244/138851.jpg,ONE PIECE,One Piece,TV,Unknown,Currently Airing,"Oct 20, 1999 to ?",Fall 1999,Sundays at 09,"Fuji TV,       TAP,       Shueisha","Funimation,       4Kids Entertainment",Toei Animation,Manga,"ActionAction,         AdventureAdventure,         FantasyFantasy",,ShounenShounen,24 min.,PG-13 - Teens 13 or older,"8.731 (scored by 14167841,416,784 users)
      


1
          indicates a weighted score.","#502

2
    based on the top anime page. Please note that 'Not yet aired' and 'R18+' titles are excluded.",#17,"2,491,944","234,234",OP,,,,,
53,2021,spring,Boruto: Naruto Next Generations,,https://cdn.myanimelist.net/images/anime/1091/99847.jpg,BORUTO -NARUTO NEXT GENERATIONS-,Boruto,TV,293,Finished Airing,"Apr 5, 2017 to Mar 26, 2023",Spring 2017,Sundays at 17,"TV Tokyo,       Aniplex,       Rakuonsha,       Shueisha",VIZ Media,Pierrot,Manga,"ActionAction,         AdventureAdventure,         FantasyFantasy",,ShounenShounen,23 min. per ep.,PG-13 - Teens 13 or older,"6.001 (scored by 456508456,508 users)
      


1
          indicates a weighted score.","#99122

2
    based on the top anime page. Please note that 'Not yet aired' and 'R18+' titles are excluded.",#208,"894,492","7,375",,,,,,Martial ArtsMartial Arts
54,2021,spring,"Kumo desu ga, Nani ka?","So I'm a Spider, So What?",https://cdn.myanimelist.net/images/anime/1593/113724.jpg,蜘蛛ですが、なにか？,"So I'm a Spider, So What?",TV,24,Finished Airing,"Jan 8, 2021 to Jul 3, 2021",Winter 2021,Fridays at 21,"Movic,       AT-X,       Sammy,       Crunchyroll,       Kadokawa Media House,       NTT Plala,       Kadokawa","None found, add some",Millepensee,Light novel,"ActionAction,         AdventureAdventure,         ComedyComedy,         FantasyFantasy","IsekaiIsekai,         ReincarnationReincarnation",,23 min. per ep.,PG-13 - Teens 13 or older,"7.451 (scored by 250373250,373 users)
      


1
          indicates a weighted score.","#21542

2
    based on the top anime page. Please note that 'Not yet aired' and 'R18+' titles are excluded.",#502,"473,394","4,597",,"So I'm a Spider, So What?","So I'm a Spider, So What?","So I'm a Spider, So What?",,
55,2021,spring,Nanatsu no Taizai: Funnu no Shinpan,The Seven Deadly Sins: Dragon's Judgement,https://cdn.myanimelist.net/images/anime/1011/111551.jpg,七つの大罪 憤怒の審判,The Seven Deadly Sins,TV,24,Finished Airing,"Jan 13, 2021 to Jun 23, 2021",Winter 2021,Wednesdays at 17,TV Tokyo,"None found, add some",Studio Deen,Manga,"ActionAction,         AdventureAdventure,         FantasyFantasy",,ShounenShounen,24 min. per ep.,PG-13 - Teens 13 or older,"6.571 (scored by 215880215,880 users)
      


1
          indicates a weighted score.","#66732

2
    based on the top anime page. Please note that 'Not yet aired' and 'R18+' titles are excluded.",#533,"451,468","1,582",Nanatsu no Taizai,,,,,
56,2021,spring,Meitantei Conan,Case Closed,https://cdn.myanimelist.net/images/anime/7/75199.jpg,名探偵コナン,Case Closed,TV,Unknown,Currently Airing,"Jan 8, 1996 to ?",Winter 1996,Saturdays at 18,"Yomiuri Telecasting,       Shogakukan,       Audio Planning U,       Tokyo Movie,       Polydor Records","Funimation,       Crunchyroll",TMS Entertainment,Manga,"AdventureAdventure,         ComedyComedy,         MysteryMystery",,ShounenShounen,24 min.,PG-13 - Teens 13 or older,"8.171 (scored by 164197164,197 users)
      


1
          indicates a weighted score.","#4352

2
    based on the top anime page. Please note that 'Not yet aired' and 'R18+' titles are excluded.",#703,"360,470","15,311",Detective Conan,Case Closed,,,,DetectiveDetective
57,2021,spring,Kingdom 3rd Season,Kingdom: Season 3,https://cdn.myanimelist.net/images/anime/1443/111830.jpg,キングダム 第3シリーズ,Kingdom,TV,26,Finished Airing,"Apr 6, 2020 to Oct 17, 2021",Spring 2020,Mondays at 00,Shueisha,Funimation,"Pierrot,       Studio Signpost",Manga,,"HistoricalHistorical,         MilitaryMilitary",SeinenSeinen,25 min. per ep.,R - 17+ (violence & profanity),"8.831 (scored by 4576645,766 users)
      


1
          indicates a weighted score.","#302

2
    based on the top anime page. Please note that 'Not yet aired' and 'R18+' titles are excluded.",#2033,"113,997","2,347",,,,,ActionAction,
58,2021,spring,Crayon Shin-chan,Shin Chan,https://cdn.myanimelist.net/images/anime/10/59897.jpg,クレヨンしんちゃん,Shin Chan,TV,Unknown,Currently Airing,"Apr 13, 1992 to ?",Spring 1992,Fridays at 19,TV Asahi,Funimation,Shin-Ei Animation,Manga,"ComedyComedy,         EcchiEcchi",,SeinenSeinen,21 min.,G - All Ages,"7.801 (scored by 4214242,142 users)
      


1
          indicates a weighted score.","#10282

2
    based on the top anime page. Please note that 'Not yet aired' and 'R18+' titles are excluded.",#2398,"87,940","1,329",,Shin Chan,Shin Chan,,,SchoolSchool
59,2021,spring,Dragon Quest: Dai no Daibouken (2020),Dragon Quest: The Adventure of Dai,https://cdn.myanimelist.net/images/anime/1499/109126.jpg,ドラゴンクエスト ダイの大冒険,Dragon Quest,TV,100,Finished Airing,"Oct 3, 2020 to Oct 22, 2022",Fall 2020,Saturdays at 09,"TV Tokyo,       Square Enix,       Shueisha","None found, add some",Toei Animation,Manga,"ActionAction,         AdventureAdventure,         FantasyFantasy",,ShounenShounen,24 min. per ep.,PG-13 - Teens 13 or older,"7.731 (scored by 2596225,962 users)
      


1
          indicates a weighted score.","#12182

2
    based on the top anime page. Please note that 'Not yet aired' and 'R18+' titles are excluded.",#2613,"76,566",644,Dragon Quest,Dragon Quest,Dragon Quest,Dragon Quest,,
60,2021,spring,Back Arrow,,https://cdn.myanimelist.net/images/anime/1373/111546.jpg,バック・アロウ,Back Arrow,TV,24,Finished Airing,"Jan 9, 2021 to Jun 19, 2021",Winter 2021,Saturdays at 00,"Aniplex,       Movic,       BS11,       ABC Animation,       Legs,       Bandai Spirits",Funimation,Studio VOLN,Original,"ActionAction,         FantasyFantasy",,,23 min. per ep.,R+ - Mild Nudity,"6.331 (scored by 1430414,304 users)
      


1
          indicates a weighted score.","#80742

2
    based on the top anime page. Please note that 'Not yet aired' and 'R18+' titles are excluded.",#3597,"43,269",103,,,,,,MechaMecha
61,2021,spring,Maiko-san Chi no Makanai-san,Kiyo in Kyoto: From the Maiko House,https://cdn.myanimelist.net/images/anime/1355/111545.jpg,舞妓さんちのまかないさん,Kiyo in Kyoto,TV,12,Finished Airing,"Feb 25, 2021 to Jan 27, 2022",Winter 2021,Thursdays at 08,"NHK,       NHK Enterprises","None found, add some",J.C.Staff,Manga,"GourmetGourmet,         Slice of LifeSlice of Life","EducationalEducational,         IyashikeiIyashikei,         WorkplaceWorkplace",ShounenShounen,25 min. per ep.,PG-13 - Teens 13 or older,"7.031 (scored by 47014,701 users)
      


1
          indicates a weighted score.","#42532

2
    based on the top anime page. Please note that 'Not yet aired' and 'R18+' titles are excluded.",#5166,"19,674",68,The caterer at the Maiko Manor,Kiyo in Kyoto,Kiyo in Kyoto,Kiyo in Kyoto,,
62,2021,spring,Yu☆Gi☆Oh! Sevens,Yu-Gi-Oh! Sevens,https://cdn.myanimelist.net/images/anime/1148/106883.jpg,遊☆戯☆王 SEVENS,Yu-Gi-Oh! Sevens,TV,92,Finished Airing,"Apr 4, 2020 to Mar 27, 2022",Spring 2020,Saturdays at 07,"TV Tokyo,       Konami,       Shueisha,       Konami Cross Media NY","None found, add some",Bridge,Card game,"ActionAction,         FantasyFantasy",,ShounenShounen,24 min. per ep.,PG-13 - Teens 13 or older,"6.201 (scored by 49084,908 users)
      


1
          indicates a weighted score.","#88642

2
    based on the top anime page. Please note that 'Not yet aired' and 'R18+' titles are excluded.",#5260,"18,794",88,Yuu Gi Ou!,,,,,Strategy GameStrategy Game
63,2021,spring,Tropical-Rouge! Precure,Tropical-Rouge! Pretty Cure,https://cdn.myanimelist.net/images/anime/1184/110907.jpg,トロピカル～ジュ！プリキュア,Tropical-Rouge! Pretty Cure,TV,46,Finished Airing,"Feb 28, 2021 to Jan 30, 2022",Winter 2021,Sundays at 08,"ABC Animation,       ADK Emotions","None found, add some",Toei Animation,Original,,,,24 min. per ep.,G - All Ages,"7.391 (scored by 45434,543 users)
      


1
          indicates a weighted score.","#23982

2
    based on the top anime page. Please note that 'Not yet aired' and 'R18+' titles are excluded.",#5864,"14,126",147,,TROPICAL-ROUGE! PRETTY CURE,TROPICAL-ROUGE! PRETTY CURE,TROPICAL-ROUGE! PRETTY CURE,ActionAction,Mahou ShoujoMahou Shoujo
64,2021,spring,Sazae-san,Mrs. Sazae,https://cdn.myanimelist.net/images/anime/1008/98996.jpg,サザエさん,Mrs. Sazae,TV,Unknown,Currently Airing,"Oct 5, 1969 to ?",Fall 1969,Sundays at 18,Fuji TV,"None found, add some",Eiken,4-koma manga,"ComedyComedy,         Slice of LifeSlice of Life",,,24 min.,G - All Ages,"6.141 (scored by 19341,934 users)
      


1
          indicates a weighted score.","#91842

2
    based on the top anime page. Please note that 'Not yet aired' and 'R18+' titles are excluded.",#7123,"8,791",39,,,,,,
65,2021,spring,D4DJ Petit Mix,,https://cdn.myanimelist.net/images/anime/1089/113814.jpg,ぷっちみく♪,D4DJ Petit Mix,TV,26,Finished Airing,"Feb 5, 2021 to Jul 30, 2021",Winter 2021,Fridays at 23,"None found, add some","None found, add some","W-Toon Studio,       DMM.futureworks",Mixed media,,,,3 min. per ep.,PG-13 - Teens 13 or older,"6.981 (scored by 30183,018 users)
      


1
          indicates a weighted score.","#44742

2
    based on the top anime page. Please note that 'Not yet aired' and 'R18+' titles are excluded.",#7611,"7,389",27,Pucchimiku D4DJ Petit Mix,,,,ComedyComedy,MusicMusic
66,2021,spring,Chibi Maruko-chan (1995),Little Miss Maruko,https://cdn.myanimelist.net/images/anime/1108/100604.jpg,ちびまる子ちゃん,Little Miss Maruko,TV,Unknown,Currently Airing,"Jan 8, 1995 to ?",Winter 1995,Sundays at 18,"Ajia-do,       Fuji TV,       Sakura Production","None found, add some",Nippon Animation,Manga,,,ShoujoShoujo,23 min.,G - All Ages,"7.341 (scored by 21732,173 users)
      


1
          indicates a weighted score.","#26382

2
    based on the top anime page. Please note that 'Not yet aired' and 'R18+' titles are excluded.",#7913,"6,750",61,Maruko-chan,,Chibi Maruko-chan,,ComedyComedy,SchoolSchool
67,2021,spring,Rebirth,,https://cdn.myanimelist.net/images/anime/1640/115820.jpg,りばあす,,TV,48,Finished Airing,"Jan 5, 2020 to Jun 23, 2021",Winter 2020,Wednesdays at 01,LIDENFILMS,"None found, add some",LIDENFILMS Osaka Studio,Card game,,,,3 min. per ep.,PG-13 - Teens 13 or older,"5.841 (scored by 937937 users)
      


1
          indicates a weighted score.","#107232

2
    based on the top anime page. Please note that 'Not yet aired' and 'R18+' titles are excluded.",#9188,"4,582",3,,,,,ComedyComedy,Strategy GameStrategy Game
68,2021,spring,Aikatsu Planet!,,https://cdn.myanimelist.net/images/anime/1319/111189.jpg,アイカツプラネット！,,TV,24,Finished Airing,"Jan 10, 2021 to Jun 27, 2021",Winter 2021,Sundays at 07,Sunrise Music,"None found, add some",Bandai Namco Pictures,Game,,"Idols (Female)Idols (Female),         MusicMusic,         SchoolSchool",,10 min. per ep.,PG - Children,"6.551 (scored by 12641,264 users)
      


1
          indicates a weighted score.","#67832

2
    based on the top anime page. Please note that 'Not yet aired' and 'R18+' titles are excluded.",#9406,"4,256",27,,,,,Slice of LifeSlice of Life,
69,2021,spring,Bonobono (TV 2016),Bono Bono,https://cdn.myanimelist.net/images/anime/13/77617.jpg,ぼのぼの,Bono Bono,TV,Unknown,Currently Airing,"Apr 2, 2016 to ?",Spring 2016,Saturdays at 04,"Fuji TV,       Glovision","None found, add some",Eiken,4-koma manga,"ComedyComedy,         Slice of LifeSlice of Life",,,5 min.,G - All Ages,"6.371 (scored by 759759 users)
      


1
          indicates a weighted score.","#78892

2
    based on the top anime page. Please note that 'Not yet aired' and 'R18+' titles are excluded.",#10226,"3,275",19,,Bono Bono,Bono Bono,Bono Bono,,AnthropomorphicAnthropomorphic
70,2021,spring,Kiratto Pri☆chan Season 3,,https://cdn.myanimelist.net/images/anime/1500/105552.jpg,キラッとプリ☆チャン シーズン3,,TV,51,Finished Airing,"Apr 5, 2020 to May 30, 2021",Spring 2020,Sundays at 10,syn Sophia,"None found, add some",Tatsunoko Production,Game,,"Idols (Female)Idols (Female),         MusicMusic",,24 min. per ep.,PG - Children,"7.231 (scored by 972972 users)
      


1
          indicates a weighted score.","#32122

2
    based on the top anime page. Please note that 'Not yet aired' and 'R18+' titles are excluded.",#10519,"3,008",11,Kiratto Pri☆chan 3rd Season,,,,ComedyComedy,
71,2021,spring,Okashi na Sabaku no Suna to Manu,,https://cdn.myanimelist.net/images/anime/1208/111257.jpg,おかしなさばくのスナとマヌ,,TV,50,Finished Airing,"Feb 14, 2021 to Feb 2, 2022",Winter 2021,Sundays at 03,CHANCE iN,"None found, add some",Kachidoki Studio,Manga,,,,1 min. per ep.,PG - Children,"5.711 (scored by 227227 users)
      


1
          indicates a weighted score.","#113232

2
    based on the top anime page. Please note that 'Not yet aired' and 'R18+' titles are excluded.",#12330,"1,729",6,,,,,ComedyComedy,
72,2021,spring,Seizei Ganbare! Mahou Shoujo Kurumi 3rd Season,,https://cdn.myanimelist.net/images/anime/1097/108552.jpg,せいぜいがんばれ！魔法少女くるみ,,TV,25,Finished Airing,"Oct 7, 2020 to Sep 29, 2021",Fall 2020,Wednesdays at 23,Lantis,"None found, add some",Pie in the sky,Original,,"Mahou ShoujoMahou Shoujo,         ParodyParody",,4 min. per ep.,G - All Ages,"6.301 (scored by 153153 users)
      


1
          indicates a weighted score.","#82712

2
    based on the top anime page. Please note that 'Not yet aired' and 'R18+' titles are excluded.",#13185,"1,333",2,,,,,,
73,2021,spring,Kamiusagi Rope: Warau Asa ni wa Fukuraitaru tte Maji ssuka!?,,https://cdn.myanimelist.net/images/anime/6/72182.jpg,紙兎ロペ 〜笑う朝には福来たるってマジっすか!?,,TV,Unknown,Currently Airing,"Nov 16, 2012 to ?",Fall 2012,Not scheduled once per week,"None found, add some","None found, add some","None found, add some",Original,"ComedyComedy,         Slice of LifeSlice of Life",,,2 min.,G - All Ages,"N/A1 (scored by - users)
      
1
          indicates a weighted score.","#167992

2
    based on the top anime page. Please note that 'Not yet aired' and 'R18+' titles are excluded.",#13282,"1,294",0,Kamiusagi Rope 4,,,,,
74,2021,spring,Shiawase Haitatsu Taneko,,https://cdn.myanimelist.net/images/anime/2/28900.jpg,しあわせ配達おみくじタネコ,,TV,Unknown,Currently Airing,"Mar 26, 2011 to ?",Spring 2011,Not scheduled once per week,"None found, add some","None found, add some",Kachidoki Studio,Original,,,,Unknown,None,"N/A1 (scored by - users)
      
1
          indicates a weighted score.","#141742

2
    based on the top anime page. Please note that 'Not yet aired' and 'R18+' titles are excluded.",#14312,980,4,,,,,ComedyComedy,
75,2021,spring,Kaoru no Taisetsu na Mono,,https://cdn.myanimelist.net/images/anime/1352/109736.jpg,カオルの大切なモノ,,TV,50,Finished Airing,"Nov 18, 2020 to Oct 27, 2021",Fall 2020,Wednesdays at 23,CHANCE iN,"None found, add some",Kachidoki Studio,Original,,,,1 min. per ep.,G - All Ages,"N/A1 (scored by - users)
      
1
          indicates a weighted score.","#168212

2
    based on the top anime page. Please note that 'Not yet aired' and 'R18+' titles are excluded.",#15752,658,0,,,,,ComedyComedy,
76,2021,spring,Manul no Yuube,,https://cdn.myanimelist.net/images/anime/1980/96936.jpg,マヌ～ルのゆうべ,,TV,Unknown,Currently Airing,"Nov 11, 2018 to ?",Fall 2018,Sundays at Unknown,NHK,"None found, add some","None found, add some",Web manga,,,,1 min.,PG-13 - Teens 13 or older,"N/A1 (scored by - users)
      
1
          indicates a weighted score.","#175272

2
    based on the top anime page. Please note that 'Not yet aired' and 'R18+' titles are excluded.",#15779,654,1,,,,,Slice of LifeSlice of Life,
77,2021,spring,Shin Nippon History,,https://cdn.myanimelist.net/images/anime/1433/134811.jpg,新ニッポンヒストリー,,TV,Unknown,Currently Airing,"Jan 6, 2020 to ?",Winter 2020,Mondays at 01,"None found, add some","None found, add some","None found, add some",Original,,,,23 min.,G - All Ages,"N/A1 (scored by - users)
      
1
          indicates a weighted score.","#142292

2
    based on the top anime page. Please note that 'Not yet aired' and 'R18+' titles are excluded.",#18532,377,0,Shin Nippon History,,,,ComedyComedy,HistoricalHistorical
78,2021,spring,Kintamani Dog,,https://cdn.myanimelist.net/images/anime/1815/120757.jpg,キンタマーニドッグ,,TV,50,Finished Airing,"Jan 14, 2021 to Dec 26, 2021",Winter 2021,Unknown,"None found, add some","None found, add some",Kachidoki Studio,Original,,,,1 min. per ep.,G - All Ages,"N/A1 (scored by - users)
      
1
          indicates a weighted score.","#169512

2
    based on the top anime page. Please note that 'Not yet aired' and 'R18+' titles are excluded.",#20666,245,0,,,,,Slice of LifeSlice of Life,
79,2021,spring,In:App,,https://cdn.myanimelist.net/images/anime/1671/139079.jpg,인앱,,TV,56,Finished Airing,"Nov 21, 2020 to Dec 18, 2021",Fall 2020,Unknown,"None found, add some","None found, add some",ANYZAC,Original,"ActionAction,         ComedyComedy",,,7 min. per ep.,G - All Ages,"N/A1 (scored by - users)
      
1
          indicates a weighted score.","#214802

2
    based on the top anime page. Please note that 'Not yet aired' and 'R18+' titles are excluded.",#23685,117,0,,,,,,AnthropomorphicAnthropomorphic
